claim_id,family,current_status,claim,current_evidence_mode,current_readiness,testability_class,proposed_operational_label,operational_definition,primary_data_source,required_fields,leakage_risks,likely_blockers,estimated_sample_power_need,power_bucket,ready_for_powered_test,next_experiment_bead,target_wiki_page,completion_evidence,notes
ch16-seven-card-hand-total,hand odds,supported,"There are 1,184,040 possible seven-domino hands from a double-six set.",exact enumeration,enumeration; report-only,deterministic_static_fixture,ch16_seven_card_hand_total,"C(28, 7) over the standard double-six tile set. Next test: Use as denominator fixture for generated-deal audits.",w42/odds_ruleset_claim_validation/,standard double-six tile set; seven-card hand enumeration,No live-model leakage; fixture is exact public math.,No blocker for fixture use; blocker only applies if promoted into policy advice.,Exact enumeration; no statistical power needed beyond generated-corpus audit.,fixture_only,fixture_only,fixture; no powered bead,wiki/experiments/w42-odds-ruleset-claim-validation.md; wiki/experiments/winning42-ch16-statistical-odds.md,"Regenerate exact fixture, validate row count/percentages, and keep as report-only support unless a separate policy test exists.","Current ledger result: C(28, 7) = 1,184,040."
ch16-suit-void-frequency,void frequencies,supported,Seven-card hands have the stated rough suit-coverage and void frequencies.,exact enumeration,enumeration; report-only,deterministic_static_fixture,ch16_suit_void_frequency,Exhaustive count of represented pips and void suits in all seven-domino hands. Next test: Add generated-corpus chi-square audit if deal manifests become available.,w42/odds_ruleset_claim_validation/,standard double-six tile set; seven-card hand enumeration; generated-deal manifests for audit,No live-model leakage; fixture is exact public math.,No blocker for fixture use; blocker only applies if promoted into policy advice.,Exact enumeration; optional generated-corpus chi-square audit.,fixture_only,fixture_only,fixture; no powered bead,wiki/experiments/w42-odds-ruleset-claim-validation.md; wiki/experiments/winning42-ch16-statistical-odds.md,"Regenerate exact fixture, validate row count/percentages, and keep as report-only support unless a separate policy test exists.",Current ledger result: 7 suits represented / 0 voids = 42.314%; 6 suits represented / 1 voids = 46.982%; 5 suits represented / 2 voids = 10.349%; 4 suits represented / 3 voids = 0.355%
ch16-double-count-frequency,double-count odds,supported,The book's double-count odds match exact enumeration within rounding.,exact enumeration,enumeration; report-only,deterministic_static_fixture,ch16_double_count_frequency,Exhaustive count of doubles in all seven-domino hands. Next test: Package as stable odds fixture if w42 promotes reusable odds tables.,w42/odds_ruleset_claim_validation/,standard double-six tile set; seven-card hand enumeration,No live-model leakage; fixture is exact public math.,No blocker for fixture use; blocker only applies if promoted into policy advice.,Exact enumeration; no statistical power needed beyond regression fixture checks.,fixture_only,fixture_only,fixture; no powered bead,wiki/experiments/w42-odds-ruleset-claim-validation.md; wiki/experiments/w42-phase2-statistics-claims-ledger.md,"Regenerate exact fixture, validate row count/percentages, and keep as report-only support unless a separate policy test exists.",Current ledger result: 0 doubles = 9.821%; 1 doubles = 32.081%; 2 doubles = 36.091%; 3 doubles = 17.692%; 4 doubles = 3.931%; 5 doubles = 0.372%; 6 doubles = 0.012%; 7 doubles = 0.000084%
ch16-modal-two-doubles-one-void,hand odds,supported,The modal joint hand-shape bucket is two doubles and one void suit.,exact enumeration,enumeration; report-only,deterministic_static_fixture,ch16_modal_two_doubles_one_void,Joint bucket count over double_count and void_count. Next test: Check whether generated corpora reproduce the same modal bucket.,w42/odds_ruleset_claim_validation/,standard double-six tile set; seven-card hand enumeration,No live-model leakage; fixture is exact public math.,No blocker for fixture use; blocker only applies if promoted into policy advice.,Exact enumeration; no statistical power needed beyond generated-corpus audit.,fixture_only,fixture_only,fixture; no powered bead,wiki/experiments/w42-odds-ruleset-claim-validation.md; wiki/experiments/winning42-ch16-statistical-odds.md,"Regenerate exact fixture, validate row count/percentages, and keep as report-only support unless a separate policy test exists.","Current ledger result: double_count=2, void_count=1: 213,255 hands (18.011%)."
ch16-four-trump-missing-second,four-trump odds,supported,"With four trumps including the double but missing the second-highest trump, the setter double-up risk is 10 of 27 assignments.",exact assignment enumeration,enumeration; report-only,static_substrate_fixture_plus_auction_followup,ch16_four_trump_missing_second,"Assign the three missing trumps independently to partner, left opponent, or right opponent, with partner not counted as a setter threat. Next test: Run paired boss-first versus low-trump forge rollouts by bid margin, count, and score.",w42/odds_ruleset_claim_validation/; future paired opening-line rollout corpus,trump declaration; missing trump identities; holder assignment model; opening action alternatives; bid margin for tactical tests,Holder assignment is an offline prior; action choice cannot use true missing-trump owners.,Real bid margin and auction counterfactuals are missing from current fixed-bid artifacts.,Exact assignment is fixed; tactical boss-first claims need paired opening-line rollouts by bid margin and score.,fixture_plus_rollout,fixture_only,t42-0b4l.5,wiki/experiments/w42-odds-ruleset-claim-validation.md; wiki/experiments/winning42-ch16-statistical-odds.md,"Regenerate exact fixture, validate row count/percentages, and keep as report-only support unless a separate policy test exists.",Current ledger result: 10 / 27 = 37.037%.
ch16-four-trump-missing-next-two,four-trump odds,supported,"With four trumps including the double but missing the next two highest trumps, the setter double-up risk is 14 of 27 assignments.",exact assignment enumeration,enumeration; report-only,static_substrate_fixture_plus_auction_followup,ch16_four_trump_missing_next_two,"Same 27-assignment model as the missing-second claim. Next test: Run paired rollouts split by trump-count domino, off protection, bid margin, and score.",w42/odds_ruleset_claim_validation/; future paired opening-line rollout corpus,trump declaration; missing trump identities; holder assignment model; opening action alternatives; bid margin for tactical tests,Holder assignment is an offline prior; action choice cannot use true missing-trump owners.,Real bid margin and auction counterfactuals are missing from current fixed-bid artifacts.,Exact assignment is fixed; tactical boss-first claims need paired opening-line rollouts by bid margin and score.,fixture_plus_rollout,fixture_only,t42-0b4l.5,wiki/experiments/w42-odds-ruleset-claim-validation.md; wiki/experiments/winning42-ch16-statistical-odds.md,"Regenerate exact fixture, validate row count/percentages, and keep as report-only support unless a separate policy test exists.",Current ledger result: 14 / 27 = 51.852%.
ch16-four-trump-boss-first-policy,four-trump tactics,underpowered,The exact four-trump odds imply the recommended first lead is strategically optimal.,unsupported strategy inference,oracle; w42; burl,auction_or_bid_margin_data_needed,ch16_four_trump_boss_first_policy,No paired action-value rollout is present in the available artifacts. Next test: Run forge E[Q] counterfactuals for boss-first versus low-trump lines.,future paired boss-first versus low-trump rollout corpus,opening-lead alternatives; trump hierarchy; off protection; score; bid margin; paired E[Q] rollout labels,Paired rollout outcomes and hidden holders are labels only.,Real bid margin and auction counterfactuals are missing from current fixed-bid artifacts.,Needs paired boss-first/low-trump E[Q] rollouts; target >=500 matched four-trump opening states.,new_rollout_data,needs_generation,t42-0b4l.5,wiki/experiments/w42-bidding-risk-budget-claim-validation.md; wiki/experiments/winning42-ch16-statistical-odds.md,Auction-aware or paired bid-margin dataset with make/set or regret CIs by risk bucket and explicit separation of static hand strength from bid strategy.,"Current ledger result: Odds substrate is exact, but the policy claim is untested."
ch16-partner-two-plus-doubles-prior,partner-help odds,context-limited,A random partner hand has a decent chance of containing at least two doubles.,exact unconditional prior,enumeration; oracle,auction_or_bid_margin_data_needed,ch16_partner_two_plus_doubles_prior,Sum exact double-count buckets for two or more doubles. Next test: Compute conditional partner-double priors by bidder off count and correlate with make/set or regret.,w42/odds_ruleset_claim_validation/; future conditional partner-help simulation,bidder hand/off structure; partner hand distribution; conditional helper-double ownership; make/set or regret labels,True partner hand content is an offline label unless inferred from legal public evidence.,Real bid margin and auction counterfactuals are missing from current fixed-bid artifacts.,Needs conditional partner-help simulation; target >=1000 bidder hand shapes per off/double bucket.,conditional_sim,needs_generation,t42-0b4l.5,wiki/experiments/w42-odds-ruleset-claim-validation.md; wiki/experiments/winning42-ch16-statistical-odds.md,Auction-aware or paired bid-margin dataset with make/set or regret CIs by risk bucket and explicit separation of static hand strength from bid strategy.,Current ledger result: P(random hand has >=2 doubles) = 58.099%.
ch02-fixed-suit-trump-count-prior,trump counts,supported,Fixed pip-trump candidate declarations have a measurable exact trump-count distribution.,exact enumeration,enumeration; report-only,static_substrate_fixture_plus_auction_followup,ch02_fixed_suit_trump_count_prior,"All C(28,7) hands times seven pip-trump candidates. Next test: Add max-suit and auction-aware versions if a bidding dataset is promoted.",w42/odds_ruleset_claim_validation/; w42/bidding_risk_budget_claim_validation/,candidate trump; hand trump count; auction context; score; make/set or bid-quality labels for strategic claims,Trump count in own hand is legal; partner/opponent trump ownership is report-only unless belief-derived.,Real bid margin and auction counterfactuals are missing from current fixed-bid artifacts.,Exact trump-count priors are fixed; bidding-quality claims need auction/bid-margin data.,fixture_plus_auction,fixture_only,t42-0b4l.5,wiki/experiments/w42-odds-ruleset-claim-validation.md; wiki/experiments/w42-bidding-risk-budget-claim-validation.md,"Regenerate exact fixture, validate row count/percentages, and keep as report-only support unless a separate policy test exists.",Current ledger result: P(candidate has >=3 trumps) = 22.008%; P(candidate has >=4 trumps) = 4.316%.
ch02-three-plus-trumps-good-start,bidding risk,underpowered,Three or more trumps are enough to make a hand a good bidding start.,static detector evidence only,oracle; w42,auction_or_bid_margin_data_needed,ch02_three_plus_trumps_good_start,"Current artifacts count candidate trump shape and exposure, not auction or make/set value. Next test: Run bidding rollouts or generated auction counterfactuals.",w42/bidding_risk_budget_claim_validation/; future auction/bid-margin corpus,auction history; bid amount; bid margin; candidate declaration; score; hand exposure; make/set outcome or per-bid E[Q],"Do not feed make/set outcome, true hidden partner help, or per-bid oracle result as a live bidding feature.",Real bid margin and auction counterfactuals are missing from current fixed-bid artifacts.,Needs auction/bid-margin corpus; target multi-seed bid candidates with >=1000 make/set labels per bid-margin bucket.,new_auction_data,needs_generation,t42-0b4l.5,wiki/experiments/w42-bidding-risk-budget-claim-validation.md,Auction-aware or paired bid-margin dataset with make/set or regret CIs by risk bucket and explicit separation of static hand strength from bid strategy.,"Current ledger result: Static priors exist, but no outcome counterfactual validates the rule."
ch02-risk-budget-threshold,count exposure,underpowered,A 12-or-fewer at-risk point total is sufficient to justify bidding.,exact static enumeration,enumeration; oracle,auction_or_bid_margin_data_needed,ch02_risk_budget_threshold,Compute unique exposed count points for each hand/declaration candidate. Next test: Run auction-aware make/set or forge E[Q] bidding counterfactuals.,w42/bidding_risk_budget_claim_validation/; future auction-aware E[Q] or rollout corpus,candidate trump; side-specific off exposure; duplicate count identities; double-ahead protection; bid amount; make/set or regret labels,Duplicate/off risk can be public-hand arithmetic; hidden holder and future capture are report labels only.,Real bid margin and auction counterfactuals are missing from current fixed-bid artifacts.,Needs auction-aware outcome labels; target >=1000 candidate declarations split by exposure bucket and bid margin.,new_auction_data,needs_generation,t42-0b4l.5,wiki/experiments/w42-bidding-risk-budget-claim-validation.md,Auction-aware or paired bid-margin dataset with make/set or regret CIs by risk bucket and explicit separation of static hand strength from bid strategy.,Current ledger result: 24.477093% of candidates have <=12 exposed points; 66.971% of hands have a best static candidate with <=10 exposed points.
ch02-duplicate-count-exposure,count exposure,supported,Repeated side exposure can double-count the same count domino unless de-duplicated.,exact static enumeration,enumeration; report-only,static_substrate_fixture_plus_auction_followup,ch02_duplicate_count_exposure,Compare naive side-summed exposure with unique exposed count points. Next test: Keep as a regression fixture for risk-budget detectors.,w42/bidding_risk_budget_claim_validation/; future auction-aware E[Q] or rollout corpus,candidate trump; side-specific off exposure; duplicate count identities; double-ahead protection; bid amount; make/set or regret labels,Duplicate/off risk can be public-hand arithmetic; hidden holder and future capture are report labels only.,Real bid margin and auction counterfactuals are missing from current fixed-bid artifacts.,Needs auction-aware outcome labels; target >=1000 candidate declarations split by exposure bucket and bid margin.,new_auction_data,fixture_only,t42-0b4l.5,wiki/experiments/w42-bidding-risk-budget-claim-validation.md,"Regenerate exact fixture, validate row count/percentages, and keep as report-only support unless a separate policy test exists.",Current ledger result: 86.353972% of candidate evaluations and 97.963836% of hands have duplicate exposure under at least one candidate declaration.
ch02-strong-trump-bad-risk-trap,count exposure,context-limited,Strong-looking trump shape can still exceed the beginner risk budget because of offs.,exact static enumeration,enumeration; oracle,auction_or_bid_margin_data_needed,ch02_strong_trump_bad_risk_trap,"Flag candidate declarations with >=4 trumps and >12 unique exposed count points. Next test: Split by actual declared suit, auction pressure, and E[Q] outcome.",w42/bidding_risk_budget_claim_validation/; future auction-aware E[Q] or rollout corpus,candidate trump; side-specific off exposure; duplicate count identities; double-ahead protection; bid amount; make/set or regret labels,Duplicate/off risk can be public-hand arithmetic; hidden holder and future capture are report labels only.,Real bid margin and auction counterfactuals are missing from current fixed-bid artifacts.,Needs auction-aware outcome labels; target >=1000 candidate declarations split by exposure bucket and bid margin.,new_auction_data,needs_generation,t42-0b4l.5,wiki/experiments/w42-bidding-risk-budget-claim-validation.md,Auction-aware or paired bid-margin dataset with make/set or regret CIs by risk bucket and explicit separation of static hand strength from bid strategy.,Current ledger result: 2.927266% of candidates and 20.120773% of hands have such a candidate.
ch02-four-five-off-danger,count exposure,context-limited,Four and five offs create high count-exposure risk.,exact static enumeration,enumeration; oracle,auction_or_bid_margin_data_needed,ch02_four_five_off_danger,Detect candidate declarations with a 5-4 off or equivalent high count exposure. Next test: Run paired bidding/play outcomes for high-off exposure buckets.,w42/bidding_risk_budget_claim_validation/; future auction-aware E[Q] or rollout corpus,candidate trump; side-specific off exposure; duplicate count identities; double-ahead protection; bid amount; make/set or regret labels,Duplicate/off risk can be public-hand arithmetic; hidden holder and future capture are report labels only.,Real bid margin and auction counterfactuals are missing from current fixed-bid artifacts.,Needs auction-aware outcome labels; target >=1000 candidate declarations split by exposure bucket and bid margin.,new_auction_data,needs_generation,t42-0b4l.5,wiki/experiments/w42-bidding-risk-budget-claim-validation.md,Auction-aware or paired bid-margin dataset with make/set or regret CIs by risk bucket and explicit separation of static hand strength from bid strategy.,Current ledger result: 17.857143% of candidate evaluations and 25.0% of hands expose a 5-4-off proxy.
ch12-natural-bid-bucket-anomaly,bidding risk,underpowered,Natural bid buckets such as 30/31/35/36 can be validated from static exposed-count ceilings.,static proxy limitation,oracle; w42,auction_or_bid_margin_data_needed,ch12_natural_bid_bucket_anomaly,Compute bid ceiling as 42 minus unique exposed count points. Next test: Use generated auction logs or paired bidding rollouts.,w42/bidding_risk_budget_claim_validation/; future auction/bid-margin corpus,auction history; bid amount; bid margin; candidate declaration; score; hand exposure; make/set outcome or per-bid E[Q],"Do not feed make/set outcome, true hidden partner help, or per-bid oracle result as a live bidding feature.",Real bid margin and auction counterfactuals are missing from current fixed-bid artifacts.,Needs auction/bid-margin corpus; target multi-seed bid candidates with >=1000 make/set labels per bid-margin bucket.,new_auction_data,needs_generation,t42-0b4l.5,wiki/experiments/w42-bidding-risk-budget-claim-validation.md,Auction-aware or paired bid-margin dataset with make/set or regret CIs by risk bucket and explicit separation of static hand strength from bid strategy.,"Current ledger result: The static proxy emits only these ceiling values: 12, 17, 22, 27, 32, 37, 42."
ch02-double-side-protection,count exposure,context-limited,"A double ahead of an off reduces risk, but only for the protected side of the off.",exact static enumeration,enumeration; oracle,auction_or_bid_margin_data_needed,ch02_double_side_protection,Count side-specific exposed points that are protected by a same-pip double. Next test: Add action-sequence and follow-pressure labels.,w42/bidding_risk_budget_claim_validation/; future auction-aware E[Q] or rollout corpus,candidate trump; side-specific off exposure; duplicate count identities; double-ahead protection; bid amount; make/set or regret labels,Duplicate/off risk can be public-hand arithmetic; hidden holder and future capture are report labels only.,Real bid margin and auction counterfactuals are missing from current fixed-bid artifacts.,Needs auction-aware outcome labels; target >=1000 candidate declarations split by exposure bucket and bid margin.,new_auction_data,needs_generation,t42-0b4l.5,wiki/experiments/w42-bidding-risk-budget-claim-validation.md,Auction-aware or paired bid-margin dataset with make/set or regret CIs by risk bucket and explicit separation of static hand strength from bid strategy.,Current ledger result: 17.751479% of side-exposure points are protected by a same-pip double.
ch02-bid-only-enough,bidding risk,not-yet-tested,A bidder should bid only enough to win because excess bid amount only increases set risk.,not yet measured,oracle; w42; burl,auction_or_bid_margin_data_needed,ch02_bid_only_enough,Requires auction counterfactuals comparing unnecessary bid margin with set rate and regret. Next test: Generate auction logs or paired bid-margin E[Q] rollouts.,w42/bidding_risk_budget_claim_validation/; future auction/bid-margin corpus,auction history; bid amount; bid margin; candidate declaration; score; hand exposure; make/set outcome or per-bid E[Q],"Do not feed make/set outcome, true hidden partner help, or per-bid oracle result as a live bidding feature.",Real bid margin and auction counterfactuals are missing from current fixed-bid artifacts.,Needs auction/bid-margin corpus; target multi-seed bid candidates with >=1000 make/set labels per bid-margin bucket.,new_auction_data,needs_generation,t42-0b4l.5,wiki/experiments/w42-bidding-risk-budget-claim-validation.md,Auction-aware or paired bid-margin dataset with make/set or regret CIs by risk bucket and explicit separation of static hand strength from bid strategy.,Current ledger result: No auction-counterfactual artifact exists in the current w42 outputs.
ch09-doubles-trump-doubles-leave-native-suits,doubles/no-trump rules,supported,Under doubles-as-trump all doubles are called suit and non-doubles are not.,deterministic ruleset predicate,ruleset; report-only,deterministic_ruleset_fixture,ch09_doubles_trump_doubles_leave_native_suits,Ruleset fixture check from the doubles/no-trump validation script. Next test: Keep as a regression fixture and add paired declaration rollouts for strategy choices.,w42/doubles_no_trump_claim_validation/; ruleset code fixtures,ruleset declaration; suit-membership and follow-suit predicates; legal action fixtures,No leakage for ruleset fixtures; strategy tests still need public-only features.,No blocker for fixture use; blocker only applies if promoted into policy advice.,Rules are deterministic fixtures; tactical claims need paired regime data as above.,fixture_then_regime_data,fixture_only,t42-0b4l.8,wiki/experiments/w42-doubles-no-trump-claim-validation.md,"Regenerate exact fixture, validate row count/percentages, and keep as report-only support unless a separate policy test exists.",Current ledger result: 28 / 28 predicate cases passed; doubles become the called suit under declaration id 7.
ch09-doubles-trump-follow-suit-removal,doubles/no-trump rules,supported,A native double cannot follow its old pip suit after doubles are trump.,deterministic ruleset predicate,ruleset; report-only,deterministic_ruleset_fixture,ch09_doubles_trump_follow_suit_removal,Ruleset fixture check from the doubles/no-trump validation script. Next test: Keep as a regression fixture and add paired declaration rollouts for strategy choices.,w42/doubles_no_trump_claim_validation/; ruleset code fixtures,ruleset declaration; suit-membership and follow-suit predicates; legal action fixtures,No leakage for ruleset fixtures; strategy tests still need public-only features.,No blocker for fixture use; blocker only applies if promoted into policy advice.,Rules are deterministic fixtures; tactical claims need paired regime data as above.,fixture_then_regime_data,fixture_only,t42-0b4l.8,wiki/experiments/w42-doubles-no-trump-claim-validation.md,"Regenerate exact fixture, validate row count/percentages, and keep as report-only support unless a separate policy test exists.","Current ledger result: 7 / 7 predicate cases passed; double-pip tiles are callable trump only, not native-suit followers."
ch09-no-trump-doubles-remain-native-tops,doubles/no-trump rules,supported,"Under no-trump, doubles remain in native suits and outrank non-doubles in that suit.",deterministic ruleset predicate,ruleset; report-only,deterministic_ruleset_fixture,ch09_no_trump_doubles_remain_native_tops,Ruleset fixture check from the doubles/no-trump validation script. Next test: Keep as a regression fixture and add paired declaration rollouts for strategy choices.,w42/doubles_no_trump_claim_validation/; ruleset code fixtures,ruleset declaration; suit-membership and follow-suit predicates; legal action fixtures,No leakage for ruleset fixtures; strategy tests still need public-only features.,No blocker for fixture use; blocker only applies if promoted into policy advice.,Rules are deterministic fixtures; tactical claims need paired regime data as above.,fixture_then_regime_data,fixture_only,t42-0b4l.8,wiki/experiments/w42-doubles-no-trump-claim-validation.md,"Regenerate exact fixture, validate row count/percentages, and keep as report-only support unless a separate policy test exists.",Current ledger result: 7 / 7 predicate cases passed; standard no-trump keeps doubles as suit tops.
ch09-dual-suit-top-protection,doubles/no-trump rules,supported,Some non-doubles become top tiles in both native suits once doubles leave native suits.,deterministic ruleset predicate,ruleset; report-only,deterministic_ruleset_fixture,ch09_dual_suit_top_protection,Ruleset fixture check from the doubles/no-trump validation script. Next test: Keep as a regression fixture and add paired declaration rollouts for strategy choices.,w42/doubles_no_trump_claim_validation/; ruleset code fixtures,ruleset declaration; suit-membership and follow-suit predicates; legal action fixtures,No leakage for ruleset fixtures; strategy tests still need public-only features.,No blocker for fixture use; blocker only applies if promoted into policy advice.,Rules are deterministic fixtures; tactical claims need paired regime data as above.,fixture_then_regime_data,fixture_only,t42-0b4l.8,wiki/experiments/w42-doubles-no-trump-claim-validation.md,"Regenerate exact fixture, validate row count/percentages, and keep as report-only support unless a separate policy test exists.",Current ledger result: 1 / 1 predicate cases passed; dual-top non-doubles=6-5.
ch09-no-trump-separate-doubles-suit-variant,doubles/no-trump rules,supported,"No-trump with doubles as a separate suit is a non-standard variant gate, not standard no-trump.",deterministic ruleset predicate,ruleset; report-only,deterministic_ruleset_fixture,ch09_no_trump_separate_doubles_suit_variant,Ruleset fixture check from the doubles/no-trump validation script. Next test: Keep as a regression fixture and add paired declaration rollouts for strategy choices.,w42/doubles_no_trump_claim_validation/; ruleset code fixtures,ruleset declaration; suit-membership and follow-suit predicates; legal action fixtures,No leakage for ruleset fixtures; strategy tests still need public-only features.,No blocker for fixture use; blocker only applies if promoted into policy advice.,Rules are deterministic fixtures; tactical claims need paired regime data as above.,fixture_then_regime_data,fixture_only,t42-0b4l.8,wiki/experiments/w42-doubles-no-trump-claim-validation.md,"Regenerate exact fixture, validate row count/percentages, and keep as report-only support unless a separate policy test exists.","Current ledger result: 1 / 1 predicate cases passed; engine declaration ids: doubles-trump=7, doubles-suit variant=8, no-trump=9."
ch09-doubles-trump-candidate-4plus,doubles/no-trump odds,context-limited,Four-plus doubles are a measurable candidate gate for doubles-as-trump hands.,exact static enumeration,enumeration; oracle,static_regime_substrate_needs_paired_regime_rollout,ch09_doubles_trump_candidate_4plus,Exact hand-slice count from all seven-domino hands. Next test: Run paired doubles-trump versus no-trump rollouts.,w42/doubles_no_trump_claim_validation/; w42/branch_atlas_scaled_v0/,hand doubles; declaration regime; candidate regime alternatives; legal actions; paired regime rollout or E[Q] labels,Regime choice tests must not use counterfactual outcomes as features.,"Ruleset facts exist, but declaration choice and tactical play need paired regime rollouts.",Generate paired doubles-trump/no-trump regime decisions; target >=1000 candidate regime states and declaration-specific CIs.,new_regime_data,needs_regime_generation,t42-0b4l.8,wiki/experiments/w42-doubles-no-trump-claim-validation.md,Paired doubles-trump/no-trump declaration or play rollouts with regime-specific slices and legal-rule fixtures unchanged.,"Current ledger result: 51108 / 1184040 = 4.316408%; Four-plus doubles are rare enough to be a candidate gate, not a strategy verdict."
ch09-no-trump-support-proxy,doubles/no-trump odds,underpowered,No-trump support can be approximated by static double/off support buckets.,exact static enumeration,enumeration; oracle,static_regime_substrate_needs_paired_regime_rollout,ch09_no_trump_support_proxy,Exact hand-slice count from all seven-domino hands. Next test: Run paired doubles-trump versus no-trump rollouts.,w42/doubles_no_trump_claim_validation/; w42/branch_atlas_scaled_v0/,hand doubles; declaration regime; candidate regime alternatives; legal actions; paired regime rollout or E[Q] labels,Regime choice tests must not use counterfactual outcomes as features.,"Ruleset facts exist, but declaration choice and tactical play need paired regime rollouts.",Generate paired doubles-trump/no-trump regime decisions; target >=1000 candidate regime states and declaration-specific CIs.,new_regime_data,needs_regime_generation,t42-0b4l.8,wiki/experiments/w42-doubles-no-trump-claim-validation.md,Paired doubles-trump/no-trump declaration or play rollouts with regime-specific slices and legal-rule fixtures unchanged.,Current ledger result: 527559 / 1184040 = 44.555843%; Static proxy for no-trump support doubles; needs oracle rollout for strategy status.
ch09-regime-switch-proxy-nt-over-dt,doubles/no-trump odds,underpowered,Some four-plus-double hands are plausible no-trump-over-doubles-trump switch candidates.,exact static enumeration,enumeration; oracle,static_regime_substrate_needs_paired_regime_rollout,ch09_regime_switch_proxy_nt_over_dt,Exact hand-slice count from all seven-domino hands. Next test: Run paired doubles-trump versus no-trump rollouts.,w42/doubles_no_trump_claim_validation/; w42/branch_atlas_scaled_v0/,hand doubles; declaration regime; candidate regime alternatives; legal actions; paired regime rollout or E[Q] labels,Regime choice tests must not use counterfactual outcomes as features.,"Ruleset facts exist, but declaration choice and tactical play need paired regime rollouts.",Generate paired doubles-trump/no-trump regime decisions; target >=1000 candidate regime states and declaration-specific CIs.,new_regime_data,needs_regime_generation,t42-0b4l.8,wiki/experiments/w42-doubles-no-trump-claim-validation.md,Paired doubles-trump/no-trump declaration or play rollouts with regime-specific slices and legal-rule fixtures unchanged.,"Current ledger result: 21884 / 51108 = 42.819128%; Candidate same-hand regime-switch bucket: 4+ doubles, weak high-double coverage, and no-trump support proxy."
ch09-five-doubles-opponent-void-prior,doubles/no-trump odds,supported,"With five doubles as trumps and only two missing doubles, it is roughly 80% likely that at least one opponent cannot follow doubles.",exact conditional arithmetic,enumeration; report-only,static_regime_substrate_needs_paired_regime_rollout,ch09_five_doubles_opponent_void_prior,"Assign the two missing doubles uniformly over 21 unknown slots: partner 7, each opponent 7. Next test: Add paired declaration/play rollouts for the sample hand class.",w42/doubles_no_trump_claim_validation/; w42/branch_atlas_scaled_v0/,hand doubles; declaration regime; candidate regime alternatives; legal actions; paired regime rollout or E[Q] labels,Regime choice tests must not use counterfactual outcomes as features.,"Ruleset facts exist, but declaration choice and tactical play need paired regime rollouts.",Generate paired doubles-trump/no-trump regime decisions; target >=1000 candidate regime states and declaration-specific CIs.,new_regime_data,needs_regime_generation,t42-0b4l.8,wiki/experiments/w42-doubles-no-trump-claim-validation.md,Paired doubles-trump/no-trump declaration or play rollouts with regime-specific slices and legal-rule fixtures unchanged.,Current ledger result: 161 / 210 = 76.667%.
ch10-score-mode-objective,scoring objective,supported,Marks change the scoring objective from captured hand points to hand-level make/set marks.,deterministic scoring transform,enumeration; ruleset; report-only,deterministic_objective_fixture,ch10_score_mode_objective,"Terminal utility transform and point-vs-mark break-even comparison. Next test: Use policy-population or tournament simulation for claims about skill, speed, or advancement.",w42/scoring_objective_drift_claim_validation/; future tournament simulation,"terminal hand points; bid/contract; mark transform; match/tournament schedule for skill, speed, or advancement claims","Terminal and tournament outcomes are evaluation labels, not decision-time features.",No blocker for fixture use; blocker only applies if promoted into policy advice.,Deterministic transforms are complete; skill/speed/advancement claims need policy-population tournament simulation with match-level CIs.,simulation_needed,fixture_only,t42-0b4l.10; future tournament-simulation bead,wiki/experiments/w42-scoring-objective-drift-claim-validation.md,"Regenerate exact fixture, validate row count/percentages, and keep as report-only support unless a separate policy test exists.",Current ledger result: See scoring transform tables; caveat: Deterministic scoring algebra supports objective drift; policy optimality still needs oracle rollouts.
ch10-early-terminal-under-marks,scoring objective,supported,Marks create early terminal states once an ordinary contract is already made or impossible.,deterministic scoring transform,enumeration; ruleset; report-only,deterministic_objective_fixture,ch10_early_terminal_under_marks,"Exhaustive arithmetic over captured points and remaining count. Next test: Use policy-population or tournament simulation for claims about skill, speed, or advancement.",w42/scoring_objective_drift_claim_validation/; future tournament simulation,"terminal hand points; bid/contract; mark transform; match/tournament schedule for skill, speed, or advancement claims","Terminal and tournament outcomes are evaluation labels, not decision-time features.",No blocker for fixture use; blocker only applies if promoted into policy advice.,Deterministic transforms are complete; skill/speed/advancement claims need policy-population tournament simulation with match-level CIs.,simulation_needed,fixture_only,t42-0b4l.10; future tournament-simulation bead,wiki/experiments/w42-scoring-objective-drift-claim-validation.md,"Regenerate exact fixture, validate row count/percentages, and keep as report-only support unless a separate policy test exists.",Current ledger result: See scoring transform tables; caveat: Terminal detector ignores legal trick paths; it only proves the arithmetic condition.
ch10-nonbidder-partial-points-erased,scoring objective,supported,Marks erase defender partial-point rewards when the bidder makes an ordinary contract.,deterministic scoring transform,enumeration; ruleset; report-only,deterministic_objective_fixture,ch10_nonbidder_partial_points_erased,"Terminal utility rows where defenders capture points but receive zero marks. Next test: Use policy-population or tournament simulation for claims about skill, speed, or advancement.",w42/scoring_objective_drift_claim_validation/; future tournament simulation,"terminal hand points; bid/contract; mark transform; match/tournament schedule for skill, speed, or advancement claims","Terminal and tournament outcomes are evaluation labels, not decision-time features.",No blocker for fixture use; blocker only applies if promoted into policy advice.,Deterministic transforms are complete; skill/speed/advancement claims need policy-population tournament simulation with match-level CIs.,simulation_needed,fixture_only,t42-0b4l.10; future tournament-simulation bead,wiki/experiments/w42-scoring-objective-drift-claim-validation.md,"Regenerate exact fixture, validate row count/percentages, and keep as report-only support unless a separate policy test exists.","Current ledger result: See scoring transform tables; caveat: Supports terminal accounting, not whether defenders should chase points in a live state."
ch10-set-severity-compression,scoring objective,supported,Ordinary mark scoring compresses many point-set severities into the same one-mark result.,deterministic scoring transform,enumeration; ruleset; report-only,deterministic_objective_fixture,ch10_set_severity_compression,"Distinct ordinary point penalties collapsed to one mark on failed ordinary bids. Next test: Use policy-population or tournament simulation for claims about skill, speed, or advancement.",w42/scoring_objective_drift_claim_validation/; future tournament simulation,"terminal hand points; bid/contract; mark transform; match/tournament schedule for skill, speed, or advancement claims","Terminal and tournament outcomes are evaluation labels, not decision-time features.",No blocker for fixture use; blocker only applies if promoted into policy advice.,Deterministic transforms are complete; skill/speed/advancement claims need policy-population tournament simulation with match-level CIs.,simulation_needed,fixture_only,t42-0b4l.10; future tournament-simulation bead,wiki/experiments/w42-scoring-objective-drift-claim-validation.md,"Regenerate exact fixture, validate row count/percentages, and keep as report-only support unless a separate policy test exists.",Current ledger result: See scoring transform tables; caveat: High-bid multipliers remain distinct; live-state pursuit of extra count is untested.
ch10-special-bid-mark-multiplier,scoring objective,supported,84/126/168 scale to two/three/four marks while ordinary bids collapse to one mark.,deterministic scoring transform,enumeration; ruleset; report-only,deterministic_objective_fixture,ch10_special_bid_mark_multiplier,"Multiplier table over report bids. Next test: Use policy-population or tournament simulation for claims about skill, speed, or advancement.",w42/scoring_objective_drift_claim_validation/; future tournament simulation,"terminal hand points; bid/contract; mark transform; match/tournament schedule for skill, speed, or advancement claims","Terminal and tournament outcomes are evaluation labels, not decision-time features.",No blocker for fixture use; blocker only applies if promoted into policy advice.,Deterministic transforms are complete; skill/speed/advancement claims need policy-population tournament simulation with match-level CIs.,simulation_needed,fixture_only,t42-0b4l.10; future tournament-simulation bead,wiki/experiments/w42-scoring-objective-drift-claim-validation.md,"Regenerate exact fixture, validate row count/percentages, and keep as report-only support unless a separate policy test exists.","Current ledger result: See scoring transform tables; caveat: Validates objective scale only, not bid selection or make probability."
ch10-low-bid-score-distortion,scoring objective,supported,Low ordinary bids can create mark-score leads that overstate point-score separation.,deterministic scoring transform,enumeration; ruleset; report-only,deterministic_objective_fixture,ch10_low_bid_score_distortion,"Synthetic scoreboard replay including three barely made 30 bids. Next test: Use policy-population or tournament simulation for claims about skill, speed, or advancement.",w42/scoring_objective_drift_claim_validation/; future tournament simulation,"terminal hand points; bid/contract; mark transform; match/tournament schedule for skill, speed, or advancement claims","Terminal and tournament outcomes are evaluation labels, not decision-time features.",No blocker for fixture use; blocker only applies if promoted into policy advice.,Deterministic transforms are complete; skill/speed/advancement claims need policy-population tournament simulation with match-level CIs.,simulation_needed,fixture_only,t42-0b4l.10; future tournament-simulation bead,wiki/experiments/w42-scoring-objective-drift-claim-validation.md,"Regenerate exact fixture, validate row count/percentages, and keep as report-only support unless a separate policy test exists.",Current ledger result: See scoring transform tables; caveat: Synthetic examples validate the transform; frequency in generated or human games is unmeasured.
ch10-point-system-skill-signal,scoring objective,underpowered,Point scoring is a richer skill signal than marks.,deterministic scoring transform,enumeration; ruleset; report-only,policy_population_simulation_needed,ch10_point_system_skill_signal,"Requires policy population separation under both objectives. Next test: Use policy-population or tournament simulation for claims about skill, speed, or advancement.",w42/scoring_objective_drift_claim_validation/; future tournament simulation,"terminal hand points; bid/contract; mark transform; match/tournament schedule for skill, speed, or advancement claims","Terminal and tournament outcomes are evaluation labels, not decision-time features.",Objective transforms are deterministic; claims about skill/speed/advancement need policy-population tournament data.,Deterministic transforms are complete; skill/speed/advancement claims need policy-population tournament simulation with match-level CIs.,simulation_needed,needs_simulation_design,t42-0b4l.10; future tournament-simulation bead,wiki/experiments/w42-scoring-objective-drift-claim-validation.md,Tournament or match simulation showing skill/speed/advancement deltas with policy-population and schedule assumptions.,"Current ledger result: See scoring transform tables; caveat: No policy population, oracle arena, or human/tournament data was run."
ch10-tournament-speed-tradeoff,scoring objective,context-limited,Marks speed tournaments through early termination and shorter matches.,deterministic scoring transform,enumeration; ruleset; report-only,policy_population_simulation_needed,ch10_tournament_speed_tradeoff,"Early-terminal arithmetic plus saved-trick upper-bound table. Next test: Use policy-population or tournament simulation for claims about skill, speed, or advancement.",w42/scoring_objective_drift_claim_validation/; future tournament simulation,"terminal hand points; bid/contract; mark transform; match/tournament schedule for skill, speed, or advancement claims","Terminal and tournament outcomes are evaluation labels, not decision-time features.",Objective transforms are deterministic; claims about skill/speed/advancement need policy-population tournament data.,Deterministic transforms are complete; skill/speed/advancement claims need policy-population tournament simulation with match-level CIs.,simulation_needed,needs_simulation_design,t42-0b4l.10; future tournament-simulation bead,wiki/experiments/w42-scoring-objective-drift-claim-validation.md,Tournament or match simulation showing skill/speed/advancement deltas with policy-population and schedule assumptions.,Current ledger result: See scoring transform tables; caveat: Arithmetic supports possible saved tricks; real speed requires play-time or tournament simulation.
ch10-timed-marks-advancement-objective,scoring objective,not-yet-tested,Timed competitions can make advancement probability the real objective.,deterministic scoring transform,enumeration; ruleset; report-only,policy_population_simulation_needed,ch10_timed_marks_advancement_objective,"Tournament bracket or timed-round simulation. Next test: Use policy-population or tournament simulation for claims about skill, speed, or advancement.",w42/scoring_objective_drift_claim_validation/; future tournament simulation,"terminal hand points; bid/contract; mark transform; match/tournament schedule for skill, speed, or advancement claims","Terminal and tournament outcomes are evaluation labels, not decision-time features.",Objective transforms are deterministic; claims about skill/speed/advancement need policy-population tournament data.,Deterministic transforms are complete; skill/speed/advancement claims need policy-population tournament simulation with match-level CIs.,simulation_needed,needs_simulation_design,t42-0b4l.10; future tournament-simulation bead,wiki/experiments/w42-scoring-objective-drift-claim-validation.md,Tournament or match simulation showing skill/speed/advancement deltas with policy-population and schedule assumptions.,"Current ledger result: See scoring transform tables; caveat: This report did not simulate brackets, clocks, or tiebreak populations."
ch07-84-contract-regime,84 bidder/defender,context-limited,84 is an all-seven-tricks contract with special scoring semantics.,exact static enumeration / hypergeometric proxy,enumeration; report-only,static_84_substrate_needs_dynamic_rollout,ch07_84_contract_regime,rules/source-backed; no engine score replay in this bead Next test: Use 84-specific generated states and paired last-trick tests.,w42/eighty_four_claim_validation/; w42/eighty_four_weapon_preservation_probe/; future 84-specific branch-atlas or rollout corpus,84 contract flag; score; bidder hand and offs; full public trick history; stopper candidates; live/dead asset state; final-trick action labels; q_per_world/world_hands for offline attribution,Hidden stopper ownership and future asset death are report labels only; live detectors may use only public play evidence and the actor hand.,Needs 84-specific dynamic states; static ownership/asset counts do not prove preservation or abandonment timing.,Generate or mine 84-specific decisions; target >=1000 candidate 84 decision states and >=200 paired stopper/asset-preservation contrasts per label.,new_dynamic_data,needs_84_generation,t42-0b4l.7,wiki/experiments/w42-84-claim-validation.md; wiki/experiments/w42-phase2-84-weapon-preservation-probe.md,"84-specific paired preserve/break/abandon tests with stopper survival labels, hidden-holder diagnostics, public-evidence examples, and CIs.",Current ledger result: bidder claim; rules/source-backed; no engine score replay in this bead.
ch07-protected-one-off-84-shape,84 bidder/defender,underpowered,Protected one-off 84 shapes are strong enough to justify the 84 bidding advice.,exact static enumeration / hypergeometric proxy,enumeration; report-only,static_84_substrate_needs_dynamic_rollout,ch07_protected_one_off_84_shape,exact hand/declaration shape count; no make/set rollout Next test: Use 84-specific generated states and paired last-trick tests.,w42/eighty_four_claim_validation/; w42/eighty_four_weapon_preservation_probe/; future 84-specific branch-atlas or rollout corpus,84 contract flag; score; bidder hand and offs; full public trick history; stopper candidates; live/dead asset state; final-trick action labels; q_per_world/world_hands for offline attribution,Hidden stopper ownership and future asset death are report labels only; live detectors may use only public play evidence and the actor hand.,Needs 84-specific dynamic states; static ownership/asset counts do not prove preservation or abandonment timing.,Generate or mine 84-specific decisions; target >=1000 candidate 84 decision states and >=200 paired stopper/asset-preservation contrasts per label.,new_dynamic_data,needs_84_generation,t42-0b4l.7,wiki/experiments/w42-84-claim-validation.md; wiki/experiments/w42-phase2-84-weapon-preservation-probe.md,"84-specific paired preserve/break/abandon tests with stopper survival labels, hidden-holder diagnostics, public-evidence examples, and CIs.",Current ledger result: bidder claim; exact hand/declaration shape count; no make/set rollout.
ch07-straight-off-two-to-one-double,84 bidder/defender,context-limited,A straight-off 84 is exposed to a two-to-one missing-double ownership prior.,exact static enumeration / hypergeometric proxy,enumeration; report-only,static_84_substrate_needs_dynamic_rollout,ch07_straight_off_two_to_one_double,exact opponent-team ownership odds for a named missing matching double Next test: Use 84-specific generated states and paired last-trick tests.,w42/eighty_four_claim_validation/; w42/eighty_four_weapon_preservation_probe/; future 84-specific branch-atlas or rollout corpus,84 contract flag; score; bidder hand and offs; full public trick history; stopper candidates; live/dead asset state; final-trick action labels; q_per_world/world_hands for offline attribution,Hidden stopper ownership and future asset death are report labels only; live detectors may use only public play evidence and the actor hand.,Needs 84-specific dynamic states; static ownership/asset counts do not prove preservation or abandonment timing.,Generate or mine 84-specific decisions; target >=1000 candidate 84 decision states and >=200 paired stopper/asset-preservation contrasts per label.,new_dynamic_data,needs_84_generation,t42-0b4l.7,wiki/experiments/w42-84-claim-validation.md; wiki/experiments/w42-phase2-84-weapon-preservation-probe.md,"84-specific paired preserve/break/abandon tests with stopper survival labels, hidden-holder diagnostics, public-evidence examples, and CIs.",Current ledger result: bidder claim; exact opponent-team ownership odds for a named missing matching double.
ch07-score-42-vs-84-gate,84 bidder/defender,not-yet-tested,"Near 250 points, the decision between bidding 42 and 84 should be score-gated.",exact static enumeration / hypergeometric proxy,enumeration; report-only,static_84_substrate_needs_dynamic_rollout,ch07_score_42_vs_84_gate,not measured Next test: Use 84-specific generated states and paired last-trick tests.,w42/eighty_four_claim_validation/; w42/eighty_four_weapon_preservation_probe/; future 84-specific branch-atlas or rollout corpus,84 contract flag; score; bidder hand and offs; full public trick history; stopper candidates; live/dead asset state; final-trick action labels; q_per_world/world_hands for offline attribution,Hidden stopper ownership and future asset death are report labels only; live detectors may use only public play evidence and the actor hand.,Needs 84-specific dynamic states; static ownership/asset counts do not prove preservation or abandonment timing.,Generate or mine 84-specific decisions; target >=1000 candidate 84 decision states and >=200 paired stopper/asset-preservation contrasts per label.,new_dynamic_data,needs_84_generation,t42-0b4l.7,wiki/experiments/w42-84-claim-validation.md; wiki/experiments/w42-phase2-84-weapon-preservation-probe.md,"84-specific paired preserve/break/abandon tests with stopper survival labels, hidden-holder diagnostics, public-evidence examples, and CIs.",Current ledger result: bidder claim; not measured.
ch08-one-to-four-last-trick-weapons,84 bidder/defender,context-limited,Each opponent usually starts an 84 defense with one to four possible last-trick weapons.,exact static enumeration / hypergeometric proxy,enumeration; report-only,static_84_substrate_needs_dynamic_rollout,ch08_one_to_four_last_trick_weapons,exact static weapon-pool distribution by final-off case Next test: Use 84-specific generated states and paired last-trick tests.,w42/eighty_four_claim_validation/; w42/eighty_four_weapon_preservation_probe/; future 84-specific branch-atlas or rollout corpus,84 contract flag; score; bidder hand and offs; full public trick history; stopper candidates; live/dead asset state; final-trick action labels; q_per_world/world_hands for offline attribution,Hidden stopper ownership and future asset death are report labels only; live detectors may use only public play evidence and the actor hand.,Needs 84-specific dynamic states; static ownership/asset counts do not prove preservation or abandonment timing.,Generate or mine 84-specific decisions; target >=1000 candidate 84 decision states and >=200 paired stopper/asset-preservation contrasts per label.,new_dynamic_data,needs_84_generation,t42-0b4l.7,wiki/experiments/w42-84-claim-validation.md; wiki/experiments/w42-phase2-84-weapon-preservation-probe.md,"84-specific paired preserve/break/abandon tests with stopper survival labels, hidden-holder diagnostics, public-evidence examples, and CIs.",Current ledger result: defender claim; exact static weapon-pool distribution by final-off case.
ch08-double-ahead-needs-same-suit-pair,84 bidder/defender,underpowered,"When the bidder has the double ahead of the off, defenders need a same-suit pair line.",exact static enumeration / hypergeometric proxy,enumeration; report-only,static_84_substrate_needs_dynamic_rollout,ch08_double_ahead_needs_same_suit_pair,exact same-suit pair pool size/probability proxy Next test: Use 84-specific generated states and paired last-trick tests.,w42/eighty_four_claim_validation/; w42/eighty_four_weapon_preservation_probe/; future 84-specific branch-atlas or rollout corpus,84 contract flag; score; bidder hand and offs; full public trick history; stopper candidates; live/dead asset state; final-trick action labels; q_per_world/world_hands for offline attribution,Hidden stopper ownership and future asset death are report labels only; live detectors may use only public play evidence and the actor hand.,Needs 84-specific dynamic states; static ownership/asset counts do not prove preservation or abandonment timing.,Generate or mine 84-specific decisions; target >=1000 candidate 84 decision states and >=200 paired stopper/asset-preservation contrasts per label.,new_dynamic_data,needs_84_generation,t42-0b4l.7,wiki/experiments/w42-84-claim-validation.md; wiki/experiments/w42-phase2-84-weapon-preservation-probe.md,"84-specific paired preserve/break/abandon tests with stopper survival labels, hidden-holder diagnostics, public-evidence examples, and CIs.",Current ledger result: defender claim; exact same-suit pair pool size/probability proxy.
ch08-abandon-dead-assets,84 bidder/defender,not-yet-tested,A defender should abandon stopper assets once public evidence proves they are dead.,exact static enumeration / hypergeometric proxy,enumeration; report-only,static_84_substrate_needs_dynamic_rollout,ch08_abandon_dead_assets,detector trigger table only Next test: Use 84-specific generated states and paired last-trick tests.,w42/eighty_four_claim_validation/; w42/eighty_four_weapon_preservation_probe/; future 84-specific branch-atlas or rollout corpus,84 contract flag; score; bidder hand and offs; full public trick history; stopper candidates; live/dead asset state; final-trick action labels; q_per_world/world_hands for offline attribution,Hidden stopper ownership and future asset death are report labels only; live detectors may use only public play evidence and the actor hand.,Needs 84-specific dynamic states; static ownership/asset counts do not prove preservation or abandonment timing.,Generate or mine 84-specific decisions; target >=1000 candidate 84 decision states and >=200 paired stopper/asset-preservation contrasts per label.,new_dynamic_data,needs_84_generation,t42-0b4l.7,wiki/experiments/w42-84-claim-validation.md; wiki/experiments/w42-phase2-84-weapon-preservation-probe.md,"84-specific paired preserve/break/abandon tests with stopper survival labels, hidden-holder diagnostics, public-evidence examples, and CIs.",Current ledger result: defender claim; detector trigger table only.
ch08-throwaway-priority-ladder,84 bidder/defender,not-yet-tested,The 84 throwaway priority ladder preserves the right final-trick stopper.,exact static enumeration / hypergeometric proxy,enumeration; report-only,static_84_substrate_needs_dynamic_rollout,ch08_throwaway_priority_ladder,not measured Next test: Use 84-specific generated states and paired last-trick tests.,w42/eighty_four_claim_validation/; w42/eighty_four_weapon_preservation_probe/; future 84-specific branch-atlas or rollout corpus,84 contract flag; score; bidder hand and offs; full public trick history; stopper candidates; live/dead asset state; final-trick action labels; q_per_world/world_hands for offline attribution,Hidden stopper ownership and future asset death are report labels only; live detectors may use only public play evidence and the actor hand.,Needs 84-specific dynamic states; static ownership/asset counts do not prove preservation or abandonment timing.,Generate or mine 84-specific decisions; target >=1000 candidate 84 decision states and >=200 paired stopper/asset-preservation contrasts per label.,new_dynamic_data,needs_84_generation,t42-0b4l.7,wiki/experiments/w42-84-claim-validation.md; wiki/experiments/w42-phase2-84-weapon-preservation-probe.md,"84-specific paired preserve/break/abandon tests with stopper survival labels, hidden-holder diagnostics, public-evidence examples, and CIs.",Current ledger result: defender claim; not measured.
ch08-either-matching-double-not-two-to-one,stopper ownership,contradicted,The straight-off two-to-one ownership prior still holds when either of two matching doubles can set the bidder.,exact hypergeometric ownership check,enumeration; report-only,static_substrate_contradiction_then_dynamic_84_followup,ch08_either_matching_double_not_two_to_one,Compare opponent-team ownership for one named matching double versus either of two matching doubles. Next test: Model final-off cases explicitly and separate named stopper from any-stopper claims.,w42/eighty_four_claim_validation/; future 84 branch-atlas or rollout corpus,84/off suit context; named stopper candidates; any-stopper set; hidden holder labels for offline checks; public live/dead evidence,True hidden stopper owners are offline diagnostics; live play can only use public evidence/beliefs.,Needs 84-specific dynamic states; static ownership/asset counts do not prove preservation or abandonment timing.,Needs 84-specific final-off/stopper states; target >=500 paired preserve/break/abandon contrasts.,new_dynamic_data,needs_84_generation,t42-0b4l.7,wiki/experiments/w42-84-claim-validation.md; wiki/experiments/w42-phase2-84-weapon-preservation-probe.md,"84-specific paired preserve/break/abandon tests with stopper survival labels, hidden-holder diagnostics, public-evidence examples, and CIs.",Current ledger result: Named double opponent-team ownership = 66.666667%; either of two matching doubles = 90.0%.
ch07-protected-one-off-shape-frequency,84 bidder/defender,underpowered,Typical 84 candidate shapes with one protected off are available often enough to support the bidding advice.,exact static enumeration,enumeration; oracle,static_84_substrate_needs_dynamic_rollout,ch07_protected_one_off_shape_frequency,Count hand/declaration pairs with one off and protected one-off structure. Next test: Run make/set rollouts for score-gated 84 candidate states.,w42/eighty_four_claim_validation/; w42/eighty_four_weapon_preservation_probe/; future 84-specific branch-atlas or rollout corpus,84 contract flag; score; bidder hand and offs; full public trick history; stopper candidates; live/dead asset state; final-trick action labels; q_per_world/world_hands for offline attribution,Hidden stopper ownership and future asset death are report labels only; live detectors may use only public play evidence and the actor hand.,Needs 84-specific dynamic states; static ownership/asset counts do not prove preservation or abandonment timing.,Generate or mine 84-specific decisions; target >=1000 candidate 84 decision states and >=200 paired stopper/asset-preservation contrasts per label.,new_dynamic_data,needs_84_generation,t42-0b4l.7,wiki/experiments/w42-84-claim-validation.md; wiki/experiments/w42-phase2-84-weapon-preservation-probe.md,"84-specific paired preserve/break/abandon tests with stopper survival labels, hidden-holder diagnostics, public-evidence examples, and CIs.",Current ledger result: One-off candidate shape = 2.173913% of hand/declaration pairs; protected one off = 1.588629%.
ch04-safe-partner-count-donation,partner support,context-limited,Safe count donation under current bidder-team trick control is better than same-decision alternatives.,direct role-gated corpus contrast,w42; oracle; gus,direct_action_contrast_needs_stronger_labels,ch04_safe_partner_count_donation,Paired same-decision E[Q] contrast over Gus v2 pip-declaration corpus. Next test: Add guaranteed-win strength and later-seat overtake labels before broad partner-support promotion.,w42/gus_corpus_claim_deep_dive/; gus/data/corpus_v2_train_*_d0-9.pt,role; current trick; current winner; legal actions; count value; partner/offense control; later-seat overtake risk; guaranteed-win label; q_per_world,"Partner/opponent private hands, guaranteed future win, and q_per_world are labels only; live tags must be public-context or learned-belief derived.","Needs the reusable harness plus stronger forcedness, guaranteed-control, later-seat-risk, and bid-margin slices.",Reuse Gus v2 corpus; target >=500 same-decision pairs per donation/support label and explicit later-seat safety slices.,powered_slice,needs_label_refinement,t42-0b4l.3; t42-0b4l.6,wiki/experiments/w42-partner-support-claim-validation.md; wiki/experiments/w42-gus-corpus-tactical-claim-deep-dive.md,"Paired same-decision contrasts with bootstrap CIs, declaration/seat/trick slices, example decisions, W&B progress series, and conservative ledger update.","Current ledger result: direct paired_n=400, mean_delta=0.682629239037633, ci95=[0.1467387869227678, 1.2317096571391446], threshold_mass_delta=0.006550001837313175"
ch04-low-trump-trap-against-count-dump,partner support,underpowered,Partner donation without trump-in versus count dumped while trumping in,proxy regret analysis,w42; oracle,direct_detector_or_paired_contrast_needed,ch04_low_trump_trap_against_count_dump,Bootstrap CIs over available eval-corpus proxy buckets. Next test: Implement direct partner-intent and forcedness detectors before moving statuses broadly.,w42/gus_corpus_claim_deep_dive/; gus/data/corpus_v2_train_*_d0-9.pt,role; current trick; current winner; legal actions; count value; partner/offense control; later-seat overtake risk; guaranteed-win label; q_per_world,"Partner/opponent private hands, guaranteed future win, and q_per_world are labels only; live tags must be public-context or learned-belief derived.","Needs the reusable harness plus stronger forcedness, guaranteed-control, later-seat-risk, and bid-margin slices.",Reuse Gus v2 corpus; target >=500 same-decision pairs per donation/support label and explicit later-seat safety slices.,powered_slice,needs_detector_implementation,t42-0b4l.3; t42-0b4l.6,wiki/experiments/w42-partner-support-claim-validation.md; wiki/experiments/w42-gus-corpus-tactical-claim-deep-dive.md,"Paired same-decision contrasts with bootstrap CIs, declaration/seat/trick slices, example decisions, W&B progress series, and conservative ledger update.","Current ledger result: preferred_n=24, alternative_n=7, paired_n=0, paired_delta=not applicable"
ch04-lead-capture-for-support,partner support,underpowered,Winning the current trick versus non-winning alternatives,proxy regret analysis,w42; oracle,direct_detector_or_paired_contrast_needed,ch04_lead_capture_for_support,Bootstrap CIs over available eval-corpus proxy buckets. Next test: Implement direct partner-intent and forcedness detectors before moving statuses broadly.,w42/gus_corpus_claim_deep_dive/; gus/data/corpus_v2_train_*_d0-9.pt,role; current trick; current winner; legal actions; count value; partner/offense control; later-seat overtake risk; guaranteed-win label; q_per_world,"Partner/opponent private hands, guaranteed future win, and q_per_world are labels only; live tags must be public-context or learned-belief derived.","Needs the reusable harness plus stronger forcedness, guaranteed-control, later-seat-risk, and bid-margin slices.",Reuse Gus v2 corpus; target >=500 same-decision pairs per donation/support label and explicit later-seat safety slices.,powered_slice,needs_detector_implementation,t42-0b4l.3; t42-0b4l.6,wiki/experiments/w42-partner-support-claim-validation.md; wiki/experiments/w42-gus-corpus-tactical-claim-deep-dive.md,"Paired same-decision contrasts with bootstrap CIs, declaration/seat/trick slices, example decisions, W&B progress series, and conservative ledger update.","Current ledger result: preferred_n=56, alternative_n=1463, paired_n=43, paired_delta=2.219728"
ch04-effective-double-highest-remaining,partner support,contradicted,Virtual boss off-suit tile versus lower live off-suit tile,proxy regret analysis,w42; oracle,direct_detector_or_paired_contrast_needed,ch04_effective_double_highest_remaining,Bootstrap CIs over available eval-corpus proxy buckets. Next test: Implement direct partner-intent and forcedness detectors before moving statuses broadly.,w42/gus_corpus_claim_deep_dive/; gus/data/corpus_v2_train_*_d0-9.pt,role; current trick; current winner; legal actions; count value; partner/offense control; later-seat overtake risk; guaranteed-win label; q_per_world,"Partner/opponent private hands, guaranteed future win, and q_per_world are labels only; live tags must be public-context or learned-belief derived.","Needs the reusable harness plus stronger forcedness, guaranteed-control, later-seat-risk, and bid-margin slices.",Reuse Gus v2 corpus; target >=500 same-decision pairs per donation/support label and explicit later-seat safety slices.,powered_slice,needs_detector_implementation,t42-0b4l.3; t42-0b4l.6,wiki/experiments/w42-partner-support-claim-validation.md; wiki/experiments/w42-gus-corpus-tactical-claim-deep-dive.md,"Paired same-decision contrasts with bootstrap CIs, declaration/seat/trick slices, example decisions, W&B progress series, and conservative ledger update.","Current ledger result: preferred_n=60, alternative_n=541, paired_n=21, paired_delta=2.299316"
ch04-lead-away-from-count-damage,partner support,underpowered,Low-liability off lead versus count-exposing off lead,proxy regret analysis,w42; oracle,direct_detector_or_paired_contrast_needed,ch04_lead_away_from_count_damage,Bootstrap CIs over available eval-corpus proxy buckets. Next test: Implement direct partner-intent and forcedness detectors before moving statuses broadly.,w42/gus_corpus_claim_deep_dive/; gus/data/corpus_v2_train_*_d0-9.pt,role; current trick; current winner; legal actions; count value; partner/offense control; later-seat overtake risk; guaranteed-win label; q_per_world,"Partner/opponent private hands, guaranteed future win, and q_per_world are labels only; live tags must be public-context or learned-belief derived.","Needs the reusable harness plus stronger forcedness, guaranteed-control, later-seat-risk, and bid-margin slices.",Reuse Gus v2 corpus; target >=500 same-decision pairs per donation/support label and explicit later-seat safety slices.,powered_slice,needs_detector_implementation,t42-0b4l.3; t42-0b4l.6,wiki/experiments/w42-partner-support-claim-validation.md; wiki/experiments/w42-gus-corpus-tactical-claim-deep-dive.md,"Paired same-decision contrasts with bootstrap CIs, declaration/seat/trick slices, example decisions, W&B progress series, and conservative ledger update.","Current ledger result: preferred_n=82, alternative_n=157, paired_n=22, paired_delta=-2.227684"
ch04-avoid-disruptive-partner-trump-lead,partner support,underpowered,Off lead versus trump lead from lead position,proxy regret analysis,w42; oracle,direct_detector_or_paired_contrast_needed,ch04_avoid_disruptive_partner_trump_lead,Bootstrap CIs over available eval-corpus proxy buckets. Next test: Implement direct partner-intent and forcedness detectors before moving statuses broadly.,w42/gus_corpus_claim_deep_dive/; gus/data/corpus_v2_train_*_d0-9.pt,role; current trick; current winner; legal actions; count value; partner/offense control; later-seat overtake risk; guaranteed-win label; q_per_world,"Partner/opponent private hands, guaranteed future win, and q_per_world are labels only; live tags must be public-context or learned-belief derived.","Needs the reusable harness plus stronger forcedness, guaranteed-control, later-seat-risk, and bid-margin slices.",Reuse Gus v2 corpus; target >=500 same-decision pairs per donation/support label and explicit later-seat safety slices.,powered_slice,needs_detector_implementation,t42-0b4l.3; t42-0b4l.6,wiki/experiments/w42-partner-support-claim-validation.md; wiki/experiments/w42-gus-corpus-tactical-claim-deep-dive.md,"Paired same-decision contrasts with bootstrap CIs, declaration/seat/trick slices, example decisions, W&B progress series, and conservative ledger update.","Current ledger result: preferred_n=239, alternative_n=59, paired_n=36, paired_delta=0.362235"
ch04-unsafe-partner-count-donation,partner support,supported,The bidder's partner should not donate count into a defense-controlled trick that the candidate cannot win.,direct role-gated corpus contrast,w42; oracle; gus,direct_action_contrast_ready_for_replication,ch04_unsafe_partner_count_donation,Paired same-decision E[Q] contrast over Gus v2 pip-declaration corpus. Next test: Add guaranteed-win strength labels for the positive safe-donation rule.,w42/gus_corpus_claim_deep_dive/; gus/data/corpus_v2_train_*_d0-9.pt,role; current trick; current winner; legal actions; count value; partner/offense control; later-seat overtake risk; guaranteed-win label; q_per_world,"Partner/opponent private hands, guaranteed future win, and q_per_world are labels only; live tags must be public-context or learned-belief derived.","Needs the reusable harness plus stronger forcedness, guaranteed-control, later-seat-risk, and bid-margin slices.",Reuse Gus v2 corpus; target >=500 same-decision pairs per donation/support label and explicit later-seat safety slices.,powered_slice,yes_after_harness,t42-0b4l.3; t42-0b4l.6,wiki/experiments/w42-partner-support-claim-validation.md; wiki/experiments/w42-gus-corpus-tactical-claim-deep-dive.md,"Paired same-decision contrasts with bootstrap CIs, declaration/seat/trick slices, example decisions, W&B progress series, and conservative ledger update.","Current ledger result: paired_n=559, mean_delta=-8.428134944293255, ci95=[-9.268463332229336, -7.612516224666788], threshold_mass_delta=-0.13218246836195266"
ch05-pounce-count-before-certainty,setter defense,supported,"When a defender can take an offense-controlled trick with count, the pounce-count action is better than same-decision alternatives.",direct role-gated corpus contrast,w42; oracle; gus,direct_action_contrast_ready_for_replication,ch05_pounce_count_before_certainty,Paired same-decision E[Q] contrast over Gus v2 pip-declaration corpus. Next test: Add bid-margin/high-bid filters and bidder-off inference before broad Chapter 5 promotion.,w42/gus_corpus_claim_deep_dive/; gus/data/corpus_v2_train_*_d0-9.pt; w42/setter_pounce_direct_label_probe/,defender role; current trick; offense/defense current winner; count value; legal beating action; set threshold; bid_value; later-seat risk,"Hidden holdings, future trick result, and q_per_world are offline labels only; pounce window must be public/action-local.","Needs the reusable harness plus stronger forcedness, guaranteed-control, later-seat-risk, and bid-margin slices.",Reuse Gus v2 corpus; target >=500 same-decision pairs per pounce/count label plus bid-margin/high-bid slices.,powered_slice,yes_after_harness,t42-0b4l.3; t42-0b4l.6,wiki/experiments/w42-setter-defense-claim-validation.md; wiki/experiments/w42-gus-corpus-tactical-claim-deep-dive.md,"Paired same-decision contrasts with bootstrap CIs, declaration/seat/trick slices, example decisions, W&B progress series, and conservative ledger update.","Current ledger result: direct paired_n=359, mean_delta=4.1018437380136525, ci95=[3.1444330820341873, 5.1759628792364705], threshold_mass_delta=0.04940111375826315"
ch05-extra-count-to-set,setter defense,context-limited,Pounce count that immediately reaches the set threshold is better than same-decision alternatives.,direct role-gated corpus contrast,w42; oracle; gus,direct_action_contrast_needs_stronger_labels,ch05_extra_count_to_set,Paired same-decision E[Q] contrast over Gus v2 pip-declaration corpus. Next test: Add bid-margin and explicit five-count/ten-count loss-budget labels.,w42/gus_corpus_claim_deep_dive/; gus/data/corpus_v2_train_*_d0-9.pt; w42/setter_pounce_direct_label_probe/,defender role; current trick; offense/defense current winner; count value; legal beating action; set threshold; bid_value; later-seat risk,"Hidden holdings, future trick result, and q_per_world are offline labels only; pounce window must be public/action-local.","Needs the reusable harness plus stronger forcedness, guaranteed-control, later-seat-risk, and bid-margin slices.",Reuse Gus v2 corpus; target >=500 same-decision pairs per pounce/count label plus bid-margin/high-bid slices.,powered_slice,needs_label_refinement,t42-0b4l.3; t42-0b4l.6,wiki/experiments/w42-setter-defense-claim-validation.md; wiki/experiments/w42-gus-corpus-tactical-claim-deep-dive.md,"Paired same-decision contrasts with bootstrap CIs, declaration/seat/trick slices, example decisions, W&B progress series, and conservative ledger update.","Current ledger result: direct paired_n=134, mean_delta=6.068571160912319, ci95=[4.219104287852343, 8.087687143438782], threshold_mass_delta=0.07298507332913022"
ch05-count-calling-lead,setter defense,underpowered,High-liability count-calling lead versus low-liability lead,proxy regret analysis,w42; oracle,direct_detector_or_paired_contrast_needed,ch05_count_calling_lead,Bootstrap CIs over available eval-corpus proxy buckets. Next test: Implement direct setter-pounce labels and set-threshold accounting.,w42/gus_corpus_claim_deep_dive/; gus/data/corpus_v2_train_*_d0-9.pt; w42/setter_pounce_direct_label_probe/,defender role; current trick; offense/defense current winner; count value; legal beating action; set threshold; bid_value; later-seat risk,"Hidden holdings, future trick result, and q_per_world are offline labels only; pounce window must be public/action-local.","Needs the reusable harness plus stronger forcedness, guaranteed-control, later-seat-risk, and bid-margin slices.",Reuse Gus v2 corpus; target >=500 same-decision pairs per pounce/count label plus bid-margin/high-bid slices.,powered_slice,needs_detector_implementation,t42-0b4l.3; t42-0b4l.6,wiki/experiments/w42-setter-defense-claim-validation.md; wiki/experiments/w42-gus-corpus-tactical-claim-deep-dive.md,"Paired same-decision contrasts with bootstrap CIs, declaration/seat/trick slices, example decisions, W&B progress series, and conservative ledger update.","Current ledger result: directness=broad-proxy, preferred_n=254, alternative_n=143, paired_n=51"
ch05-count-protection,setter defense,underpowered,Protected count action versus unprotected count action,proxy regret analysis,w42; oracle,direct_detector_or_paired_contrast_needed,ch05_count_protection,Bootstrap CIs over available eval-corpus proxy buckets. Next test: Implement direct setter-pounce labels and set-threshold accounting.,w42/gus_corpus_claim_deep_dive/; gus/data/corpus_v2_train_*_d0-9.pt; w42/setter_pounce_direct_label_probe/,defender role; current trick; offense/defense current winner; count value; legal beating action; set threshold; bid_value; later-seat risk,"Hidden holdings, future trick result, and q_per_world are offline labels only; pounce window must be public/action-local.","Needs the reusable harness plus stronger forcedness, guaranteed-control, later-seat-risk, and bid-margin slices.",Reuse Gus v2 corpus; target >=500 same-decision pairs per pounce/count label plus bid-margin/high-bid slices.,powered_slice,needs_detector_implementation,t42-0b4l.3; t42-0b4l.6,wiki/experiments/w42-setter-defense-claim-validation.md; wiki/experiments/w42-gus-corpus-tactical-claim-deep-dive.md,"Paired same-decision contrasts with bootstrap CIs, declaration/seat/trick slices, example decisions, W&B progress series, and conservative ledger update.","Current ledger result: directness=broad-proxy, preferred_n=41, alternative_n=122, paired_n=8"
ch05-trump-rich-count-intervention,setter defense,underpowered,Trumping in on count versus holding count while opponent currently wins,proxy regret analysis,w42; oracle,direct_detector_or_paired_contrast_needed,ch05_trump_rich_count_intervention,Bootstrap CIs over available eval-corpus proxy buckets. Next test: Implement direct setter-pounce labels and set-threshold accounting.,w42/gus_corpus_claim_deep_dive/; gus/data/corpus_v2_train_*_d0-9.pt; w42/setter_pounce_direct_label_probe/,defender role; current trick; offense/defense current winner; count value; legal beating action; set threshold; bid_value; later-seat risk,"Hidden holdings, future trick result, and q_per_world are offline labels only; pounce window must be public/action-local.","Needs the reusable harness plus stronger forcedness, guaranteed-control, later-seat-risk, and bid-margin slices.",Reuse Gus v2 corpus; target >=500 same-decision pairs per pounce/count label plus bid-margin/high-bid slices.,powered_slice,needs_detector_implementation,t42-0b4l.3; t42-0b4l.6,wiki/experiments/w42-setter-defense-claim-validation.md; wiki/experiments/w42-gus-corpus-tactical-claim-deep-dive.md,"Paired same-decision contrasts with bootstrap CIs, declaration/seat/trick slices, example decisions, W&B progress series, and conservative ledger update.","Current ledger result: directness=proxy-only, preferred_n=7, alternative_n=73, paired_n=2"
ch12-setter-pounce-high-bid-off,setter defense,underpowered,Opponent count pressure present versus absent,proxy regret analysis,w42; oracle,direct_detector_or_paired_contrast_needed,ch12_setter_pounce_high_bid_off,Bootstrap CIs over available eval-corpus proxy buckets. Next test: Implement direct setter-pounce labels and set-threshold accounting.,w42/gus_corpus_claim_deep_dive/; gus/data/corpus_v2_train_*_d0-9.pt; w42/setter_pounce_direct_label_probe/,defender role; current trick; offense/defense current winner; count value; legal beating action; set threshold; bid_value; later-seat risk,"Hidden holdings, future trick result, and q_per_world are offline labels only; pounce window must be public/action-local.","Needs the reusable harness plus stronger forcedness, guaranteed-control, later-seat-risk, and bid-margin slices.",Reuse Gus v2 corpus; target >=500 same-decision pairs per pounce/count label plus bid-margin/high-bid slices.,powered_slice,needs_detector_implementation,t42-0b4l.3; t42-0b4l.6,wiki/experiments/w42-setter-defense-claim-validation.md; wiki/experiments/w42-gus-corpus-tactical-claim-deep-dive.md,"Paired same-decision contrasts with bootstrap CIs, declaration/seat/trick slices, example decisions, W&B progress series, and conservative ledger update.","Current ledger result: directness=broad-proxy, preferred_n=123, alternative_n=282, paired_n=0"
ch05-reckless-count-to-bidder,setter defense,supported,A defender should not dump count into an offense-controlled trick when the candidate cannot win the trick.,direct role-gated corpus contrast,w42; oracle; gus,direct_action_contrast_ready_for_replication,ch05_reckless_count_to_bidder,Paired same-decision E[Q] contrast over Gus v2 pip-declaration corpus. Next test: Use this as a regression fixture for future pounce detectors.,w42/gus_corpus_claim_deep_dive/; gus/data/corpus_v2_train_*_d0-9.pt; w42/setter_pounce_direct_label_probe/,defender role; current trick; offense/defense current winner; count value; legal beating action; set threshold; bid_value; later-seat risk,"Hidden holdings, future trick result, and q_per_world are offline labels only; pounce window must be public/action-local.","Needs the reusable harness plus stronger forcedness, guaranteed-control, later-seat-risk, and bid-margin slices.",Reuse Gus v2 corpus; target >=500 same-decision pairs per pounce/count label plus bid-margin/high-bid slices.,powered_slice,yes_after_harness,t42-0b4l.3; t42-0b4l.6,wiki/experiments/w42-setter-defense-claim-validation.md; wiki/experiments/w42-gus-corpus-tactical-claim-deep-dive.md,"Paired same-decision contrasts with bootstrap CIs, declaration/seat/trick slices, example decisions, W&B progress series, and conservative ledger update.","Current ledger result: paired_n=1355, mean_delta=-8.372450999124148, ci95=[-8.97540012777289, -7.7914284101805675], threshold_mass_delta=-0.11901107039646248"
ch03-trump-pull-sequencing,bidder sequencing,underpowered,"Proxy evidence improves tiny-model oracle alignment, but no trump-first/off-first counterfactual was run.",secondary model-bucket analysis,w42; oracle,sequence_counterfactual_or_model_probe_needed,ch03_trump_pull_sequencing,Proxy buckets: global:current_trick_pressure;action:trick_relation;action:suit_pressure Next test: Run trump-first/off-first paired rollouts and late-endgame proof checks.,w42/bidder_sequencing_claim_validation/; w42/phase2_decision_table/; gus/data/corpus_v2_train_*_d0-9.pt,bidder role; lead/follow phase; trump/off inventory; reentry tiles; legal action alternatives; public trick history; E[Q] PDF or rollout labels,"Future trick outcomes and oracle Q are labels, not features; model probes must use public state plus actor hand only.",Current evidence is tag/model-bucket proxy; no trump-first/off-first sequence counterfactual exists.,"Use Gus/branch-atlas decisions first, then generate paired trump-first/off-first rollouts; target >=500 same-decision contrasts per sequencing label.",powered_slice,needs_sequence_counterfactuals,t42-0b4l.6; t42-0b4l.9,wiki/experiments/w42-bidder-sequencing-claim-validation.md; wiki/experiments/w42-phase2-seat-position-strategy-map.md,Sequence counterfactuals or proof-checker labels plus ablated w42 tag probes that show whether tags improve learning and where they fail.,"Current ledger result: weighted_rows=1307, delta_mean_regret=-1.017278, delta_match_rate=0.078806"
ch03-reentry-preservation,bidder sequencing,underpowered,Available buckets touch hand/protection structure but do not encode final-trump-spent-before-off-clear.,secondary model-bucket analysis,w42; oracle,sequence_counterfactual_or_model_probe_needed,ch03_reentry_preservation,Proxy buckets: action:double_protection;global:hand_shape;action:hand_shape Next test: Run trump-first/off-first paired rollouts and late-endgame proof checks.,w42/bidder_sequencing_claim_validation/; w42/phase2_decision_table/; gus/data/corpus_v2_train_*_d0-9.pt,bidder role; lead/follow phase; trump/off inventory; reentry tiles; legal action alternatives; public trick history; E[Q] PDF or rollout labels,"Future trick outcomes and oracle Q are labels, not features; model probes must use public state plus actor hand only.",Current evidence is tag/model-bucket proxy; no trump-first/off-first sequence counterfactual exists.,"Use Gus/branch-atlas decisions first, then generate paired trump-first/off-first rollouts; target >=500 same-decision contrasts per sequencing label.",powered_slice,needs_sequence_counterfactuals,t42-0b4l.6; t42-0b4l.9,wiki/experiments/w42-bidder-sequencing-claim-validation.md; wiki/experiments/w42-phase2-seat-position-strategy-map.md,Sequence counterfactuals or proof-checker labels plus ablated w42 tag probes that show whether tags improve learning and where they fail.,"Current ledger result: weighted_rows=1088, delta_mean_regret=-1.045158, delta_match_rate=0.082721"
ch03-off-timing,bidder sequencing,underpowered,Proxy buckets improve alignment; no paired early-off versus trump-first rollout exists in the artifacts.,secondary model-bucket analysis,w42; oracle,sequence_counterfactual_or_model_probe_needed,ch03_off_timing,Proxy buckets: action:suit_pressure;action:double_protection;global:void_summary Next test: Run trump-first/off-first paired rollouts and late-endgame proof checks.,w42/bidder_sequencing_claim_validation/; w42/phase2_decision_table/; gus/data/corpus_v2_train_*_d0-9.pt,bidder role; lead/follow phase; trump/off inventory; reentry tiles; legal action alternatives; public trick history; E[Q] PDF or rollout labels,"Future trick outcomes and oracle Q are labels, not features; model probes must use public state plus actor hand only.",Current evidence is tag/model-bucket proxy; no trump-first/off-first sequence counterfactual exists.,"Use Gus/branch-atlas decisions first, then generate paired trump-first/off-first rollouts; target >=500 same-decision contrasts per sequencing label.",powered_slice,needs_sequence_counterfactuals,t42-0b4l.6; t42-0b4l.9,wiki/experiments/w42-bidder-sequencing-claim-validation.md; wiki/experiments/w42-phase2-seat-position-strategy-map.md,Sequence counterfactuals or proof-checker labels plus ablated w42 tag probes that show whether tags improve learning and where they fail.,"Current ledger result: weighted_rows=917, delta_mean_regret=-0.898029, delta_match_rate=0.078517"
ch03-count-inventory,bidder sequencing,context-limited,"Count buckets show the strongest proxy gains, but this validates tag usefulness rather than the book's full sequencing rule.",secondary model-bucket analysis,w42; oracle,sequence_counterfactual_or_model_probe_needed,ch03_count_inventory,Proxy buckets: action:count_pressure;global:public_count;global:unseen_count_by_pip Next test: Run trump-first/off-first paired rollouts and late-endgame proof checks.,w42/bidder_sequencing_claim_validation/; w42/phase2_decision_table/; gus/data/corpus_v2_train_*_d0-9.pt,bidder role; lead/follow phase; trump/off inventory; reentry tiles; legal action alternatives; public trick history; E[Q] PDF or rollout labels,"Future trick outcomes and oracle Q are labels, not features; model probes must use public state plus actor hand only.",Current evidence is tag/model-bucket proxy; no trump-first/off-first sequence counterfactual exists.,"Use Gus/branch-atlas decisions first, then generate paired trump-first/off-first rollouts; target >=500 same-decision contrasts per sequencing label.",powered_slice,needs_sequence_counterfactuals,t42-0b4l.6; t42-0b4l.9,wiki/experiments/w42-bidder-sequencing-claim-validation.md; wiki/experiments/w42-phase2-seat-position-strategy-map.md,Sequence counterfactuals or proof-checker labels plus ablated w42 tag probes that show whether tags improve learning and where they fail.,"Current ledger result: weighted_rows=1117, delta_mean_regret=-1.082058, delta_match_rate=0.080573"
ch03-laydown-correctness,bidder sequencing,not-yet-tested,No deterministic laydown proof checker or late-endgame enumeration artifact exists in the available w42 outputs.,secondary model-bucket analysis,w42; oracle,sequence_counterfactual_or_model_probe_needed,ch03_laydown_correctness,Proxy buckets: not applicable Next test: Run trump-first/off-first paired rollouts and late-endgame proof checks.,w42/bidder_sequencing_claim_validation/; w42/phase2_decision_table/; gus/data/corpus_v2_train_*_d0-9.pt,bidder role; lead/follow phase; trump/off inventory; reentry tiles; legal action alternatives; public trick history; E[Q] PDF or rollout labels,"Future trick outcomes and oracle Q are labels, not features; model probes must use public state plus actor hand only.",Current evidence is tag/model-bucket proxy; no trump-first/off-first sequence counterfactual exists.,"Use Gus/branch-atlas decisions first, then generate paired trump-first/off-first rollouts; target >=500 same-decision contrasts per sequencing label.",powered_slice,needs_sequence_counterfactuals,t42-0b4l.6; t42-0b4l.9,wiki/experiments/w42-bidder-sequencing-claim-validation.md; wiki/experiments/w42-phase2-seat-position-strategy-map.md,Sequence counterfactuals or proof-checker labels plus ablated w42 tag probes that show whether tags improve learning and where they fail.,"Current ledger result: weighted_rows=not applicable, delta_mean_regret=not applicable, delta_match_rate=not applicable"
