path,corpus_family,bytes,size_gib,start_seed,end_seed,seed_count,inferred_decl_policy,inspected,game_count,decision_count,decl_counts_json,sample_counts_json,schema,has_bid_value,bid_values_json,has_oracle_softmax_per_seat,has_legal_mask_per_seat,has_voids_per_seat,blob_keys_json,game_attrs_json,decision_attrs_json,load_seconds
gus/data/_len_cache_train_10k.pt,other,8123,0.0,,,,,False,,,,,,,,,,,,,,
gus/data/corpus_eval_20.pt,eval,184865361,0.1722,,,,from payload,True,20,560,"{""0"": 2, ""1"": 2, ""2"": 2, ""3"": 2, ""4"": 2, ""5"": 2, ""6"": 2, ""7"": 2, ""8"": 2, ""9"": 2}","{""800"": 40, ""1600"": 80, ""2400"": 80, ""3200"": 220, ""4000"": 120, ""4800"": 20}",legacy,False,{},False,False,False,"[""adaptive"", ""adaptive_config"", ""checkpoint"", ""enumerate"", ""posterior"", ""results"", ""seeds""]","[""decisions"", ""decl_id"", ""hands""]","[""action_taken"", ""converged"", ""e_q"", ""e_q_pdf"", ""e_q_var"", ""ess"", ""exploration_mode"", ""greedy_action"", ""legal_mask"", ""max_w"", ""n_samples"", ""player"", ""q_gap"", ""q_per_world"", ""u_max"", ""u_mean"", ""world_hands""]",0.203
gus/data/corpus_train_100.pt,legacy_single_100,1076629557,1.0027,0,99,100,decl_id = seed % 10; likely predecessor/duplicate of first chunk,True,100,2800,"{""0"": 10, ""1"": 10, ""2"": 10, ""3"": 10, ""4"": 10, ""5"": 10, ""6"": 10, ""7"": 10, ""8"": 10, ""9"": 10}","{""800"": 200, ""2400"": 400, ""3200"": 1000, ""4000"": 700, ""4800"": 500}",legacy,False,{},False,False,False,"[""adaptive"", ""adaptive_config"", ""checkpoint"", ""enumerate"", ""posterior"", ""results"", ""seeds""]","[""decisions"", ""decl_id"", ""hands""]","[""action_taken"", ""converged"", ""e_q"", ""e_q_pdf"", ""e_q_var"", ""ess"", ""exploration_mode"", ""greedy_action"", ""legal_mask"", ""max_w"", ""n_samples"", ""player"", ""q_gap"", ""q_per_world"", ""u_max"", ""u_mean"", ""world_hands""]",0.343
gus/data/corpus_train_chunk_0-99.pt,legacy_seed_mod_decl,1112548455,1.0361,0,99,100,decl_id = seed % 10,True,100,2800,"{""0"": 10, ""1"": 10, ""2"": 10, ""3"": 10, ""4"": 10, ""5"": 10, ""6"": 10, ""7"": 10, ""8"": 10, ""9"": 10}","{""800"": 200, ""2400"": 400, ""3200"": 700, ""4000"": 900, ""4800"": 600}",legacy,False,{},False,False,False,"[""adaptive"", ""adaptive_config"", ""checkpoint"", ""enumerate"", ""posterior"", ""results"", ""seeds""]","[""decisions"", ""decl_id"", ""hands""]","[""action_taken"", ""converged"", ""e_q"", ""e_q_pdf"", ""e_q_var"", ""ess"", ""exploration_mode"", ""greedy_action"", ""legal_mask"", ""max_w"", ""n_samples"", ""player"", ""q_gap"", ""q_per_world"", ""u_max"", ""u_mean"", ""world_hands""]",0.315
gus/data/corpus_train_chunk_100-199.pt,legacy_seed_mod_decl,1184262241,1.1029,100,199,100,decl_id = seed % 10,True,100,2800,"{""0"": 10, ""1"": 10, ""2"": 10, ""3"": 10, ""4"": 10, ""5"": 10, ""6"": 10, ""7"": 10, ""8"": 10, ""9"": 10}","{""800"": 200, ""2400"": 300, ""3200"": 600, ""4000"": 800, ""4800"": 800, ""6400"": 100}",legacy,False,{},False,False,False,"[""adaptive"", ""adaptive_config"", ""checkpoint"", ""enumerate"", ""posterior"", ""results"", ""seeds""]","[""decisions"", ""decl_id"", ""hands""]","[""action_taken"", ""converged"", ""e_q"", ""e_q_pdf"", ""e_q_var"", ""ess"", ""exploration_mode"", ""greedy_action"", ""legal_mask"", ""max_w"", ""n_samples"", ""player"", ""q_gap"", ""q_per_world"", ""u_max"", ""u_mean"", ""world_hands""]",0.331
gus/data/corpus_train_chunk_1000-1099.pt,legacy_seed_mod_decl,1238044893,1.153,1000,1099,100,decl_id = seed % 10,True,100,2800,"{""0"": 10, ""1"": 10, ""2"": 10, ""3"": 10, ""4"": 10, ""5"": 10, ""6"": 10, ""7"": 10, ""8"": 10, ""9"": 10}","{""800"": 200, ""3200"": 700, ""4000"": 1000, ""4800"": 700, ""5600"": 100, ""6400"": 100}",legacy,False,{},False,False,False,"[""adaptive"", ""adaptive_config"", ""checkpoint"", ""enumerate"", ""posterior"", ""results"", ""seeds""]","[""decisions"", ""decl_id"", ""hands""]","[""action_taken"", ""converged"", ""e_q"", ""e_q_pdf"", ""e_q_var"", ""ess"", ""exploration_mode"", ""greedy_action"", ""legal_mask"", ""max_w"", ""n_samples"", ""player"", ""q_gap"", ""q_per_world"", ""u_max"", ""u_mean"", ""world_hands""]",0.282
gus/data/corpus_train_chunk_1100-1199.pt,legacy_seed_mod_decl,1166364893,1.0863,1100,1199,100,decl_id = seed % 10,True,100,2800,"{""0"": 10, ""1"": 10, ""2"": 10, ""3"": 10, ""4"": 10, ""5"": 10, ""6"": 10, ""7"": 10, ""8"": 10, ""9"": 10}","{""800"": 200, ""2400"": 100, ""3200"": 400, ""4000"": 1800, ""4800"": 300}",legacy,False,{},False,False,False,"[""adaptive"", ""adaptive_config"", ""checkpoint"", ""enumerate"", ""posterior"", ""results"", ""seeds""]","[""decisions"", ""decl_id"", ""hands""]","[""action_taken"", ""converged"", ""e_q"", ""e_q_pdf"", ""e_q_var"", ""ess"", ""exploration_mode"", ""greedy_action"", ""legal_mask"", ""max_w"", ""n_samples"", ""player"", ""q_gap"", ""q_per_world"", ""u_max"", ""u_mean"", ""world_hands""]",0.251
gus/data/corpus_train_chunk_1200-1299.pt,legacy_seed_mod_decl,1220124893,1.1363,1200,1299,100,decl_id = seed % 10,True,100,2800,"{""0"": 10, ""1"": 10, ""2"": 10, ""3"": 10, ""4"": 10, ""5"": 10, ""6"": 10, ""7"": 10, ""8"": 10, ""9"": 10}","{""800"": 200, ""2400"": 100, ""3200"": 500, ""4000"": 1100, ""4800"": 800, ""5600"": 100}",legacy,False,{},False,False,False,"[""adaptive"", ""adaptive_config"", ""checkpoint"", ""enumerate"", ""posterior"", ""results"", ""seeds""]","[""decisions"", ""decl_id"", ""hands""]","[""action_taken"", ""converged"", ""e_q"", ""e_q_pdf"", ""e_q_var"", ""ess"", ""exploration_mode"", ""greedy_action"", ""legal_mask"", ""max_w"", ""n_samples"", ""player"", ""q_gap"", ""q_per_world"", ""u_max"", ""u_mean"", ""world_hands""]",0.24
gus/data/corpus_train_chunk_1300-1399.pt,legacy_seed_mod_decl,1157404893,1.0779,1300,1399,100,decl_id = seed % 10,True,100,2800,"{""0"": 10, ""1"": 10, ""2"": 10, ""3"": 10, ""4"": 10, ""5"": 10, ""6"": 10, ""7"": 10, ""8"": 10, ""9"": 10}","{""800"": 200, ""2400"": 300, ""3200"": 500, ""4000"": 1100, ""4800"": 700}",legacy,False,{},False,False,False,"[""adaptive"", ""adaptive_config"", ""checkpoint"", ""enumerate"", ""posterior"", ""results"", ""seeds""]","[""decisions"", ""decl_id"", ""hands""]","[""action_taken"", ""converged"", ""e_q"", ""e_q_pdf"", ""e_q_var"", ""ess"", ""exploration_mode"", ""greedy_action"", ""legal_mask"", ""max_w"", ""n_samples"", ""player"", ""q_gap"", ""q_per_world"", ""u_max"", ""u_mean"", ""world_hands""]",0.301
gus/data/corpus_train_chunk_1400-1499.pt,legacy_seed_mod_decl,1157404893,1.0779,1400,1499,100,decl_id = seed % 10,True,100,2800,"{""0"": 10, ""1"": 10, ""2"": 10, ""3"": 10, ""4"": 10, ""5"": 10, ""6"": 10, ""7"": 10, ""8"": 10, ""9"": 10}","{""800"": 200, ""2400"": 200, ""3200"": 700, ""4000"": 1300, ""4800"": 200, ""5600"": 100, ""6400"": 100}",legacy,False,{},False,False,False,"[""adaptive"", ""adaptive_config"", ""checkpoint"", ""enumerate"", ""posterior"", ""results"", ""seeds""]","[""decisions"", ""decl_id"", ""hands""]","[""action_taken"", ""converged"", ""e_q"", ""e_q_pdf"", ""e_q_var"", ""ess"", ""exploration_mode"", ""greedy_action"", ""legal_mask"", ""max_w"", ""n_samples"", ""player"", ""q_gap"", ""q_per_world"", ""u_max"", ""u_mean"", ""world_hands""]",0.239
gus/data/corpus_train_chunk_1500-1599.pt,legacy_seed_mod_decl,1175324893,1.0946,1500,1599,100,decl_id = seed % 10,True,100,2800,"{""0"": 10, ""1"": 10, ""2"": 10, ""3"": 10, ""4"": 10, ""5"": 10, ""6"": 10, ""7"": 10, ""8"": 10, ""9"": 10}","{""800"": 200, ""2400"": 200, ""3200"": 500, ""4000"": 1200, ""4800"": 700}",legacy,False,{},False,False,False,"[""adaptive"", ""adaptive_config"", ""checkpoint"", ""enumerate"", ""posterior"", ""results"", ""seeds""]","[""decisions"", ""decl_id"", ""hands""]","[""action_taken"", ""converged"", ""e_q"", ""e_q_pdf"", ""e_q_var"", ""ess"", ""exploration_mode"", ""greedy_action"", ""legal_mask"", ""max_w"", ""n_samples"", ""player"", ""q_gap"", ""q_per_world"", ""u_max"", ""u_mean"", ""world_hands""]",0.238
gus/data/corpus_train_chunk_1600-1699.pt,legacy_seed_mod_decl,1130524893,1.0529,1600,1699,100,decl_id = seed % 10,True,100,2800,"{""0"": 10, ""1"": 10, ""2"": 10, ""3"": 10, ""4"": 10, ""5"": 10, ""6"": 10, ""7"": 10, ""8"": 10, ""9"": 10}","{""800"": 200, ""2400"": 200, ""3200"": 900, ""4000"": 1000, ""4800"": 400, ""5600"": 100}",legacy,False,{},False,False,False,"[""adaptive"", ""adaptive_config"", ""checkpoint"", ""enumerate"", ""posterior"", ""results"", ""seeds""]","[""decisions"", ""decl_id"", ""hands""]","[""action_taken"", ""converged"", ""e_q"", ""e_q_pdf"", ""e_q_var"", ""ess"", ""exploration_mode"", ""greedy_action"", ""legal_mask"", ""max_w"", ""n_samples"", ""player"", ""q_gap"", ""q_per_world"", ""u_max"", ""u_mean"", ""world_hands""]",0.286
gus/data/corpus_train_chunk_1700-1799.pt,legacy_seed_mod_decl,1175324893,1.0946,1700,1799,100,decl_id = seed % 10,True,100,2800,"{""0"": 10, ""1"": 10, ""2"": 10, ""3"": 10, ""4"": 10, ""5"": 10, ""6"": 10, ""7"": 10, ""8"": 10, ""9"": 10}","{""800"": 200, ""3200"": 800, ""4000"": 1200, ""4800"": 600}",legacy,False,{},False,False,False,"[""adaptive"", ""adaptive_config"", ""checkpoint"", ""enumerate"", ""posterior"", ""results"", ""seeds""]","[""decisions"", ""decl_id"", ""hands""]","[""action_taken"", ""converged"", ""e_q"", ""e_q_pdf"", ""e_q_var"", ""ess"", ""exploration_mode"", ""greedy_action"", ""legal_mask"", ""max_w"", ""n_samples"", ""player"", ""q_gap"", ""q_per_world"", ""u_max"", ""u_mean"", ""world_hands""]",0.298
gus/data/corpus_train_chunk_1800-1899.pt,legacy_seed_mod_decl,1058844893,0.9861,1800,1899,100,decl_id = seed % 10,True,100,2800,"{""0"": 10, ""1"": 10, ""2"": 10, ""3"": 10, ""4"": 10, ""5"": 10, ""6"": 10, ""7"": 10, ""8"": 10, ""9"": 10}","{""800"": 200, ""1600"": 300, ""3200"": 1100, ""4000"": 700, ""4800"": 500}",legacy,False,{},False,False,False,"[""adaptive"", ""adaptive_config"", ""checkpoint"", ""enumerate"", ""posterior"", ""results"", ""seeds""]","[""decisions"", ""decl_id"", ""hands""]","[""action_taken"", ""converged"", ""e_q"", ""e_q_pdf"", ""e_q_var"", ""ess"", ""exploration_mode"", ""greedy_action"", ""legal_mask"", ""max_w"", ""n_samples"", ""player"", ""q_gap"", ""q_per_world"", ""u_max"", ""u_mean"", ""world_hands""]",0.278
gus/data/corpus_train_chunk_1900-1999.pt,legacy_seed_mod_decl,1193244893,1.1113,1900,1999,100,decl_id = seed % 10,True,100,2800,"{""0"": 10, ""1"": 10, ""2"": 10, ""3"": 10, ""4"": 10, ""5"": 10, ""6"": 10, ""7"": 10, ""8"": 10, ""9"": 10}","{""800"": 200, ""2400"": 100, ""3200"": 600, ""4000"": 1300, ""4800"": 400, ""5600"": 200}",legacy,False,{},False,False,False,"[""adaptive"", ""adaptive_config"", ""checkpoint"", ""enumerate"", ""posterior"", ""results"", ""seeds""]","[""decisions"", ""decl_id"", ""hands""]","[""action_taken"", ""converged"", ""e_q"", ""e_q_pdf"", ""e_q_var"", ""ess"", ""exploration_mode"", ""greedy_action"", ""legal_mask"", ""max_w"", ""n_samples"", ""player"", ""q_gap"", ""q_per_world"", ""u_max"", ""u_mean"", ""world_hands""]",0.334
gus/data/corpus_train_chunk_200-299.pt,legacy_seed_mod_decl,1157382305,1.0779,200,299,100,decl_id = seed % 10,True,100,2800,"{""0"": 10, ""1"": 10, ""2"": 10, ""3"": 10, ""4"": 10, ""5"": 10, ""6"": 10, ""7"": 10, ""8"": 10, ""9"": 10}","{""800"": 200, ""2400"": 300, ""3200"": 500, ""4000"": 1100, ""4800"": 700}",legacy,False,{},False,False,False,"[""adaptive"", ""adaptive_config"", ""checkpoint"", ""enumerate"", ""posterior"", ""results"", ""seeds""]","[""decisions"", ""decl_id"", ""hands""]","[""action_taken"", ""converged"", ""e_q"", ""e_q_pdf"", ""e_q_var"", ""ess"", ""exploration_mode"", ""greedy_action"", ""legal_mask"", ""max_w"", ""n_samples"", ""player"", ""q_gap"", ""q_per_world"", ""u_max"", ""u_mean"", ""world_hands""]",0.305
gus/data/corpus_train_chunk_2000-2099.pt,legacy_seed_mod_decl,1193244893,1.1113,2000,2099,100,decl_id = seed % 10,True,100,2800,"{""0"": 10, ""1"": 10, ""2"": 10, ""3"": 10, ""4"": 10, ""5"": 10, ""6"": 10, ""7"": 10, ""8"": 10, ""9"": 10}","{""800"": 200, ""2400"": 100, ""3200"": 600, ""4000"": 1100, ""4800"": 800}",legacy,False,{},False,False,False,"[""adaptive"", ""adaptive_config"", ""checkpoint"", ""enumerate"", ""posterior"", ""results"", ""seeds""]","[""decisions"", ""decl_id"", ""hands""]","[""action_taken"", ""converged"", ""e_q"", ""e_q_pdf"", ""e_q_var"", ""ess"", ""exploration_mode"", ""greedy_action"", ""legal_mask"", ""max_w"", ""n_samples"", ""player"", ""q_gap"", ""q_per_world"", ""u_max"", ""u_mean"", ""world_hands""]",0.325
gus/data/corpus_train_chunk_2100-2199.pt,legacy_seed_mod_decl,1193244893,1.1113,2100,2199,100,decl_id = seed % 10,True,100,2800,"{""0"": 10, ""1"": 10, ""2"": 10, ""3"": 10, ""4"": 10, ""5"": 10, ""6"": 10, ""7"": 10, ""8"": 10, ""9"": 10}","{""800"": 200, ""3200"": 700, ""4000"": 1200, ""4800"": 700}",legacy,False,{},False,False,False,"[""adaptive"", ""adaptive_config"", ""checkpoint"", ""enumerate"", ""posterior"", ""results"", ""seeds""]","[""decisions"", ""decl_id"", ""hands""]","[""action_taken"", ""converged"", ""e_q"", ""e_q_pdf"", ""e_q_var"", ""ess"", ""exploration_mode"", ""greedy_action"", ""legal_mask"", ""max_w"", ""n_samples"", ""player"", ""q_gap"", ""q_per_world"", ""u_max"", ""u_mean"", ""world_hands""]",0.354
gus/data/corpus_train_chunk_2200-2299.pt,legacy_seed_mod_decl,1157404893,1.0779,2200,2299,100,decl_id = seed % 10,True,100,2800,"{""0"": 10, ""1"": 10, ""2"": 10, ""3"": 10, ""4"": 10, ""5"": 10, ""6"": 10, ""7"": 10, ""8"": 10, ""9"": 10}","{""800"": 200, ""2400"": 200, ""3200"": 800, ""4000"": 1100, ""4800"": 200, ""5600"": 300}",legacy,False,{},False,False,False,"[""adaptive"", ""adaptive_config"", ""checkpoint"", ""enumerate"", ""posterior"", ""results"", ""seeds""]","[""decisions"", ""decl_id"", ""hands""]","[""action_taken"", ""converged"", ""e_q"", ""e_q_pdf"", ""e_q_var"", ""ess"", ""exploration_mode"", ""greedy_action"", ""legal_mask"", ""max_w"", ""n_samples"", ""player"", ""q_gap"", ""q_per_world"", ""u_max"", ""u_mean"", ""world_hands""]",0.291
gus/data/corpus_train_chunk_2300-2399.pt,legacy_seed_mod_decl,1139484893,1.0612,2300,2399,100,decl_id = seed % 10,True,100,2800,"{""0"": 10, ""1"": 10, ""2"": 10, ""3"": 10, ""4"": 10, ""5"": 10, ""6"": 10, ""7"": 10, ""8"": 10, ""9"": 10}","{""800"": 200, ""2400"": 300, ""3200"": 700, ""4000"": 900, ""4800"": 700}",legacy,False,{},False,False,False,"[""adaptive"", ""adaptive_config"", ""checkpoint"", ""enumerate"", ""posterior"", ""results"", ""seeds""]","[""decisions"", ""decl_id"", ""hands""]","[""action_taken"", ""converged"", ""e_q"", ""e_q_pdf"", ""e_q_var"", ""ess"", ""exploration_mode"", ""greedy_action"", ""legal_mask"", ""max_w"", ""n_samples"", ""player"", ""q_gap"", ""q_per_world"", ""u_max"", ""u_mean"", ""world_hands""]",0.304
gus/data/corpus_train_chunk_2400-2499.pt,legacy_seed_mod_decl,1112604893,1.0362,2400,2499,100,decl_id = seed % 10,True,100,2800,"{""0"": 10, ""1"": 10, ""2"": 10, ""3"": 10, ""4"": 10, ""5"": 10, ""6"": 10, ""7"": 10, ""8"": 10, ""9"": 10}","{""800"": 200, ""2400"": 200, ""3200"": 900, ""4000"": 1100, ""4800"": 400}",legacy,False,{},False,False,False,"[""adaptive"", ""adaptive_config"", ""checkpoint"", ""enumerate"", ""posterior"", ""results"", ""seeds""]","[""decisions"", ""decl_id"", ""hands""]","[""action_taken"", ""converged"", ""e_q"", ""e_q_pdf"", ""e_q_var"", ""ess"", ""exploration_mode"", ""greedy_action"", ""legal_mask"", ""max_w"", ""n_samples"", ""player"", ""q_gap"", ""q_per_world"", ""u_max"", ""u_mean"", ""world_hands""]",0.331
gus/data/corpus_train_chunk_2500-2599.pt,legacy_seed_mod_decl,1130524893,1.0529,2500,2599,100,decl_id = seed % 10,True,100,2800,"{""0"": 10, ""1"": 10, ""2"": 10, ""3"": 10, ""4"": 10, ""5"": 10, ""6"": 10, ""7"": 10, ""8"": 10, ""9"": 10}","{""800"": 200, ""1600"": 100, ""2400"": 200, ""3200"": 700, ""4000"": 1000, ""4800"": 500, ""5600"": 100}",legacy,False,{},False,False,False,"[""adaptive"", ""adaptive_config"", ""checkpoint"", ""enumerate"", ""posterior"", ""results"", ""seeds""]","[""decisions"", ""decl_id"", ""hands""]","[""action_taken"", ""converged"", ""e_q"", ""e_q_pdf"", ""e_q_var"", ""ess"", ""exploration_mode"", ""greedy_action"", ""legal_mask"", ""max_w"", ""n_samples"", ""player"", ""q_gap"", ""q_per_world"", ""u_max"", ""u_mean"", ""world_hands""]",0.348
gus/data/corpus_train_chunk_2600-2699.pt,legacy_seed_mod_decl,1121564893,1.0445,2600,2699,100,decl_id = seed % 10,True,100,2800,"{""0"": 10, ""1"": 10, ""2"": 10, ""3"": 10, ""4"": 10, ""5"": 10, ""6"": 10, ""7"": 10, ""8"": 10, ""9"": 10}","{""800"": 200, ""2400"": 400, ""3200"": 700, ""4000"": 900, ""4800"": 500, ""5600"": 100}",legacy,False,{},False,False,False,"[""adaptive"", ""adaptive_config"", ""checkpoint"", ""enumerate"", ""posterior"", ""results"", ""seeds""]","[""decisions"", ""decl_id"", ""hands""]","[""action_taken"", ""converged"", ""e_q"", ""e_q_pdf"", ""e_q_var"", ""ess"", ""exploration_mode"", ""greedy_action"", ""legal_mask"", ""max_w"", ""n_samples"", ""player"", ""q_gap"", ""q_per_world"", ""u_max"", ""u_mean"", ""world_hands""]",0.313
gus/data/corpus_train_chunk_2700-2799.pt,legacy_seed_mod_decl,1220124893,1.1363,2700,2799,100,decl_id = seed % 10,True,100,2800,"{""0"": 10, ""1"": 10, ""2"": 10, ""3"": 10, ""4"": 10, ""5"": 10, ""6"": 10, ""7"": 10, ""8"": 10, ""9"": 10}","{""800"": 200, ""2400"": 100, ""3200"": 500, ""4000"": 1200, ""4800"": 600, ""5600"": 200}",legacy,False,{},False,False,False,"[""adaptive"", ""adaptive_config"", ""checkpoint"", ""enumerate"", ""posterior"", ""results"", ""seeds""]","[""decisions"", ""decl_id"", ""hands""]","[""action_taken"", ""converged"", ""e_q"", ""e_q_pdf"", ""e_q_var"", ""ess"", ""exploration_mode"", ""greedy_action"", ""legal_mask"", ""max_w"", ""n_samples"", ""player"", ""q_gap"", ""q_per_world"", ""u_max"", ""u_mean"", ""world_hands""]",0.345
gus/data/corpus_train_chunk_2800-2899.pt,legacy_seed_mod_decl,1309724893,1.2198,2800,2899,100,decl_id = seed % 10,True,100,2800,"{""0"": 10, ""1"": 10, ""2"": 10, ""3"": 10, ""4"": 10, ""5"": 10, ""6"": 10, ""7"": 10, ""8"": 10, ""9"": 10}","{""800"": 200, ""3200"": 300, ""4000"": 1100, ""4800"": 800, ""5600"": 400}",legacy,False,{},False,False,False,"[""adaptive"", ""adaptive_config"", ""checkpoint"", ""enumerate"", ""posterior"", ""results"", ""seeds""]","[""decisions"", ""decl_id"", ""hands""]","[""action_taken"", ""converged"", ""e_q"", ""e_q_pdf"", ""e_q_var"", ""ess"", ""exploration_mode"", ""greedy_action"", ""legal_mask"", ""max_w"", ""n_samples"", ""player"", ""q_gap"", ""q_per_world"", ""u_max"", ""u_mean"", ""world_hands""]",0.311
gus/data/corpus_train_chunk_2900-2999.pt,legacy_seed_mod_decl,1130524893,1.0529,2900,2999,100,decl_id = seed % 10,True,100,2800,"{""0"": 10, ""1"": 10, ""2"": 10, ""3"": 10, ""4"": 10, ""5"": 10, ""6"": 10, ""7"": 10, ""8"": 10, ""9"": 10}","{""800"": 200, ""2400"": 300, ""3200"": 600, ""4000"": 1200, ""4800"": 500}",legacy,False,{},False,False,False,"[""adaptive"", ""adaptive_config"", ""checkpoint"", ""enumerate"", ""posterior"", ""results"", ""seeds""]","[""decisions"", ""decl_id"", ""hands""]","[""action_taken"", ""converged"", ""e_q"", ""e_q_pdf"", ""e_q_var"", ""ess"", ""exploration_mode"", ""greedy_action"", ""legal_mask"", ""max_w"", ""n_samples"", ""player"", ""q_gap"", ""q_per_world"", ""u_max"", ""u_mean"", ""world_hands""]",0.282
gus/data/corpus_train_chunk_300-399.pt,legacy_seed_mod_decl,1130502369,1.0529,300,399,100,decl_id = seed % 10,True,100,2800,"{""0"": 10, ""1"": 10, ""2"": 10, ""3"": 10, ""4"": 10, ""5"": 10, ""6"": 10, ""7"": 10, ""8"": 10, ""9"": 10}","{""800"": 200, ""2400"": 200, ""3200"": 800, ""4000"": 1100, ""4800"": 500}",legacy,False,{},False,False,False,"[""adaptive"", ""adaptive_config"", ""checkpoint"", ""enumerate"", ""posterior"", ""results"", ""seeds""]","[""decisions"", ""decl_id"", ""hands""]","[""action_taken"", ""converged"", ""e_q"", ""e_q_pdf"", ""e_q_var"", ""ess"", ""exploration_mode"", ""greedy_action"", ""legal_mask"", ""max_w"", ""n_samples"", ""player"", ""q_gap"", ""q_per_world"", ""u_max"", ""u_mean"", ""world_hands""]",0.285
gus/data/corpus_train_chunk_3000-3099.pt,legacy_seed_mod_decl,1148444893,1.0696,3000,3099,100,decl_id = seed % 10,True,100,2800,"{""0"": 10, ""1"": 10, ""2"": 10, ""3"": 10, ""4"": 10, ""5"": 10, ""6"": 10, ""7"": 10, ""8"": 10, ""9"": 10}","{""800"": 200, ""2400"": 200, ""3200"": 600, ""4000"": 1300, ""4800"": 500}",legacy,False,{},False,False,False,"[""adaptive"", ""adaptive_config"", ""checkpoint"", ""enumerate"", ""posterior"", ""results"", ""seeds""]","[""decisions"", ""decl_id"", ""hands""]","[""action_taken"", ""converged"", ""e_q"", ""e_q_pdf"", ""e_q_var"", ""ess"", ""exploration_mode"", ""greedy_action"", ""legal_mask"", ""max_w"", ""n_samples"", ""player"", ""q_gap"", ""q_per_world"", ""u_max"", ""u_mean"", ""world_hands""]",0.317
gus/data/corpus_train_chunk_3100-3199.pt,legacy_seed_mod_decl,1130524893,1.0529,3100,3199,100,decl_id = seed % 10,True,100,2800,"{""0"": 10, ""1"": 10, ""2"": 10, ""3"": 10, ""4"": 10, ""5"": 10, ""6"": 10, ""7"": 10, ""8"": 10, ""9"": 10}","{""800"": 200, ""1600"": 100, ""2400"": 300, ""3200"": 500, ""4000"": 1100, ""4800"": 500, ""5600"": 100}",legacy,False,{},False,False,False,"[""adaptive"", ""adaptive_config"", ""checkpoint"", ""enumerate"", ""posterior"", ""results"", ""seeds""]","[""decisions"", ""decl_id"", ""hands""]","[""action_taken"", ""converged"", ""e_q"", ""e_q_pdf"", ""e_q_var"", ""ess"", ""exploration_mode"", ""greedy_action"", ""legal_mask"", ""max_w"", ""n_samples"", ""player"", ""q_gap"", ""q_per_world"", ""u_max"", ""u_mean"", ""world_hands""]",0.308
gus/data/corpus_train_chunk_3200-3299.pt,legacy_seed_mod_decl,1139484893,1.0612,3200,3299,100,decl_id = seed % 10,True,100,2800,"{""0"": 10, ""1"": 10, ""2"": 10, ""3"": 10, ""4"": 10, ""5"": 10, ""6"": 10, ""7"": 10, ""8"": 10, ""9"": 10}","{""800"": 200, ""2400"": 100, ""3200"": 1000, ""4000"": 900, ""4800"": 600}",legacy,False,{},False,False,False,"[""adaptive"", ""adaptive_config"", ""checkpoint"", ""enumerate"", ""posterior"", ""results"", ""seeds""]","[""decisions"", ""decl_id"", ""hands""]","[""action_taken"", ""converged"", ""e_q"", ""e_q_pdf"", ""e_q_var"", ""ess"", ""exploration_mode"", ""greedy_action"", ""legal_mask"", ""max_w"", ""n_samples"", ""player"", ""q_gap"", ""q_per_world"", ""u_max"", ""u_mean"", ""world_hands""]",0.336
gus/data/corpus_train_chunk_3300-3399.pt,legacy_seed_mod_decl,1139484893,1.0612,3300,3399,100,decl_id = seed % 10,True,100,2800,"{""0"": 10, ""1"": 10, ""2"": 10, ""3"": 10, ""4"": 10, ""5"": 10, ""6"": 10, ""7"": 10, ""8"": 10, ""9"": 10}","{""800"": 200, ""1600"": 100, ""2400"": 200, ""3200"": 400, ""4000"": 1400, ""4800"": 500}",legacy,False,{},False,False,False,"[""adaptive"", ""adaptive_config"", ""checkpoint"", ""enumerate"", ""posterior"", ""results"", ""seeds""]","[""decisions"", ""decl_id"", ""hands""]","[""action_taken"", ""converged"", ""e_q"", ""e_q_pdf"", ""e_q_var"", ""ess"", ""exploration_mode"", ""greedy_action"", ""legal_mask"", ""max_w"", ""n_samples"", ""player"", ""q_gap"", ""q_per_world"", ""u_max"", ""u_mean"", ""world_hands""]",0.298
gus/data/corpus_train_chunk_3400-3499.pt,legacy_seed_mod_decl,1193244893,1.1113,3400,3499,100,decl_id = seed % 10,True,100,2800,"{""0"": 10, ""1"": 10, ""2"": 10, ""3"": 10, ""4"": 10, ""5"": 10, ""6"": 10, ""7"": 10, ""8"": 10, ""9"": 10}","{""800"": 200, ""3200"": 700, ""4000"": 1200, ""4800"": 700}",legacy,False,{},False,False,False,"[""adaptive"", ""adaptive_config"", ""checkpoint"", ""enumerate"", ""posterior"", ""results"", ""seeds""]","[""decisions"", ""decl_id"", ""hands""]","[""action_taken"", ""converged"", ""e_q"", ""e_q_pdf"", ""e_q_var"", ""ess"", ""exploration_mode"", ""greedy_action"", ""legal_mask"", ""max_w"", ""n_samples"", ""player"", ""q_gap"", ""q_per_world"", ""u_max"", ""u_mean"", ""world_hands""]",0.251
gus/data/corpus_train_chunk_3500-3599.pt,legacy_seed_mod_decl,1148444893,1.0696,3500,3599,100,decl_id = seed % 10,True,100,2800,"{""0"": 10, ""1"": 10, ""2"": 10, ""3"": 10, ""4"": 10, ""5"": 10, ""6"": 10, ""7"": 10, ""8"": 10, ""9"": 10}","{""800"": 200, ""2400"": 400, ""3200"": 300, ""4000"": 1300, ""4800"": 600}",legacy,False,{},False,False,False,"[""adaptive"", ""adaptive_config"", ""checkpoint"", ""enumerate"", ""posterior"", ""results"", ""seeds""]","[""decisions"", ""decl_id"", ""hands""]","[""action_taken"", ""converged"", ""e_q"", ""e_q_pdf"", ""e_q_var"", ""ess"", ""exploration_mode"", ""greedy_action"", ""legal_mask"", ""max_w"", ""n_samples"", ""player"", ""q_gap"", ""q_per_world"", ""u_max"", ""u_mean"", ""world_hands""]",0.227
gus/data/corpus_train_chunk_3600-3699.pt,legacy_seed_mod_decl,1184284893,1.103,3600,3699,100,decl_id = seed % 10,True,100,2800,"{""0"": 10, ""1"": 10, ""2"": 10, ""3"": 10, ""4"": 10, ""5"": 10, ""6"": 10, ""7"": 10, ""8"": 10, ""9"": 10}","{""800"": 200, ""2400"": 300, ""3200"": 300, ""4000"": 1300, ""4800"": 600, ""5600"": 100}",legacy,False,{},False,False,False,"[""adaptive"", ""adaptive_config"", ""checkpoint"", ""enumerate"", ""posterior"", ""results"", ""seeds""]","[""decisions"", ""decl_id"", ""hands""]","[""action_taken"", ""converged"", ""e_q"", ""e_q_pdf"", ""e_q_var"", ""ess"", ""exploration_mode"", ""greedy_action"", ""legal_mask"", ""max_w"", ""n_samples"", ""player"", ""q_gap"", ""q_per_world"", ""u_max"", ""u_mean"", ""world_hands""]",0.262
gus/data/corpus_train_chunk_3700-3799.pt,legacy_seed_mod_decl,1175324893,1.0946,3700,3799,100,decl_id = seed % 10,True,100,2800,"{""0"": 10, ""1"": 10, ""2"": 10, ""3"": 10, ""4"": 10, ""5"": 10, ""6"": 10, ""7"": 10, ""8"": 10, ""9"": 10}","{""800"": 200, ""2400"": 400, ""3200"": 400, ""4000"": 900, ""4800"": 800, ""5600"": 100}",legacy,False,{},False,False,False,"[""adaptive"", ""adaptive_config"", ""checkpoint"", ""enumerate"", ""posterior"", ""results"", ""seeds""]","[""decisions"", ""decl_id"", ""hands""]","[""action_taken"", ""converged"", ""e_q"", ""e_q_pdf"", ""e_q_var"", ""ess"", ""exploration_mode"", ""greedy_action"", ""legal_mask"", ""max_w"", ""n_samples"", ""player"", ""q_gap"", ""q_per_world"", ""u_max"", ""u_mean"", ""world_hands""]",0.255
gus/data/corpus_train_chunk_3800-3899.pt,legacy_seed_mod_decl,1211164893,1.128,3800,3899,100,decl_id = seed % 10,True,100,2800,"{""0"": 10, ""1"": 10, ""2"": 10, ""3"": 10, ""4"": 10, ""5"": 10, ""6"": 10, ""7"": 10, ""8"": 10, ""9"": 10}","{""800"": 200, ""3200"": 700, ""4000"": 1000, ""4800"": 900}",legacy,False,{},False,False,False,"[""adaptive"", ""adaptive_config"", ""checkpoint"", ""enumerate"", ""posterior"", ""results"", ""seeds""]","[""decisions"", ""decl_id"", ""hands""]","[""action_taken"", ""converged"", ""e_q"", ""e_q_pdf"", ""e_q_var"", ""ess"", ""exploration_mode"", ""greedy_action"", ""legal_mask"", ""max_w"", ""n_samples"", ""player"", ""q_gap"", ""q_per_world"", ""u_max"", ""u_mean"", ""world_hands""]",0.259
gus/data/corpus_train_chunk_3900-3999.pt,legacy_seed_mod_decl,1193244893,1.1113,3900,3999,100,decl_id = seed % 10,True,100,2800,"{""0"": 10, ""1"": 10, ""2"": 10, ""3"": 10, ""4"": 10, ""5"": 10, ""6"": 10, ""7"": 10, ""8"": 10, ""9"": 10}","{""800"": 200, ""2400"": 300, ""3200"": 400, ""4000"": 1000, ""4800"": 800, ""5600"": 100}",legacy,False,{},False,False,False,"[""adaptive"", ""adaptive_config"", ""checkpoint"", ""enumerate"", ""posterior"", ""results"", ""seeds""]","[""decisions"", ""decl_id"", ""hands""]","[""action_taken"", ""converged"", ""e_q"", ""e_q_pdf"", ""e_q_var"", ""ess"", ""exploration_mode"", ""greedy_action"", ""legal_mask"", ""max_w"", ""n_samples"", ""player"", ""q_gap"", ""q_per_world"", ""u_max"", ""u_mean"", ""world_hands""]",0.253
gus/data/corpus_train_chunk_400-499.pt,legacy_seed_mod_decl,1148422369,1.0696,400,499,100,decl_id = seed % 10,True,100,2800,"{""0"": 10, ""1"": 10, ""2"": 10, ""3"": 10, ""4"": 10, ""5"": 10, ""6"": 10, ""7"": 10, ""8"": 10, ""9"": 10}","{""800"": 200, ""2400"": 200, ""3200"": 800, ""4000"": 900, ""4800"": 700}",legacy,False,{},False,False,False,"[""adaptive"", ""adaptive_config"", ""checkpoint"", ""enumerate"", ""posterior"", ""results"", ""seeds""]","[""decisions"", ""decl_id"", ""hands""]","[""action_taken"", ""converged"", ""e_q"", ""e_q_pdf"", ""e_q_var"", ""ess"", ""exploration_mode"", ""greedy_action"", ""legal_mask"", ""max_w"", ""n_samples"", ""player"", ""q_gap"", ""q_per_world"", ""u_max"", ""u_mean"", ""world_hands""]",0.245
gus/data/corpus_train_chunk_4000-4099.pt,legacy_seed_mod_decl,1103644893,1.0278,4000,4099,100,decl_id = seed % 10,True,100,2800,"{""0"": 10, ""1"": 10, ""2"": 10, ""3"": 10, ""4"": 10, ""5"": 10, ""6"": 10, ""7"": 10, ""8"": 10, ""9"": 10}","{""800"": 200, ""2400"": 200, ""3200"": 1000, ""4000"": 1000, ""4800"": 400}",legacy,False,{},False,False,False,"[""adaptive"", ""adaptive_config"", ""checkpoint"", ""enumerate"", ""posterior"", ""results"", ""seeds""]","[""decisions"", ""decl_id"", ""hands""]","[""action_taken"", ""converged"", ""e_q"", ""e_q_pdf"", ""e_q_var"", ""ess"", ""exploration_mode"", ""greedy_action"", ""legal_mask"", ""max_w"", ""n_samples"", ""player"", ""q_gap"", ""q_per_world"", ""u_max"", ""u_mean"", ""world_hands""]",0.24
gus/data/corpus_train_chunk_4100-4199.pt,legacy_seed_mod_decl,1202204893,1.1196,4100,4199,100,decl_id = seed % 10,True,100,2800,"{""0"": 10, ""1"": 10, ""2"": 10, ""3"": 10, ""4"": 10, ""5"": 10, ""6"": 10, ""7"": 10, ""8"": 10, ""9"": 10}","{""800"": 200, ""3200"": 600, ""4000"": 1300, ""4800"": 700}",legacy,False,{},False,False,False,"[""adaptive"", ""adaptive_config"", ""checkpoint"", ""enumerate"", ""posterior"", ""results"", ""seeds""]","[""decisions"", ""decl_id"", ""hands""]","[""action_taken"", ""converged"", ""e_q"", ""e_q_pdf"", ""e_q_var"", ""ess"", ""exploration_mode"", ""greedy_action"", ""legal_mask"", ""max_w"", ""n_samples"", ""player"", ""q_gap"", ""q_per_world"", ""u_max"", ""u_mean"", ""world_hands""]",0.26
gus/data/corpus_train_chunk_4200-4299.pt,legacy_seed_mod_decl,1184284893,1.103,4200,4299,100,decl_id = seed % 10,True,100,2800,"{""0"": 10, ""1"": 10, ""2"": 10, ""3"": 10, ""4"": 10, ""5"": 10, ""6"": 10, ""7"": 10, ""8"": 10, ""9"": 10}","{""800"": 200, ""2400"": 200, ""3200"": 700, ""4000"": 1000, ""4800"": 500, ""5600"": 100, ""6400"": 100}",legacy,False,{},False,False,False,"[""adaptive"", ""adaptive_config"", ""checkpoint"", ""enumerate"", ""posterior"", ""results"", ""seeds""]","[""decisions"", ""decl_id"", ""hands""]","[""action_taken"", ""converged"", ""e_q"", ""e_q_pdf"", ""e_q_var"", ""ess"", ""exploration_mode"", ""greedy_action"", ""legal_mask"", ""max_w"", ""n_samples"", ""player"", ""q_gap"", ""q_per_world"", ""u_max"", ""u_mean"", ""world_hands""]",0.237
gus/data/corpus_train_chunk_4300-4399.pt,legacy_seed_mod_decl,1202204893,1.1196,4300,4399,100,decl_id = seed % 10,True,100,2800,"{""0"": 10, ""1"": 10, ""2"": 10, ""3"": 10, ""4"": 10, ""5"": 10, ""6"": 10, ""7"": 10, ""8"": 10, ""9"": 10}","{""800"": 200, ""1600"": 100, ""3200"": 500, ""4000"": 1100, ""4800"": 900}",legacy,False,{},False,False,False,"[""adaptive"", ""adaptive_config"", ""checkpoint"", ""enumerate"", ""posterior"", ""results"", ""seeds""]","[""decisions"", ""decl_id"", ""hands""]","[""action_taken"", ""converged"", ""e_q"", ""e_q_pdf"", ""e_q_var"", ""ess"", ""exploration_mode"", ""greedy_action"", ""legal_mask"", ""max_w"", ""n_samples"", ""player"", ""q_gap"", ""q_per_world"", ""u_max"", ""u_mean"", ""world_hands""]",0.255
gus/data/corpus_train_chunk_4400-4499.pt,legacy_seed_mod_decl,1166364893,1.0863,4400,4499,100,decl_id = seed % 10,True,100,2800,"{""0"": 10, ""1"": 10, ""2"": 10, ""3"": 10, ""4"": 10, ""5"": 10, ""6"": 10, ""7"": 10, ""8"": 10, ""9"": 10}","{""800"": 200, ""2400"": 300, ""3200"": 400, ""4000"": 1300, ""4800"": 500, ""5600"": 100}",legacy,False,{},False,False,False,"[""adaptive"", ""adaptive_config"", ""checkpoint"", ""enumerate"", ""posterior"", ""results"", ""seeds""]","[""decisions"", ""decl_id"", ""hands""]","[""action_taken"", ""converged"", ""e_q"", ""e_q_pdf"", ""e_q_var"", ""ess"", ""exploration_mode"", ""greedy_action"", ""legal_mask"", ""max_w"", ""n_samples"", ""player"", ""q_gap"", ""q_per_world"", ""u_max"", ""u_mean"", ""world_hands""]",0.246
gus/data/corpus_train_chunk_4500-4599.pt,legacy_seed_mod_decl,1193244893,1.1113,4500,4599,100,decl_id = seed % 10,True,100,2800,"{""0"": 10, ""1"": 10, ""2"": 10, ""3"": 10, ""4"": 10, ""5"": 10, ""6"": 10, ""7"": 10, ""8"": 10, ""9"": 10}","{""800"": 200, ""3200"": 400, ""4000"": 1800, ""4800"": 400}",legacy,False,{},False,False,False,"[""adaptive"", ""adaptive_config"", ""checkpoint"", ""enumerate"", ""posterior"", ""results"", ""seeds""]","[""decisions"", ""decl_id"", ""hands""]","[""action_taken"", ""converged"", ""e_q"", ""e_q_pdf"", ""e_q_var"", ""ess"", ""exploration_mode"", ""greedy_action"", ""legal_mask"", ""max_w"", ""n_samples"", ""player"", ""q_gap"", ""q_per_world"", ""u_max"", ""u_mean"", ""world_hands""]",0.237
gus/data/corpus_train_chunk_4600-4699.pt,legacy_seed_mod_decl,1238044893,1.153,4600,4699,100,decl_id = seed % 10,True,100,2800,"{""0"": 10, ""1"": 10, ""2"": 10, ""3"": 10, ""4"": 10, ""5"": 10, ""6"": 10, ""7"": 10, ""8"": 10, ""9"": 10}","{""800"": 200, ""3200"": 400, ""4000"": 1300, ""4800"": 900}",legacy,False,{},False,False,False,"[""adaptive"", ""adaptive_config"", ""checkpoint"", ""enumerate"", ""posterior"", ""results"", ""seeds""]","[""decisions"", ""decl_id"", ""hands""]","[""action_taken"", ""converged"", ""e_q"", ""e_q_pdf"", ""e_q_var"", ""ess"", ""exploration_mode"", ""greedy_action"", ""legal_mask"", ""max_w"", ""n_samples"", ""player"", ""q_gap"", ""q_per_world"", ""u_max"", ""u_mean"", ""world_hands""]",0.236
gus/data/corpus_train_chunk_4700-4799.pt,legacy_seed_mod_decl,1103644893,1.0278,4700,4799,100,decl_id = seed % 10,True,100,2800,"{""0"": 10, ""1"": 10, ""2"": 10, ""3"": 10, ""4"": 10, ""5"": 10, ""6"": 10, ""7"": 10, ""8"": 10, ""9"": 10}","{""800"": 200, ""1600"": 100, ""2400"": 200, ""3200"": 800, ""4000"": 1000, ""4800"": 500}",legacy,False,{},False,False,False,"[""adaptive"", ""adaptive_config"", ""checkpoint"", ""enumerate"", ""posterior"", ""results"", ""seeds""]","[""decisions"", ""decl_id"", ""hands""]","[""action_taken"", ""converged"", ""e_q"", ""e_q_pdf"", ""e_q_var"", ""ess"", ""exploration_mode"", ""greedy_action"", ""legal_mask"", ""max_w"", ""n_samples"", ""player"", ""q_gap"", ""q_per_world"", ""u_max"", ""u_mean"", ""world_hands""]",0.249
gus/data/corpus_train_chunk_4800-4899.pt,legacy_seed_mod_decl,1121564893,1.0445,4800,4899,100,decl_id = seed % 10,True,100,2800,"{""0"": 10, ""1"": 10, ""2"": 10, ""3"": 10, ""4"": 10, ""5"": 10, ""6"": 10, ""7"": 10, ""8"": 10, ""9"": 10}","{""800"": 200, ""2400"": 300, ""3200"": 900, ""4000"": 800, ""4800"": 500, ""5600"": 100}",legacy,False,{},False,False,False,"[""adaptive"", ""adaptive_config"", ""checkpoint"", ""enumerate"", ""posterior"", ""results"", ""seeds""]","[""decisions"", ""decl_id"", ""hands""]","[""action_taken"", ""converged"", ""e_q"", ""e_q_pdf"", ""e_q_var"", ""ess"", ""exploration_mode"", ""greedy_action"", ""legal_mask"", ""max_w"", ""n_samples"", ""player"", ""q_gap"", ""q_per_world"", ""u_max"", ""u_mean"", ""world_hands""]",0.234
gus/data/corpus_train_chunk_4900-4999.pt,legacy_seed_mod_decl,1166364893,1.0863,4900,4999,100,decl_id = seed % 10,True,100,2800,"{""0"": 10, ""1"": 10, ""2"": 10, ""3"": 10, ""4"": 10, ""5"": 10, ""6"": 10, ""7"": 10, ""8"": 10, ""9"": 10}","{""800"": 200, ""2400"": 200, ""3200"": 800, ""4000"": 700, ""4800"": 900}",legacy,False,{},False,False,False,"[""adaptive"", ""adaptive_config"", ""checkpoint"", ""enumerate"", ""posterior"", ""results"", ""seeds""]","[""decisions"", ""decl_id"", ""hands""]","[""action_taken"", ""converged"", ""e_q"", ""e_q_pdf"", ""e_q_var"", ""ess"", ""exploration_mode"", ""greedy_action"", ""legal_mask"", ""max_w"", ""n_samples"", ""player"", ""q_gap"", ""q_per_world"", ""u_max"", ""u_mean"", ""world_hands""]",0.25
gus/data/corpus_train_chunk_500-599.pt,legacy_seed_mod_decl,1094662369,1.0195,500,599,100,decl_id = seed % 10,True,100,2800,"{""0"": 10, ""1"": 10, ""2"": 10, ""3"": 10, ""4"": 10, ""5"": 10, ""6"": 10, ""7"": 10, ""8"": 10, ""9"": 10}","{""800"": 200, ""2400"": 300, ""3200"": 900, ""4000"": 1000, ""4800"": 400}",legacy,False,{},False,False,False,"[""adaptive"", ""adaptive_config"", ""checkpoint"", ""enumerate"", ""posterior"", ""results"", ""seeds""]","[""decisions"", ""decl_id"", ""hands""]","[""action_taken"", ""converged"", ""e_q"", ""e_q_pdf"", ""e_q_var"", ""ess"", ""exploration_mode"", ""greedy_action"", ""legal_mask"", ""max_w"", ""n_samples"", ""player"", ""q_gap"", ""q_per_world"", ""u_max"", ""u_mean"", ""world_hands""]",0.228
gus/data/corpus_train_chunk_5000-5099.pt,legacy_seed_mod_decl,1255964893,1.1697,5000,5099,100,decl_id = seed % 10,True,100,2800,"{""0"": 10, ""1"": 10, ""2"": 10, ""3"": 10, ""4"": 10, ""5"": 10, ""6"": 10, ""7"": 10, ""8"": 10, ""9"": 10}","{""800"": 200, ""2400"": 200, ""3200"": 200, ""4000"": 1100, ""4800"": 900, ""5600"": 200}",legacy,False,{},False,False,False,"[""adaptive"", ""adaptive_config"", ""checkpoint"", ""enumerate"", ""posterior"", ""results"", ""seeds""]","[""decisions"", ""decl_id"", ""hands""]","[""action_taken"", ""converged"", ""e_q"", ""e_q_pdf"", ""e_q_var"", ""ess"", ""exploration_mode"", ""greedy_action"", ""legal_mask"", ""max_w"", ""n_samples"", ""player"", ""q_gap"", ""q_per_world"", ""u_max"", ""u_mean"", ""world_hands""]",0.238
gus/data/corpus_train_chunk_5100-5199.pt,legacy_seed_mod_decl,1211164893,1.128,5100,5199,100,decl_id = seed % 10,True,100,2800,"{""0"": 10, ""1"": 10, ""2"": 10, ""3"": 10, ""4"": 10, ""5"": 10, ""6"": 10, ""7"": 10, ""8"": 10, ""9"": 10}","{""800"": 200, ""3200"": 700, ""4000"": 1100, ""4800"": 700, ""5600"": 100}",legacy,False,{},False,False,False,"[""adaptive"", ""adaptive_config"", ""checkpoint"", ""enumerate"", ""posterior"", ""results"", ""seeds""]","[""decisions"", ""decl_id"", ""hands""]","[""action_taken"", ""converged"", ""e_q"", ""e_q_pdf"", ""e_q_var"", ""ess"", ""exploration_mode"", ""greedy_action"", ""legal_mask"", ""max_w"", ""n_samples"", ""player"", ""q_gap"", ""q_per_world"", ""u_max"", ""u_mean"", ""world_hands""]",0.241
gus/data/corpus_train_chunk_5200-5299.pt,legacy_seed_mod_decl,1184284893,1.103,5200,5299,100,decl_id = seed % 10,True,100,2800,"{""0"": 10, ""1"": 10, ""2"": 10, ""3"": 10, ""4"": 10, ""5"": 10, ""6"": 10, ""7"": 10, ""8"": 10, ""9"": 10}","{""800"": 200, ""2400"": 100, ""3200"": 800, ""4000"": 900, ""4800"": 700, ""5600"": 100}",legacy,False,{},False,False,False,"[""adaptive"", ""adaptive_config"", ""checkpoint"", ""enumerate"", ""posterior"", ""results"", ""seeds""]","[""decisions"", ""decl_id"", ""hands""]","[""action_taken"", ""converged"", ""e_q"", ""e_q_pdf"", ""e_q_var"", ""ess"", ""exploration_mode"", ""greedy_action"", ""legal_mask"", ""max_w"", ""n_samples"", ""player"", ""q_gap"", ""q_per_world"", ""u_max"", ""u_mean"", ""world_hands""]",0.266
gus/data/corpus_train_chunk_5300-5399.pt,legacy_seed_mod_decl,1085724893,1.0112,5300,5399,100,decl_id = seed % 10,True,100,2800,"{""0"": 10, ""1"": 10, ""2"": 10, ""3"": 10, ""4"": 10, ""5"": 10, ""6"": 10, ""7"": 10, ""8"": 10, ""9"": 10}","{""800"": 200, ""2400"": 500, ""3200"": 600, ""4000"": 1100, ""4800"": 400}",legacy,False,{},False,False,False,"[""adaptive"", ""adaptive_config"", ""checkpoint"", ""enumerate"", ""posterior"", ""results"", ""seeds""]","[""decisions"", ""decl_id"", ""hands""]","[""action_taken"", ""converged"", ""e_q"", ""e_q_pdf"", ""e_q_var"", ""ess"", ""exploration_mode"", ""greedy_action"", ""legal_mask"", ""max_w"", ""n_samples"", ""player"", ""q_gap"", ""q_per_world"", ""u_max"", ""u_mean"", ""world_hands""]",0.23
gus/data/corpus_train_chunk_5400-5499.pt,legacy_seed_mod_decl,1112604893,1.0362,5400,5499,100,decl_id = seed % 10,True,100,2800,"{""0"": 10, ""1"": 10, ""2"": 10, ""3"": 10, ""4"": 10, ""5"": 10, ""6"": 10, ""7"": 10, ""8"": 10, ""9"": 10}","{""800"": 200, ""2400"": 400, ""3200"": 500, ""4000"": 1400, ""4800"": 200, ""5600"": 100}",legacy,False,{},False,False,False,"[""adaptive"", ""adaptive_config"", ""checkpoint"", ""enumerate"", ""posterior"", ""results"", ""seeds""]","[""decisions"", ""decl_id"", ""hands""]","[""action_taken"", ""converged"", ""e_q"", ""e_q_pdf"", ""e_q_var"", ""ess"", ""exploration_mode"", ""greedy_action"", ""legal_mask"", ""max_w"", ""n_samples"", ""player"", ""q_gap"", ""q_per_world"", ""u_max"", ""u_mean"", ""world_hands""]",0.252
gus/data/corpus_train_chunk_5500-5599.pt,legacy_seed_mod_decl,1166364893,1.0863,5500,5599,100,decl_id = seed % 10,True,100,2800,"{""0"": 10, ""1"": 10, ""2"": 10, ""3"": 10, ""4"": 10, ""5"": 10, ""6"": 10, ""7"": 10, ""8"": 10, ""9"": 10}","{""800"": 200, ""3200"": 1000, ""4000"": 900, ""4800"": 700}",legacy,False,{},False,False,False,"[""adaptive"", ""adaptive_config"", ""checkpoint"", ""enumerate"", ""posterior"", ""results"", ""seeds""]","[""decisions"", ""decl_id"", ""hands""]","[""action_taken"", ""converged"", ""e_q"", ""e_q_pdf"", ""e_q_var"", ""ess"", ""exploration_mode"", ""greedy_action"", ""legal_mask"", ""max_w"", ""n_samples"", ""player"", ""q_gap"", ""q_per_world"", ""u_max"", ""u_mean"", ""world_hands""]",0.244
gus/data/corpus_train_chunk_5600-5699.pt,legacy_seed_mod_decl,1211164893,1.128,5600,5699,100,decl_id = seed % 10,True,100,2800,"{""0"": 10, ""1"": 10, ""2"": 10, ""3"": 10, ""4"": 10, ""5"": 10, ""6"": 10, ""7"": 10, ""8"": 10, ""9"": 10}","{""800"": 200, ""2400"": 100, ""3200"": 500, ""4000"": 1400, ""4800"": 400, ""5600"": 100, ""6400"": 100}",legacy,False,{},False,False,False,"[""adaptive"", ""adaptive_config"", ""checkpoint"", ""enumerate"", ""posterior"", ""results"", ""seeds""]","[""decisions"", ""decl_id"", ""hands""]","[""action_taken"", ""converged"", ""e_q"", ""e_q_pdf"", ""e_q_var"", ""ess"", ""exploration_mode"", ""greedy_action"", ""legal_mask"", ""max_w"", ""n_samples"", ""player"", ""q_gap"", ""q_per_world"", ""u_max"", ""u_mean"", ""world_hands""]",0.245
gus/data/corpus_train_chunk_5700-5799.pt,legacy_seed_mod_decl,1049884829,0.9778,5700,5799,100,decl_id = seed % 10,True,100,2800,"{""0"": 10, ""1"": 10, ""2"": 10, ""3"": 10, ""4"": 10, ""5"": 10, ""6"": 10, ""7"": 10, ""8"": 10, ""9"": 10}","{""800"": 200, ""1600"": 100, ""2400"": 500, ""3200"": 700, ""4000"": 900, ""4800"": 400}",legacy,False,{},False,False,False,"[""adaptive"", ""adaptive_config"", ""checkpoint"", ""enumerate"", ""posterior"", ""results"", ""seeds""]","[""decisions"", ""decl_id"", ""hands""]","[""action_taken"", ""converged"", ""e_q"", ""e_q_pdf"", ""e_q_var"", ""ess"", ""exploration_mode"", ""greedy_action"", ""legal_mask"", ""max_w"", ""n_samples"", ""player"", ""q_gap"", ""q_per_world"", ""u_max"", ""u_mean"", ""world_hands""]",0.235
gus/data/corpus_train_chunk_5800-5899.pt,legacy_seed_mod_decl,1229084893,1.1447,5800,5899,100,decl_id = seed % 10,True,100,2800,"{""0"": 10, ""1"": 10, ""2"": 10, ""3"": 10, ""4"": 10, ""5"": 10, ""6"": 10, ""7"": 10, ""8"": 10, ""9"": 10}","{""800"": 200, ""2400"": 100, ""3200"": 500, ""4000"": 1000, ""4800"": 900, ""5600"": 100}",legacy,False,{},False,False,False,"[""adaptive"", ""adaptive_config"", ""checkpoint"", ""enumerate"", ""posterior"", ""results"", ""seeds""]","[""decisions"", ""decl_id"", ""hands""]","[""action_taken"", ""converged"", ""e_q"", ""e_q_pdf"", ""e_q_var"", ""ess"", ""exploration_mode"", ""greedy_action"", ""legal_mask"", ""max_w"", ""n_samples"", ""player"", ""q_gap"", ""q_per_world"", ""u_max"", ""u_mean"", ""world_hands""]",0.263
gus/data/corpus_train_chunk_5900-5999.pt,legacy_seed_mod_decl,1058844829,0.9861,5900,5999,100,decl_id = seed % 10,True,100,2800,"{""0"": 10, ""1"": 10, ""2"": 10, ""3"": 10, ""4"": 10, ""5"": 10, ""6"": 10, ""7"": 10, ""8"": 10, ""9"": 10}","{""800"": 200, ""2400"": 600, ""3200"": 700, ""4000"": 900, ""4800"": 400}",legacy,False,{},False,False,False,"[""adaptive"", ""adaptive_config"", ""checkpoint"", ""enumerate"", ""posterior"", ""results"", ""seeds""]","[""decisions"", ""decl_id"", ""hands""]","[""action_taken"", ""converged"", ""e_q"", ""e_q_pdf"", ""e_q_var"", ""ess"", ""exploration_mode"", ""greedy_action"", ""legal_mask"", ""max_w"", ""n_samples"", ""player"", ""q_gap"", ""q_per_world"", ""u_max"", ""u_mean"", ""world_hands""]",0.226
gus/data/corpus_train_chunk_600-699.pt,legacy_seed_mod_decl,1139462369,1.0612,600,699,100,decl_id = seed % 10,True,100,2800,"{""0"": 10, ""1"": 10, ""2"": 10, ""3"": 10, ""4"": 10, ""5"": 10, ""6"": 10, ""7"": 10, ""8"": 10, ""9"": 10}","{""800"": 200, ""2400"": 300, ""3200"": 500, ""4000"": 1300, ""4800"": 500}",legacy,False,{},False,False,False,"[""adaptive"", ""adaptive_config"", ""checkpoint"", ""enumerate"", ""posterior"", ""results"", ""seeds""]","[""decisions"", ""decl_id"", ""hands""]","[""action_taken"", ""converged"", ""e_q"", ""e_q_pdf"", ""e_q_var"", ""ess"", ""exploration_mode"", ""greedy_action"", ""legal_mask"", ""max_w"", ""n_samples"", ""player"", ""q_gap"", ""q_per_world"", ""u_max"", ""u_mean"", ""world_hands""]",0.251
gus/data/corpus_train_chunk_6000-6099.pt,legacy_seed_mod_decl,1130524893,1.0529,6000,6099,100,decl_id = seed % 10,True,100,2800,"{""0"": 10, ""1"": 10, ""2"": 10, ""3"": 10, ""4"": 10, ""5"": 10, ""6"": 10, ""7"": 10, ""8"": 10, ""9"": 10}","{""800"": 200, ""2400"": 500, ""3200"": 500, ""4000"": 800, ""4800"": 800}",legacy,False,{},False,False,False,"[""adaptive"", ""adaptive_config"", ""checkpoint"", ""enumerate"", ""posterior"", ""results"", ""seeds""]","[""decisions"", ""decl_id"", ""hands""]","[""action_taken"", ""converged"", ""e_q"", ""e_q_pdf"", ""e_q_var"", ""ess"", ""exploration_mode"", ""greedy_action"", ""legal_mask"", ""max_w"", ""n_samples"", ""player"", ""q_gap"", ""q_per_world"", ""u_max"", ""u_mean"", ""world_hands""]",0.238
gus/data/corpus_train_chunk_6100-6199.pt,legacy_seed_mod_decl,1130525149,1.0529,6100,6199,100,decl_id = seed % 10,True,100,2800,"{""0"": 10, ""1"": 10, ""2"": 10, ""3"": 10, ""4"": 10, ""5"": 10, ""6"": 10, ""7"": 10, ""8"": 10, ""9"": 10}","{""800"": 200, ""2400"": 200, ""3200"": 800, ""4000"": 1100, ""4800"": 500}",legacy,False,{},False,False,False,"[""adaptive"", ""adaptive_config"", ""checkpoint"", ""decl_ids"", ""enumerate"", ""n_decl_per_seed"", ""n_seeds"", ""posterior"", ""results"", ""seeds"", ""start_seed""]","[""decisions"", ""decl_id"", ""hands""]","[""action_taken"", ""converged"", ""e_q"", ""e_q_pdf"", ""e_q_var"", ""ess"", ""exploration_mode"", ""greedy_action"", ""legal_mask"", ""max_w"", ""n_samples"", ""player"", ""q_gap"", ""q_per_world"", ""u_max"", ""u_mean"", ""world_hands""]",0.227
gus/data/corpus_train_chunk_6200-6299.pt,legacy_seed_mod_decl,1157405149,1.0779,6200,6299,100,decl_id = seed % 10,True,100,2800,"{""0"": 10, ""1"": 10, ""2"": 10, ""3"": 10, ""4"": 10, ""5"": 10, ""6"": 10, ""7"": 10, ""8"": 10, ""9"": 10}","{""800"": 200, ""2400"": 300, ""3200"": 400, ""4000"": 1400, ""4800"": 400, ""5600"": 100}",legacy,False,{},False,False,False,"[""adaptive"", ""adaptive_config"", ""checkpoint"", ""decl_ids"", ""enumerate"", ""n_decl_per_seed"", ""n_seeds"", ""posterior"", ""results"", ""seeds"", ""start_seed""]","[""decisions"", ""decl_id"", ""hands""]","[""action_taken"", ""converged"", ""e_q"", ""e_q_pdf"", ""e_q_var"", ""ess"", ""exploration_mode"", ""greedy_action"", ""legal_mask"", ""max_w"", ""n_samples"", ""player"", ""q_gap"", ""q_per_world"", ""u_max"", ""u_mean"", ""world_hands""]",0.233
gus/data/corpus_train_chunk_6300-6399.pt,legacy_seed_mod_decl,1166365149,1.0863,6300,6399,100,decl_id = seed % 10,True,100,2800,"{""0"": 10, ""1"": 10, ""2"": 10, ""3"": 10, ""4"": 10, ""5"": 10, ""6"": 10, ""7"": 10, ""8"": 10, ""9"": 10}","{""800"": 200, ""3200"": 700, ""4000"": 1600, ""4800"": 200, ""5600"": 100}",legacy,False,{},False,False,False,"[""adaptive"", ""adaptive_config"", ""checkpoint"", ""decl_ids"", ""enumerate"", ""n_decl_per_seed"", ""n_seeds"", ""posterior"", ""results"", ""seeds"", ""start_seed""]","[""decisions"", ""decl_id"", ""hands""]","[""action_taken"", ""converged"", ""e_q"", ""e_q_pdf"", ""e_q_var"", ""ess"", ""exploration_mode"", ""greedy_action"", ""legal_mask"", ""max_w"", ""n_samples"", ""player"", ""q_gap"", ""q_per_world"", ""u_max"", ""u_mean"", ""world_hands""]",0.249
gus/data/corpus_train_chunk_6400-6499.pt,legacy_seed_mod_decl,1282845213,1.1947,6400,6499,100,decl_id = seed % 10,True,100,2800,"{""0"": 10, ""1"": 10, ""2"": 10, ""3"": 10, ""4"": 10, ""5"": 10, ""6"": 10, ""7"": 10, ""8"": 10, ""9"": 10}","{""800"": 200, ""3200"": 400, ""4000"": 1200, ""4800"": 700, ""5600"": 200, ""6400"": 100}",legacy,False,{},False,False,False,"[""adaptive"", ""adaptive_config"", ""checkpoint"", ""decl_ids"", ""enumerate"", ""n_decl_per_seed"", ""n_seeds"", ""posterior"", ""results"", ""seeds"", ""start_seed""]","[""decisions"", ""decl_id"", ""hands""]","[""action_taken"", ""converged"", ""e_q"", ""e_q_pdf"", ""e_q_var"", ""ess"", ""exploration_mode"", ""greedy_action"", ""legal_mask"", ""max_w"", ""n_samples"", ""player"", ""q_gap"", ""q_per_world"", ""u_max"", ""u_mean"", ""world_hands""]",0.243
gus/data/corpus_train_chunk_6500-6599.pt,legacy_seed_mod_decl,1229085213,1.1447,6500,6599,100,decl_id = seed % 10,True,100,2800,"{""0"": 10, ""1"": 10, ""2"": 10, ""3"": 10, ""4"": 10, ""5"": 10, ""6"": 10, ""7"": 10, ""8"": 10, ""9"": 10}","{""800"": 200, ""3200"": 500, ""4000"": 1200, ""4800"": 900}",legacy,False,{},False,False,False,"[""adaptive"", ""adaptive_config"", ""checkpoint"", ""decl_ids"", ""enumerate"", ""n_decl_per_seed"", ""n_seeds"", ""posterior"", ""results"", ""seeds"", ""start_seed""]","[""decisions"", ""decl_id"", ""hands""]","[""action_taken"", ""converged"", ""e_q"", ""e_q_pdf"", ""e_q_var"", ""ess"", ""exploration_mode"", ""greedy_action"", ""legal_mask"", ""max_w"", ""n_samples"", ""player"", ""q_gap"", ""q_per_world"", ""u_max"", ""u_mean"", ""world_hands""]",0.261
gus/data/corpus_train_chunk_6600-6699.pt,legacy_seed_mod_decl,1211165149,1.128,6600,6699,100,decl_id = seed % 10,True,100,2800,"{""0"": 10, ""1"": 10, ""2"": 10, ""3"": 10, ""4"": 10, ""5"": 10, ""6"": 10, ""7"": 10, ""8"": 10, ""9"": 10}","{""800"": 200, ""2400"": 200, ""3200"": 300, ""4000"": 1400, ""4800"": 500, ""5600"": 200}",legacy,False,{},False,False,False,"[""adaptive"", ""adaptive_config"", ""checkpoint"", ""decl_ids"", ""enumerate"", ""n_decl_per_seed"", ""n_seeds"", ""posterior"", ""results"", ""seeds"", ""start_seed""]","[""decisions"", ""decl_id"", ""hands""]","[""action_taken"", ""converged"", ""e_q"", ""e_q_pdf"", ""e_q_var"", ""ess"", ""exploration_mode"", ""greedy_action"", ""legal_mask"", ""max_w"", ""n_samples"", ""player"", ""q_gap"", ""q_per_world"", ""u_max"", ""u_mean"", ""world_hands""]",0.238
gus/data/corpus_train_chunk_6700-6799.pt,legacy_seed_mod_decl,1166365149,1.0863,6700,6799,100,decl_id = seed % 10,True,100,2800,"{""0"": 10, ""1"": 10, ""2"": 10, ""3"": 10, ""4"": 10, ""5"": 10, ""6"": 10, ""7"": 10, ""8"": 10, ""9"": 10}","{""800"": 200, ""2400"": 300, ""3200"": 400, ""4000"": 1300, ""4800"": 500, ""5600"": 100}",legacy,False,{},False,False,False,"[""adaptive"", ""adaptive_config"", ""checkpoint"", ""decl_ids"", ""enumerate"", ""n_decl_per_seed"", ""n_seeds"", ""posterior"", ""results"", ""seeds"", ""start_seed""]","[""decisions"", ""decl_id"", ""hands""]","[""action_taken"", ""converged"", ""e_q"", ""e_q_pdf"", ""e_q_var"", ""ess"", ""exploration_mode"", ""greedy_action"", ""legal_mask"", ""max_w"", ""n_samples"", ""player"", ""q_gap"", ""q_per_world"", ""u_max"", ""u_mean"", ""world_hands""]",0.234
gus/data/corpus_train_chunk_6800-6899.pt,legacy_seed_mod_decl,1103645149,1.0278,6800,6899,100,decl_id = seed % 10,True,100,2800,"{""0"": 10, ""1"": 10, ""2"": 10, ""3"": 10, ""4"": 10, ""5"": 10, ""6"": 10, ""7"": 10, ""8"": 10, ""9"": 10}","{""800"": 200, ""2400"": 200, ""3200"": 1000, ""4000"": 1000, ""4800"": 400}",legacy,False,{},False,False,False,"[""adaptive"", ""adaptive_config"", ""checkpoint"", ""decl_ids"", ""enumerate"", ""n_decl_per_seed"", ""n_seeds"", ""posterior"", ""results"", ""seeds"", ""start_seed""]","[""decisions"", ""decl_id"", ""hands""]","[""action_taken"", ""converged"", ""e_q"", ""e_q_pdf"", ""e_q_var"", ""ess"", ""exploration_mode"", ""greedy_action"", ""legal_mask"", ""max_w"", ""n_samples"", ""player"", ""q_gap"", ""q_per_world"", ""u_max"", ""u_mean"", ""world_hands""]",0.234
gus/data/corpus_train_chunk_6900-6999.pt,legacy_seed_mod_decl,1238045213,1.153,6900,6999,100,decl_id = seed % 10,True,100,2800,"{""0"": 10, ""1"": 10, ""2"": 10, ""3"": 10, ""4"": 10, ""5"": 10, ""6"": 10, ""7"": 10, ""8"": 10, ""9"": 10}","{""800"": 200, ""2400"": 100, ""3200"": 500, ""4000"": 1000, ""4800"": 800, ""5600"": 200}",legacy,False,{},False,False,False,"[""adaptive"", ""adaptive_config"", ""checkpoint"", ""decl_ids"", ""enumerate"", ""n_decl_per_seed"", ""n_seeds"", ""posterior"", ""results"", ""seeds"", ""start_seed""]","[""decisions"", ""decl_id"", ""hands""]","[""action_taken"", ""converged"", ""e_q"", ""e_q_pdf"", ""e_q_var"", ""ess"", ""exploration_mode"", ""greedy_action"", ""legal_mask"", ""max_w"", ""n_samples"", ""player"", ""q_gap"", ""q_per_world"", ""u_max"", ""u_mean"", ""world_hands""]",0.271
gus/data/corpus_train_chunk_700-799.pt,legacy_seed_mod_decl,1112582369,1.0362,700,799,100,decl_id = seed % 10,True,100,2800,"{""0"": 10, ""1"": 10, ""2"": 10, ""3"": 10, ""4"": 10, ""5"": 10, ""6"": 10, ""7"": 10, ""8"": 10, ""9"": 10}","{""800"": 200, ""2400"": 300, ""3200"": 700, ""4000"": 1200, ""4800"": 400}",legacy,False,{},False,False,False,"[""adaptive"", ""adaptive_config"", ""checkpoint"", ""enumerate"", ""posterior"", ""results"", ""seeds""]","[""decisions"", ""decl_id"", ""hands""]","[""action_taken"", ""converged"", ""e_q"", ""e_q_pdf"", ""e_q_var"", ""ess"", ""exploration_mode"", ""greedy_action"", ""legal_mask"", ""max_w"", ""n_samples"", ""player"", ""q_gap"", ""q_per_world"", ""u_max"", ""u_mean"", ""world_hands""]",0.228
gus/data/corpus_train_chunk_7000-7099.pt,legacy_seed_mod_decl,1184285149,1.103,7000,7099,100,decl_id = seed % 10,True,100,2800,"{""0"": 10, ""1"": 10, ""2"": 10, ""3"": 10, ""4"": 10, ""5"": 10, ""6"": 10, ""7"": 10, ""8"": 10, ""9"": 10}","{""800"": 200, ""2400"": 300, ""3200"": 600, ""4000"": 900, ""4800"": 600, ""5600"": 100, ""6400"": 100}",legacy,False,{},False,False,False,"[""adaptive"", ""adaptive_config"", ""checkpoint"", ""decl_ids"", ""enumerate"", ""n_decl_per_seed"", ""n_seeds"", ""posterior"", ""results"", ""seeds"", ""start_seed""]","[""decisions"", ""decl_id"", ""hands""]","[""action_taken"", ""converged"", ""e_q"", ""e_q_pdf"", ""e_q_var"", ""ess"", ""exploration_mode"", ""greedy_action"", ""legal_mask"", ""max_w"", ""n_samples"", ""player"", ""q_gap"", ""q_per_world"", ""u_max"", ""u_mean"", ""world_hands""]",0.256
gus/data/corpus_train_chunk_7100-7199.pt,legacy_seed_mod_decl,1148445149,1.0696,7100,7199,100,decl_id = seed % 10,True,100,2800,"{""0"": 10, ""1"": 10, ""2"": 10, ""3"": 10, ""4"": 10, ""5"": 10, ""6"": 10, ""7"": 10, ""8"": 10, ""9"": 10}","{""800"": 200, ""1600"": 100, ""2400"": 200, ""3200"": 400, ""4000"": 1400, ""4800"": 400, ""5600"": 100}",legacy,False,{},False,False,False,"[""adaptive"", ""adaptive_config"", ""checkpoint"", ""decl_ids"", ""enumerate"", ""n_decl_per_seed"", ""n_seeds"", ""posterior"", ""results"", ""seeds"", ""start_seed""]","[""decisions"", ""decl_id"", ""hands""]","[""action_taken"", ""converged"", ""e_q"", ""e_q_pdf"", ""e_q_var"", ""ess"", ""exploration_mode"", ""greedy_action"", ""legal_mask"", ""max_w"", ""n_samples"", ""player"", ""q_gap"", ""q_per_world"", ""u_max"", ""u_mean"", ""world_hands""]",0.25
gus/data/corpus_train_chunk_7200-7299.pt,legacy_seed_mod_decl,1076765149,1.0028,7200,7299,100,decl_id = seed % 10,True,100,2800,"{""0"": 10, ""1"": 10, ""2"": 10, ""3"": 10, ""4"": 10, ""5"": 10, ""6"": 10, ""7"": 10, ""8"": 10, ""9"": 10}","{""800"": 200, ""2400"": 500, ""3200"": 500, ""4000"": 1400, ""4800"": 200}",legacy,False,{},False,False,False,"[""adaptive"", ""adaptive_config"", ""checkpoint"", ""decl_ids"", ""enumerate"", ""n_decl_per_seed"", ""n_seeds"", ""posterior"", ""results"", ""seeds"", ""start_seed""]","[""decisions"", ""decl_id"", ""hands""]","[""action_taken"", ""converged"", ""e_q"", ""e_q_pdf"", ""e_q_var"", ""ess"", ""exploration_mode"", ""greedy_action"", ""legal_mask"", ""max_w"", ""n_samples"", ""player"", ""q_gap"", ""q_per_world"", ""u_max"", ""u_mean"", ""world_hands""]",0.245
gus/data/corpus_train_chunk_7300-7399.pt,legacy_seed_mod_decl,1202205149,1.1196,7300,7399,100,decl_id = seed % 10,True,100,2800,"{""0"": 10, ""1"": 10, ""2"": 10, ""3"": 10, ""4"": 10, ""5"": 10, ""6"": 10, ""7"": 10, ""8"": 10, ""9"": 10}","{""800"": 200, ""2400"": 100, ""3200"": 300, ""4000"": 1600, ""4800"": 600}",legacy,False,{},False,False,False,"[""adaptive"", ""adaptive_config"", ""checkpoint"", ""decl_ids"", ""enumerate"", ""n_decl_per_seed"", ""n_seeds"", ""posterior"", ""results"", ""seeds"", ""start_seed""]","[""decisions"", ""decl_id"", ""hands""]","[""action_taken"", ""converged"", ""e_q"", ""e_q_pdf"", ""e_q_var"", ""ess"", ""exploration_mode"", ""greedy_action"", ""legal_mask"", ""max_w"", ""n_samples"", ""player"", ""q_gap"", ""q_per_world"", ""u_max"", ""u_mean"", ""world_hands""]",0.25
gus/data/corpus_train_chunk_7400-7499.pt,legacy_seed_mod_decl,1202205213,1.1196,7400,7499,100,decl_id = seed % 10,True,100,2800,"{""0"": 10, ""1"": 10, ""2"": 10, ""3"": 10, ""4"": 10, ""5"": 10, ""6"": 10, ""7"": 10, ""8"": 10, ""9"": 10}","{""800"": 200, ""2400"": 100, ""3200"": 700, ""4000"": 900, ""4800"": 800, ""5600"": 100}",legacy,False,{},False,False,False,"[""adaptive"", ""adaptive_config"", ""checkpoint"", ""decl_ids"", ""enumerate"", ""n_decl_per_seed"", ""n_seeds"", ""posterior"", ""results"", ""seeds"", ""start_seed""]","[""decisions"", ""decl_id"", ""hands""]","[""action_taken"", ""converged"", ""e_q"", ""e_q_pdf"", ""e_q_var"", ""ess"", ""exploration_mode"", ""greedy_action"", ""legal_mask"", ""max_w"", ""n_samples"", ""player"", ""q_gap"", ""q_per_world"", ""u_max"", ""u_mean"", ""world_hands""]",0.253
gus/data/corpus_train_chunk_7500-7599.pt,legacy_seed_mod_decl,1103645149,1.0278,7500,7599,100,decl_id = seed % 10,True,100,2800,"{""0"": 10, ""1"": 10, ""2"": 10, ""3"": 10, ""4"": 10, ""5"": 10, ""6"": 10, ""7"": 10, ""8"": 10, ""9"": 10}","{""800"": 200, ""2400"": 300, ""3200"": 800, ""4000"": 1100, ""4800"": 400}",legacy,False,{},False,False,False,"[""adaptive"", ""adaptive_config"", ""checkpoint"", ""decl_ids"", ""enumerate"", ""n_decl_per_seed"", ""n_seeds"", ""posterior"", ""results"", ""seeds"", ""start_seed""]","[""decisions"", ""decl_id"", ""hands""]","[""action_taken"", ""converged"", ""e_q"", ""e_q_pdf"", ""e_q_var"", ""ess"", ""exploration_mode"", ""greedy_action"", ""legal_mask"", ""max_w"", ""n_samples"", ""player"", ""q_gap"", ""q_per_world"", ""u_max"", ""u_mean"", ""world_hands""]",0.229
gus/data/corpus_train_chunk_7600-7699.pt,legacy_seed_mod_decl,1211165213,1.128,7600,7699,100,decl_id = seed % 10,True,100,2800,"{""0"": 10, ""1"": 10, ""2"": 10, ""3"": 10, ""4"": 10, ""5"": 10, ""6"": 10, ""7"": 10, ""8"": 10, ""9"": 10}","{""800"": 200, ""2400"": 100, ""3200"": 600, ""4000"": 900, ""4800"": 1000}",legacy,False,{},False,False,False,"[""adaptive"", ""adaptive_config"", ""checkpoint"", ""decl_ids"", ""enumerate"", ""n_decl_per_seed"", ""n_seeds"", ""posterior"", ""results"", ""seeds"", ""start_seed""]","[""decisions"", ""decl_id"", ""hands""]","[""action_taken"", ""converged"", ""e_q"", ""e_q_pdf"", ""e_q_var"", ""ess"", ""exploration_mode"", ""greedy_action"", ""legal_mask"", ""max_w"", ""n_samples"", ""player"", ""q_gap"", ""q_per_world"", ""u_max"", ""u_mean"", ""world_hands""]",0.258
gus/data/corpus_train_chunk_7700-7799.pt,legacy_seed_mod_decl,1202205149,1.1196,7700,7799,100,decl_id = seed % 10,True,100,2800,"{""0"": 10, ""1"": 10, ""2"": 10, ""3"": 10, ""4"": 10, ""5"": 10, ""6"": 10, ""7"": 10, ""8"": 10, ""9"": 10}","{""800"": 200, ""1600"": 100, ""2400"": 100, ""3200"": 600, ""4000"": 800, ""4800"": 800, ""5600"": 200}",legacy,False,{},False,False,False,"[""adaptive"", ""adaptive_config"", ""checkpoint"", ""decl_ids"", ""enumerate"", ""n_decl_per_seed"", ""n_seeds"", ""posterior"", ""results"", ""seeds"", ""start_seed""]","[""decisions"", ""decl_id"", ""hands""]","[""action_taken"", ""converged"", ""e_q"", ""e_q_pdf"", ""e_q_var"", ""ess"", ""exploration_mode"", ""greedy_action"", ""legal_mask"", ""max_w"", ""n_samples"", ""player"", ""q_gap"", ""q_per_world"", ""u_max"", ""u_mean"", ""world_hands""]",0.235
gus/data/corpus_train_chunk_7800-7899.pt,legacy_seed_mod_decl,1121565149,1.0445,7800,7899,100,decl_id = seed % 10,True,100,2800,"{""0"": 10, ""1"": 10, ""2"": 10, ""3"": 10, ""4"": 10, ""5"": 10, ""6"": 10, ""7"": 10, ""8"": 10, ""9"": 10}","{""800"": 200, ""1600"": 100, ""2400"": 300, ""3200"": 500, ""4000"": 1200, ""4800"": 400, ""5600"": 100}",legacy,False,{},False,False,False,"[""adaptive"", ""adaptive_config"", ""checkpoint"", ""decl_ids"", ""enumerate"", ""n_decl_per_seed"", ""n_seeds"", ""posterior"", ""results"", ""seeds"", ""start_seed""]","[""decisions"", ""decl_id"", ""hands""]","[""action_taken"", ""converged"", ""e_q"", ""e_q_pdf"", ""e_q_var"", ""ess"", ""exploration_mode"", ""greedy_action"", ""legal_mask"", ""max_w"", ""n_samples"", ""player"", ""q_gap"", ""q_per_world"", ""u_max"", ""u_mean"", ""world_hands""]",0.228
gus/data/corpus_train_chunk_7900-7999.pt,legacy_seed_mod_decl,1175325149,1.0946,7900,7999,100,decl_id = seed % 10,True,100,2800,"{""0"": 10, ""1"": 10, ""2"": 10, ""3"": 10, ""4"": 10, ""5"": 10, ""6"": 10, ""7"": 10, ""8"": 10, ""9"": 10}","{""800"": 200, ""2400"": 300, ""3200"": 400, ""4000"": 1100, ""4800"": 800}",legacy,False,{},False,False,False,"[""adaptive"", ""adaptive_config"", ""checkpoint"", ""decl_ids"", ""enumerate"", ""n_decl_per_seed"", ""n_seeds"", ""posterior"", ""results"", ""seeds"", ""start_seed""]","[""decisions"", ""decl_id"", ""hands""]","[""action_taken"", ""converged"", ""e_q"", ""e_q_pdf"", ""e_q_var"", ""ess"", ""exploration_mode"", ""greedy_action"", ""legal_mask"", ""max_w"", ""n_samples"", ""player"", ""q_gap"", ""q_per_world"", ""u_max"", ""u_mean"", ""world_hands""]",0.239
gus/data/corpus_train_chunk_800-899.pt,legacy_seed_mod_decl,1139462369,1.0612,800,899,100,decl_id = seed % 10,True,100,2800,"{""0"": 10, ""1"": 10, ""2"": 10, ""3"": 10, ""4"": 10, ""5"": 10, ""6"": 10, ""7"": 10, ""8"": 10, ""9"": 10}","{""800"": 200, ""1600"": 200, ""2400"": 100, ""3200"": 600, ""4000"": 1000, ""4800"": 600, ""5600"": 100}",legacy,False,{},False,False,False,"[""adaptive"", ""adaptive_config"", ""checkpoint"", ""enumerate"", ""posterior"", ""results"", ""seeds""]","[""decisions"", ""decl_id"", ""hands""]","[""action_taken"", ""converged"", ""e_q"", ""e_q_pdf"", ""e_q_var"", ""ess"", ""exploration_mode"", ""greedy_action"", ""legal_mask"", ""max_w"", ""n_samples"", ""player"", ""q_gap"", ""q_per_world"", ""u_max"", ""u_mean"", ""world_hands""]",0.249
gus/data/corpus_train_chunk_8000-8099.pt,legacy_seed_mod_decl,1184285213,1.103,8000,8099,100,decl_id = seed % 10,True,100,2800,"{""0"": 10, ""1"": 10, ""2"": 10, ""3"": 10, ""4"": 10, ""5"": 10, ""6"": 10, ""7"": 10, ""8"": 10, ""9"": 10}","{""800"": 200, ""3200"": 1000, ""4000"": 800, ""4800"": 700, ""5600"": 100}",legacy,False,{},False,False,False,"[""adaptive"", ""adaptive_config"", ""checkpoint"", ""decl_ids"", ""enumerate"", ""n_decl_per_seed"", ""n_seeds"", ""posterior"", ""results"", ""seeds"", ""start_seed""]","[""decisions"", ""decl_id"", ""hands""]","[""action_taken"", ""converged"", ""e_q"", ""e_q_pdf"", ""e_q_var"", ""ess"", ""exploration_mode"", ""greedy_action"", ""legal_mask"", ""max_w"", ""n_samples"", ""player"", ""q_gap"", ""q_per_world"", ""u_max"", ""u_mean"", ""world_hands""]",0.238
gus/data/corpus_train_chunk_8100-8199.pt,legacy_seed_mod_decl,1157405149,1.0779,8100,8199,100,decl_id = seed % 10,True,100,2800,"{""0"": 10, ""1"": 10, ""2"": 10, ""3"": 10, ""4"": 10, ""5"": 10, ""6"": 10, ""7"": 10, ""8"": 10, ""9"": 10}","{""800"": 200, ""2400"": 300, ""3200"": 700, ""4000"": 800, ""4800"": 700, ""5600"": 100}",legacy,False,{},False,False,False,"[""adaptive"", ""adaptive_config"", ""checkpoint"", ""decl_ids"", ""enumerate"", ""n_decl_per_seed"", ""n_seeds"", ""posterior"", ""results"", ""seeds"", ""start_seed""]","[""decisions"", ""decl_id"", ""hands""]","[""action_taken"", ""converged"", ""e_q"", ""e_q_pdf"", ""e_q_var"", ""ess"", ""exploration_mode"", ""greedy_action"", ""legal_mask"", ""max_w"", ""n_samples"", ""player"", ""q_gap"", ""q_per_world"", ""u_max"", ""u_mean"", ""world_hands""]",0.253
gus/data/corpus_train_chunk_8200-8299.pt,legacy_seed_mod_decl,1175325149,1.0946,8200,8299,100,decl_id = seed % 10,True,100,2800,"{""0"": 10, ""1"": 10, ""2"": 10, ""3"": 10, ""4"": 10, ""5"": 10, ""6"": 10, ""7"": 10, ""8"": 10, ""9"": 10}","{""800"": 200, ""2400"": 200, ""3200"": 600, ""4000"": 1100, ""4800"": 600, ""5600"": 100}",legacy,False,{},False,False,False,"[""adaptive"", ""adaptive_config"", ""checkpoint"", ""decl_ids"", ""enumerate"", ""n_decl_per_seed"", ""n_seeds"", ""posterior"", ""results"", ""seeds"", ""start_seed""]","[""decisions"", ""decl_id"", ""hands""]","[""action_taken"", ""converged"", ""e_q"", ""e_q_pdf"", ""e_q_var"", ""ess"", ""exploration_mode"", ""greedy_action"", ""legal_mask"", ""max_w"", ""n_samples"", ""player"", ""q_gap"", ""q_per_world"", ""u_max"", ""u_mean"", ""world_hands""]",0.236
gus/data/corpus_train_chunk_8300-8399.pt,legacy_seed_mod_decl,1121565149,1.0445,8300,8399,100,decl_id = seed % 10,True,100,2800,"{""0"": 10, ""1"": 10, ""2"": 10, ""3"": 10, ""4"": 10, ""5"": 10, ""6"": 10, ""7"": 10, ""8"": 10, ""9"": 10}","{""800"": 200, ""2400"": 400, ""3200"": 600, ""4000"": 1100, ""4800"": 400, ""5600"": 100}",legacy,False,{},False,False,False,"[""adaptive"", ""adaptive_config"", ""checkpoint"", ""decl_ids"", ""enumerate"", ""n_decl_per_seed"", ""n_seeds"", ""posterior"", ""results"", ""seeds"", ""start_seed""]","[""decisions"", ""decl_id"", ""hands""]","[""action_taken"", ""converged"", ""e_q"", ""e_q_pdf"", ""e_q_var"", ""ess"", ""exploration_mode"", ""greedy_action"", ""legal_mask"", ""max_w"", ""n_samples"", ""player"", ""q_gap"", ""q_per_world"", ""u_max"", ""u_mean"", ""world_hands""]",0.241
gus/data/corpus_train_chunk_8400-8499.pt,legacy_seed_mod_decl,1076765149,1.0028,8400,8499,100,decl_id = seed % 10,True,100,2800,"{""0"": 10, ""1"": 10, ""2"": 10, ""3"": 10, ""4"": 10, ""5"": 10, ""6"": 10, ""7"": 10, ""8"": 10, ""9"": 10}","{""800"": 200, ""1600"": 100, ""2400"": 300, ""3200"": 900, ""4000"": 800, ""4800"": 500}",legacy,False,{},False,False,False,"[""adaptive"", ""adaptive_config"", ""checkpoint"", ""decl_ids"", ""enumerate"", ""n_decl_per_seed"", ""n_seeds"", ""posterior"", ""results"", ""seeds"", ""start_seed""]","[""decisions"", ""decl_id"", ""hands""]","[""action_taken"", ""converged"", ""e_q"", ""e_q_pdf"", ""e_q_var"", ""ess"", ""exploration_mode"", ""greedy_action"", ""legal_mask"", ""max_w"", ""n_samples"", ""player"", ""q_gap"", ""q_per_world"", ""u_max"", ""u_mean"", ""world_hands""]",0.231
gus/data/corpus_train_chunk_8500-8599.pt,legacy_seed_mod_decl,1175325149,1.0946,8500,8599,100,decl_id = seed % 10,True,100,2800,"{""0"": 10, ""1"": 10, ""2"": 10, ""3"": 10, ""4"": 10, ""5"": 10, ""6"": 10, ""7"": 10, ""8"": 10, ""9"": 10}","{""800"": 200, ""3200"": 700, ""4000"": 1400, ""4800"": 500}",legacy,False,{},False,False,False,"[""adaptive"", ""adaptive_config"", ""checkpoint"", ""decl_ids"", ""enumerate"", ""n_decl_per_seed"", ""n_seeds"", ""posterior"", ""results"", ""seeds"", ""start_seed""]","[""decisions"", ""decl_id"", ""hands""]","[""action_taken"", ""converged"", ""e_q"", ""e_q_pdf"", ""e_q_var"", ""ess"", ""exploration_mode"", ""greedy_action"", ""legal_mask"", ""max_w"", ""n_samples"", ""player"", ""q_gap"", ""q_per_world"", ""u_max"", ""u_mean"", ""world_hands""]",0.253
gus/data/corpus_train_chunk_8600-8699.pt,legacy_seed_mod_decl,1148445149,1.0696,8600,8699,100,decl_id = seed % 10,True,100,2800,"{""0"": 10, ""1"": 10, ""2"": 10, ""3"": 10, ""4"": 10, ""5"": 10, ""6"": 10, ""7"": 10, ""8"": 10, ""9"": 10}","{""800"": 200, ""2400"": 200, ""3200"": 700, ""4000"": 1200, ""4800"": 400, ""5600"": 100}",legacy,False,{},False,False,False,"[""adaptive"", ""adaptive_config"", ""checkpoint"", ""decl_ids"", ""enumerate"", ""n_decl_per_seed"", ""n_seeds"", ""posterior"", ""results"", ""seeds"", ""start_seed""]","[""decisions"", ""decl_id"", ""hands""]","[""action_taken"", ""converged"", ""e_q"", ""e_q_pdf"", ""e_q_var"", ""ess"", ""exploration_mode"", ""greedy_action"", ""legal_mask"", ""max_w"", ""n_samples"", ""player"", ""q_gap"", ""q_per_world"", ""u_max"", ""u_mean"", ""world_hands""]",0.238
gus/data/corpus_train_chunk_8700-8799.pt,legacy_seed_mod_decl,1148445149,1.0696,8700,8799,100,decl_id = seed % 10,True,100,2800,"{""0"": 10, ""1"": 10, ""2"": 10, ""3"": 10, ""4"": 10, ""5"": 10, ""6"": 10, ""7"": 10, ""8"": 10, ""9"": 10}","{""800"": 200, ""2400"": 200, ""3200"": 700, ""4000"": 1100, ""4800"": 600}",legacy,False,{},False,False,False,"[""adaptive"", ""adaptive_config"", ""checkpoint"", ""decl_ids"", ""enumerate"", ""n_decl_per_seed"", ""n_seeds"", ""posterior"", ""results"", ""seeds"", ""start_seed""]","[""decisions"", ""decl_id"", ""hands""]","[""action_taken"", ""converged"", ""e_q"", ""e_q_pdf"", ""e_q_var"", ""ess"", ""exploration_mode"", ""greedy_action"", ""legal_mask"", ""max_w"", ""n_samples"", ""player"", ""q_gap"", ""q_per_world"", ""u_max"", ""u_mean"", ""world_hands""]",0.276
gus/data/corpus_train_chunk_8800-8899.pt,legacy_seed_mod_decl,1255965213,1.1697,8800,8899,100,decl_id = seed % 10,True,100,2800,"{""0"": 10, ""1"": 10, ""2"": 10, ""3"": 10, ""4"": 10, ""5"": 10, ""6"": 10, ""7"": 10, ""8"": 10, ""9"": 10}","{""800"": 200, ""3200"": 400, ""4000"": 1200, ""4800"": 900, ""5600"": 100}",legacy,False,{},False,False,False,"[""adaptive"", ""adaptive_config"", ""checkpoint"", ""decl_ids"", ""enumerate"", ""n_decl_per_seed"", ""n_seeds"", ""posterior"", ""results"", ""seeds"", ""start_seed""]","[""decisions"", ""decl_id"", ""hands""]","[""action_taken"", ""converged"", ""e_q"", ""e_q_pdf"", ""e_q_var"", ""ess"", ""exploration_mode"", ""greedy_action"", ""legal_mask"", ""max_w"", ""n_samples"", ""player"", ""q_gap"", ""q_per_world"", ""u_max"", ""u_mean"", ""world_hands""]",0.258
gus/data/corpus_train_chunk_8900-8999.pt,legacy_seed_mod_decl,1184285149,1.103,8900,8999,100,decl_id = seed % 10,True,100,2800,"{""0"": 10, ""1"": 10, ""2"": 10, ""3"": 10, ""4"": 10, ""5"": 10, ""6"": 10, ""7"": 10, ""8"": 10, ""9"": 10}","{""800"": 200, ""2400"": 300, ""3200"": 500, ""4000"": 1100, ""4800"": 400, ""5600"": 300}",legacy,False,{},False,False,False,"[""adaptive"", ""adaptive_config"", ""checkpoint"", ""decl_ids"", ""enumerate"", ""n_decl_per_seed"", ""n_seeds"", ""posterior"", ""results"", ""seeds"", ""start_seed""]","[""decisions"", ""decl_id"", ""hands""]","[""action_taken"", ""converged"", ""e_q"", ""e_q_pdf"", ""e_q_var"", ""ess"", ""exploration_mode"", ""greedy_action"", ""legal_mask"", ""max_w"", ""n_samples"", ""player"", ""q_gap"", ""q_per_world"", ""u_max"", ""u_mean"", ""world_hands""]",0.248
gus/data/corpus_train_chunk_900-999.pt,legacy_seed_mod_decl,1184262369,1.1029,900,999,100,decl_id = seed % 10,True,100,2800,"{""0"": 10, ""1"": 10, ""2"": 10, ""3"": 10, ""4"": 10, ""5"": 10, ""6"": 10, ""7"": 10, ""8"": 10, ""9"": 10}","{""800"": 200, ""2400"": 200, ""3200"": 500, ""4000"": 1200, ""4800"": 600, ""5600"": 100}",legacy,False,{},False,False,False,"[""adaptive"", ""adaptive_config"", ""checkpoint"", ""enumerate"", ""posterior"", ""results"", ""seeds""]","[""decisions"", ""decl_id"", ""hands""]","[""action_taken"", ""converged"", ""e_q"", ""e_q_pdf"", ""e_q_var"", ""ess"", ""exploration_mode"", ""greedy_action"", ""legal_mask"", ""max_w"", ""n_samples"", ""player"", ""q_gap"", ""q_per_world"", ""u_max"", ""u_mean"", ""world_hands""]",0.239
gus/data/corpus_train_chunk_9000-9099.pt,legacy_seed_mod_decl,1202205149,1.1196,9000,9099,100,decl_id = seed % 10,True,100,2800,"{""0"": 10, ""1"": 10, ""2"": 10, ""3"": 10, ""4"": 10, ""5"": 10, ""6"": 10, ""7"": 10, ""8"": 10, ""9"": 10}","{""800"": 200, ""1600"": 100, ""3200"": 500, ""4000"": 1200, ""4800"": 700, ""5600"": 100}",legacy,False,{},False,False,False,"[""adaptive"", ""adaptive_config"", ""checkpoint"", ""decl_ids"", ""enumerate"", ""n_decl_per_seed"", ""n_seeds"", ""posterior"", ""results"", ""seeds"", ""start_seed""]","[""decisions"", ""decl_id"", ""hands""]","[""action_taken"", ""converged"", ""e_q"", ""e_q_pdf"", ""e_q_var"", ""ess"", ""exploration_mode"", ""greedy_action"", ""legal_mask"", ""max_w"", ""n_samples"", ""player"", ""q_gap"", ""q_per_world"", ""u_max"", ""u_mean"", ""world_hands""]",0.254
gus/data/corpus_train_chunk_9100-9199.pt,legacy_seed_mod_decl,1148445149,1.0696,9100,9199,100,decl_id = seed % 10,True,100,2800,"{""0"": 10, ""1"": 10, ""2"": 10, ""3"": 10, ""4"": 10, ""5"": 10, ""6"": 10, ""7"": 10, ""8"": 10, ""9"": 10}","{""800"": 200, ""2400"": 300, ""3200"": 700, ""4000"": 900, ""4800"": 600, ""5600"": 100}",legacy,False,{},False,False,False,"[""adaptive"", ""adaptive_config"", ""checkpoint"", ""decl_ids"", ""enumerate"", ""n_decl_per_seed"", ""n_seeds"", ""posterior"", ""results"", ""seeds"", ""start_seed""]","[""decisions"", ""decl_id"", ""hands""]","[""action_taken"", ""converged"", ""e_q"", ""e_q_pdf"", ""e_q_var"", ""ess"", ""exploration_mode"", ""greedy_action"", ""legal_mask"", ""max_w"", ""n_samples"", ""player"", ""q_gap"", ""q_per_world"", ""u_max"", ""u_mean"", ""world_hands""]",0.234
gus/data/corpus_train_chunk_9200-9299.pt,legacy_seed_mod_decl,1130525149,1.0529,9200,9299,100,decl_id = seed % 10,True,100,2800,"{""0"": 10, ""1"": 10, ""2"": 10, ""3"": 10, ""4"": 10, ""5"": 10, ""6"": 10, ""7"": 10, ""8"": 10, ""9"": 10}","{""800"": 300, ""3200"": 800, ""4000"": 1200, ""4800"": 500}",legacy,False,{},False,False,False,"[""adaptive"", ""adaptive_config"", ""checkpoint"", ""decl_ids"", ""enumerate"", ""n_decl_per_seed"", ""n_seeds"", ""posterior"", ""results"", ""seeds"", ""start_seed""]","[""decisions"", ""decl_id"", ""hands""]","[""action_taken"", ""converged"", ""e_q"", ""e_q_pdf"", ""e_q_var"", ""ess"", ""exploration_mode"", ""greedy_action"", ""legal_mask"", ""max_w"", ""n_samples"", ""player"", ""q_gap"", ""q_per_world"", ""u_max"", ""u_mean"", ""world_hands""]",0.249
gus/data/corpus_train_chunk_9300-9399.pt,legacy_seed_mod_decl,1130525149,1.0529,9300,9399,100,decl_id = seed % 10,True,100,2800,"{""0"": 10, ""1"": 10, ""2"": 10, ""3"": 10, ""4"": 10, ""5"": 10, ""6"": 10, ""7"": 10, ""8"": 10, ""9"": 10}","{""800"": 200, ""2400"": 200, ""3200"": 800, ""4000"": 1200, ""4800"": 300, ""5600"": 100}",legacy,False,{},False,False,False,"[""adaptive"", ""adaptive_config"", ""checkpoint"", ""decl_ids"", ""enumerate"", ""n_decl_per_seed"", ""n_seeds"", ""posterior"", ""results"", ""seeds"", ""start_seed""]","[""decisions"", ""decl_id"", ""hands""]","[""action_taken"", ""converged"", ""e_q"", ""e_q_pdf"", ""e_q_var"", ""ess"", ""exploration_mode"", ""greedy_action"", ""legal_mask"", ""max_w"", ""n_samples"", ""player"", ""q_gap"", ""q_per_world"", ""u_max"", ""u_mean"", ""world_hands""]",0.229
gus/data/corpus_train_chunk_9400-9499.pt,legacy_seed_mod_decl,1157405149,1.0779,9400,9499,100,decl_id = seed % 10,True,100,2800,"{""0"": 10, ""1"": 10, ""2"": 10, ""3"": 10, ""4"": 10, ""5"": 10, ""6"": 10, ""7"": 10, ""8"": 10, ""9"": 10}","{""800"": 200, ""2400"": 300, ""3200"": 500, ""4000"": 1200, ""4800"": 500, ""5600"": 100}",legacy,False,{},False,False,False,"[""adaptive"", ""adaptive_config"", ""checkpoint"", ""decl_ids"", ""enumerate"", ""n_decl_per_seed"", ""n_seeds"", ""posterior"", ""results"", ""seeds"", ""start_seed""]","[""decisions"", ""decl_id"", ""hands""]","[""action_taken"", ""converged"", ""e_q"", ""e_q_pdf"", ""e_q_var"", ""ess"", ""exploration_mode"", ""greedy_action"", ""legal_mask"", ""max_w"", ""n_samples"", ""player"", ""q_gap"", ""q_per_world"", ""u_max"", ""u_mean"", ""world_hands""]",0.237
gus/data/corpus_train_chunk_9500-9599.pt,legacy_seed_mod_decl,1157405149,1.0779,9500,9599,100,decl_id = seed % 10,True,100,2800,"{""0"": 10, ""1"": 10, ""2"": 10, ""3"": 10, ""4"": 10, ""5"": 10, ""6"": 10, ""7"": 10, ""8"": 10, ""9"": 10}","{""800"": 200, ""2400"": 400, ""3200"": 300, ""4000"": 1300, ""4800"": 500, ""5600"": 100}",legacy,False,{},False,False,False,"[""adaptive"", ""adaptive_config"", ""checkpoint"", ""decl_ids"", ""enumerate"", ""n_decl_per_seed"", ""n_seeds"", ""posterior"", ""results"", ""seeds"", ""start_seed""]","[""decisions"", ""decl_id"", ""hands""]","[""action_taken"", ""converged"", ""e_q"", ""e_q_pdf"", ""e_q_var"", ""ess"", ""exploration_mode"", ""greedy_action"", ""legal_mask"", ""max_w"", ""n_samples"", ""player"", ""q_gap"", ""q_per_world"", ""u_max"", ""u_mean"", ""world_hands""]",0.24
gus/data/corpus_train_chunk_9600-9699.pt,legacy_seed_mod_decl,1220125149,1.1363,9600,9699,100,decl_id = seed % 10,True,100,2800,"{""0"": 10, ""1"": 10, ""2"": 10, ""3"": 10, ""4"": 10, ""5"": 10, ""6"": 10, ""7"": 10, ""8"": 10, ""9"": 10}","{""800"": 200, ""2400"": 300, ""3200"": 300, ""4000"": 900, ""4800"": 1000, ""5600"": 100}",legacy,False,{},False,False,False,"[""adaptive"", ""adaptive_config"", ""checkpoint"", ""decl_ids"", ""enumerate"", ""n_decl_per_seed"", ""n_seeds"", ""posterior"", ""results"", ""seeds"", ""start_seed""]","[""decisions"", ""decl_id"", ""hands""]","[""action_taken"", ""converged"", ""e_q"", ""e_q_pdf"", ""e_q_var"", ""ess"", ""exploration_mode"", ""greedy_action"", ""legal_mask"", ""max_w"", ""n_samples"", ""player"", ""q_gap"", ""q_per_world"", ""u_max"", ""u_mean"", ""world_hands""]",0.253
gus/data/corpus_train_chunk_9700-9799.pt,legacy_seed_mod_decl,1184285149,1.103,9700,9799,100,decl_id = seed % 10,True,100,2800,"{""0"": 10, ""1"": 10, ""2"": 10, ""3"": 10, ""4"": 10, ""5"": 10, ""6"": 10, ""7"": 10, ""8"": 10, ""9"": 10}","{""800"": 200, ""2400"": 300, ""3200"": 400, ""4000"": 1000, ""4800"": 900}",legacy,False,{},False,False,False,"[""adaptive"", ""adaptive_config"", ""checkpoint"", ""decl_ids"", ""enumerate"", ""n_decl_per_seed"", ""n_seeds"", ""posterior"", ""results"", ""seeds"", ""start_seed""]","[""decisions"", ""decl_id"", ""hands""]","[""action_taken"", ""converged"", ""e_q"", ""e_q_pdf"", ""e_q_var"", ""ess"", ""exploration_mode"", ""greedy_action"", ""legal_mask"", ""max_w"", ""n_samples"", ""player"", ""q_gap"", ""q_per_world"", ""u_max"", ""u_mean"", ""world_hands""]",0.232
gus/data/corpus_train_chunk_9800-9899.pt,legacy_seed_mod_decl,1139485149,1.0612,9800,9899,100,decl_id = seed % 10,True,100,2800,"{""0"": 10, ""1"": 10, ""2"": 10, ""3"": 10, ""4"": 10, ""5"": 10, ""6"": 10, ""7"": 10, ""8"": 10, ""9"": 10}","{""800"": 200, ""1600"": 100, ""2400"": 100, ""3200"": 700, ""4000"": 1200, ""4800"": 400, ""5600"": 100}",legacy,False,{},False,False,False,"[""adaptive"", ""adaptive_config"", ""checkpoint"", ""decl_ids"", ""enumerate"", ""n_decl_per_seed"", ""n_seeds"", ""posterior"", ""results"", ""seeds"", ""start_seed""]","[""decisions"", ""decl_id"", ""hands""]","[""action_taken"", ""converged"", ""e_q"", ""e_q_pdf"", ""e_q_var"", ""ess"", ""exploration_mode"", ""greedy_action"", ""legal_mask"", ""max_w"", ""n_samples"", ""player"", ""q_gap"", ""q_per_world"", ""u_max"", ""u_mean"", ""world_hands""]",0.255
gus/data/corpus_train_chunk_9900-9999.pt,legacy_seed_mod_decl,1220125149,1.1363,9900,9999,100,decl_id = seed % 10,True,100,2800,"{""0"": 10, ""1"": 10, ""2"": 10, ""3"": 10, ""4"": 10, ""5"": 10, ""6"": 10, ""7"": 10, ""8"": 10, ""9"": 10}","{""800"": 200, ""2400"": 200, ""3200"": 100, ""4000"": 1600, ""4800"": 600, ""5600"": 100}",legacy,False,{},False,False,False,"[""adaptive"", ""adaptive_config"", ""checkpoint"", ""decl_ids"", ""enumerate"", ""n_decl_per_seed"", ""n_seeds"", ""posterior"", ""results"", ""seeds"", ""start_seed""]","[""decisions"", ""decl_id"", ""hands""]","[""action_taken"", ""converged"", ""e_q"", ""e_q_pdf"", ""e_q_var"", ""ess"", ""exploration_mode"", ""greedy_action"", ""legal_mask"", ""max_w"", ""n_samples"", ""player"", ""q_gap"", ""q_per_world"", ""u_max"", ""u_mean"", ""world_hands""]",0.239
gus/data/corpus_v2_eval.pt,eval,185407409,0.1727,,,,from payload,True,20,560,"{""0"": 2, ""1"": 2, ""2"": 2, ""3"": 2, ""4"": 2, ""5"": 2, ""6"": 2, ""7"": 2, ""8"": 2, ""9"": 2}","{""800"": 40, ""1600"": 100, ""2400"": 100, ""3200"": 140, ""4000"": 160, ""5600"": 20}",v2,True,"{""30"": 580}",True,True,True,"[""adaptive"", ""adaptive_config"", ""checkpoint"", ""decl_ids"", ""enumerate"", ""n_decl_per_seed"", ""n_seeds"", ""posterior"", ""results"", ""schema"", ""seeds"", ""start_seed""]","[""bid_value"", ""decisions"", ""decl_id"", ""hands""]","[""action_taken"", ""bid_value"", ""converged"", ""e_q"", ""e_q_pdf"", ""e_q_var"", ""ess"", ""exploration_mode"", ""greedy_action"", ""legal_mask"", ""legal_mask_per_seat"", ""max_w"", ""n_samples"", ""oracle_softmax_per_seat"", ""player"", ""q_gap"", ""q_per_world"", ""u_max"", ""u_mean"", ""voids_per_seat"", ""world_hands""]",0.059
gus/data/corpus_v2_train_0-9_d0-9.pt,v2_all_decl_fixed_bid30,77178845,0.0719,0,9,10,all decl_ids 0-9 per seed,True,100,2800,"{""0"": 10, ""1"": 10, ""2"": 10, ""3"": 10, ""4"": 10, ""5"": 10, ""6"": 10, ""7"": 10, ""8"": 10, ""9"": 10}","{""200"": 2800}",v2,True,"{""30"": 2900}",True,True,True,"[""checkpoint"", ""decl_ids"", ""enumerate"", ""n_decl_per_seed"", ""n_samples"", ""n_seeds"", ""posterior"", ""results"", ""schema"", ""seeds"", ""start_seed""]","[""bid_value"", ""decisions"", ""decl_id"", ""hands""]","[""action_taken"", ""bid_value"", ""converged"", ""e_q"", ""e_q_pdf"", ""e_q_var"", ""ess"", ""exploration_mode"", ""greedy_action"", ""legal_mask"", ""legal_mask_per_seat"", ""max_w"", ""n_samples"", ""oracle_softmax_per_seat"", ""player"", ""q_gap"", ""q_per_world"", ""u_max"", ""u_mean"", ""voids_per_seat"", ""world_hands""]",0.287
gus/data/corpus_v2_train_10-19_d0-9.pt,v2_all_decl_fixed_bid30,77229257,0.0719,10,19,10,all decl_ids 0-9 per seed,True,100,2800,"{""0"": 10, ""1"": 10, ""2"": 10, ""3"": 10, ""4"": 10, ""5"": 10, ""6"": 10, ""7"": 10, ""8"": 10, ""9"": 10}","{""200"": 2800}",v2,True,"{""30"": 2900}",True,True,True,"[""checkpoint"", ""decl_ids"", ""enumerate"", ""n_decl_per_seed"", ""n_samples"", ""n_seeds"", ""posterior"", ""results"", ""schema"", ""seeds"", ""start_seed""]","[""bid_value"", ""decisions"", ""decl_id"", ""hands""]","[""action_taken"", ""bid_value"", ""converged"", ""e_q"", ""e_q_pdf"", ""e_q_var"", ""ess"", ""exploration_mode"", ""greedy_action"", ""legal_mask"", ""legal_mask_per_seat"", ""max_w"", ""n_samples"", ""oracle_softmax_per_seat"", ""player"", ""q_gap"", ""q_per_world"", ""u_max"", ""u_mean"", ""voids_per_seat"", ""world_hands""]",0.293
gus/data/corpus_v2_train_20-29_d0-9.pt,v2_all_decl_fixed_bid30,77229257,0.0719,20,29,10,all decl_ids 0-9 per seed,True,100,2800,"{""0"": 10, ""1"": 10, ""2"": 10, ""3"": 10, ""4"": 10, ""5"": 10, ""6"": 10, ""7"": 10, ""8"": 10, ""9"": 10}","{""200"": 2800}",v2,True,"{""30"": 2900}",True,True,True,"[""checkpoint"", ""decl_ids"", ""enumerate"", ""n_decl_per_seed"", ""n_samples"", ""n_seeds"", ""posterior"", ""results"", ""schema"", ""seeds"", ""start_seed""]","[""bid_value"", ""decisions"", ""decl_id"", ""hands""]","[""action_taken"", ""bid_value"", ""converged"", ""e_q"", ""e_q_pdf"", ""e_q_var"", ""ess"", ""exploration_mode"", ""greedy_action"", ""legal_mask"", ""legal_mask_per_seat"", ""max_w"", ""n_samples"", ""oracle_softmax_per_seat"", ""player"", ""q_gap"", ""q_per_world"", ""u_max"", ""u_mean"", ""voids_per_seat"", ""world_hands""]",0.305
gus/data/corpus_v2_train_30-39_d0-9.pt,v2_all_decl_fixed_bid30,77229257,0.0719,30,39,10,all decl_ids 0-9 per seed,True,100,2800,"{""0"": 10, ""1"": 10, ""2"": 10, ""3"": 10, ""4"": 10, ""5"": 10, ""6"": 10, ""7"": 10, ""8"": 10, ""9"": 10}","{""200"": 2800}",v2,True,"{""30"": 2900}",True,True,True,"[""checkpoint"", ""decl_ids"", ""enumerate"", ""n_decl_per_seed"", ""n_samples"", ""n_seeds"", ""posterior"", ""results"", ""schema"", ""seeds"", ""start_seed""]","[""bid_value"", ""decisions"", ""decl_id"", ""hands""]","[""action_taken"", ""bid_value"", ""converged"", ""e_q"", ""e_q_pdf"", ""e_q_var"", ""ess"", ""exploration_mode"", ""greedy_action"", ""legal_mask"", ""legal_mask_per_seat"", ""max_w"", ""n_samples"", ""oracle_softmax_per_seat"", ""player"", ""q_gap"", ""q_per_world"", ""u_max"", ""u_mean"", ""voids_per_seat"", ""world_hands""]",0.29
gus/data/corpus_v2_train_40-49_d0-9.pt,v2_all_decl_fixed_bid30,77229257,0.0719,40,49,10,all decl_ids 0-9 per seed,True,100,2800,"{""0"": 10, ""1"": 10, ""2"": 10, ""3"": 10, ""4"": 10, ""5"": 10, ""6"": 10, ""7"": 10, ""8"": 10, ""9"": 10}","{""200"": 2800}",v2,True,"{""30"": 2900}",True,True,True,"[""checkpoint"", ""decl_ids"", ""enumerate"", ""n_decl_per_seed"", ""n_samples"", ""n_seeds"", ""posterior"", ""results"", ""schema"", ""seeds"", ""start_seed""]","[""bid_value"", ""decisions"", ""decl_id"", ""hands""]","[""action_taken"", ""bid_value"", ""converged"", ""e_q"", ""e_q_pdf"", ""e_q_var"", ""ess"", ""exploration_mode"", ""greedy_action"", ""legal_mask"", ""legal_mask_per_seat"", ""max_w"", ""n_samples"", ""oracle_softmax_per_seat"", ""player"", ""q_gap"", ""q_per_world"", ""u_max"", ""u_mean"", ""voids_per_seat"", ""world_hands""]",0.285
gus/data/corpus_v2_train_50-59_d0-9.pt,v2_all_decl_fixed_bid30,77229257,0.0719,50,59,10,all decl_ids 0-9 per seed,True,100,2800,"{""0"": 10, ""1"": 10, ""2"": 10, ""3"": 10, ""4"": 10, ""5"": 10, ""6"": 10, ""7"": 10, ""8"": 10, ""9"": 10}","{""200"": 2800}",v2,True,"{""30"": 2900}",True,True,True,"[""checkpoint"", ""decl_ids"", ""enumerate"", ""n_decl_per_seed"", ""n_samples"", ""n_seeds"", ""posterior"", ""results"", ""schema"", ""seeds"", ""start_seed""]","[""bid_value"", ""decisions"", ""decl_id"", ""hands""]","[""action_taken"", ""bid_value"", ""converged"", ""e_q"", ""e_q_pdf"", ""e_q_var"", ""ess"", ""exploration_mode"", ""greedy_action"", ""legal_mask"", ""legal_mask_per_seat"", ""max_w"", ""n_samples"", ""oracle_softmax_per_seat"", ""player"", ""q_gap"", ""q_per_world"", ""u_max"", ""u_mean"", ""voids_per_seat"", ""world_hands""]",0.283
gus/data/corpus_v2_train_60-69_d0-9.pt,v2_all_decl_fixed_bid30,77229257,0.0719,60,69,10,all decl_ids 0-9 per seed,True,100,2800,"{""0"": 10, ""1"": 10, ""2"": 10, ""3"": 10, ""4"": 10, ""5"": 10, ""6"": 10, ""7"": 10, ""8"": 10, ""9"": 10}","{""200"": 2800}",v2,True,"{""30"": 2900}",True,True,True,"[""checkpoint"", ""decl_ids"", ""enumerate"", ""n_decl_per_seed"", ""n_samples"", ""n_seeds"", ""posterior"", ""results"", ""schema"", ""seeds"", ""start_seed""]","[""bid_value"", ""decisions"", ""decl_id"", ""hands""]","[""action_taken"", ""bid_value"", ""converged"", ""e_q"", ""e_q_pdf"", ""e_q_var"", ""ess"", ""exploration_mode"", ""greedy_action"", ""legal_mask"", ""legal_mask_per_seat"", ""max_w"", ""n_samples"", ""oracle_softmax_per_seat"", ""player"", ""q_gap"", ""q_per_world"", ""u_max"", ""u_mean"", ""voids_per_seat"", ""world_hands""]",0.283
gus/data/corpus_v2_train_70-79_d0-9.pt,v2_all_decl_fixed_bid30,77229257,0.0719,70,79,10,all decl_ids 0-9 per seed,True,100,2800,"{""0"": 10, ""1"": 10, ""2"": 10, ""3"": 10, ""4"": 10, ""5"": 10, ""6"": 10, ""7"": 10, ""8"": 10, ""9"": 10}","{""200"": 2800}",v2,True,"{""30"": 2900}",True,True,True,"[""checkpoint"", ""decl_ids"", ""enumerate"", ""n_decl_per_seed"", ""n_samples"", ""n_seeds"", ""posterior"", ""results"", ""schema"", ""seeds"", ""start_seed""]","[""bid_value"", ""decisions"", ""decl_id"", ""hands""]","[""action_taken"", ""bid_value"", ""converged"", ""e_q"", ""e_q_pdf"", ""e_q_var"", ""ess"", ""exploration_mode"", ""greedy_action"", ""legal_mask"", ""legal_mask_per_seat"", ""max_w"", ""n_samples"", ""oracle_softmax_per_seat"", ""player"", ""q_gap"", ""q_per_world"", ""u_max"", ""u_mean"", ""voids_per_seat"", ""world_hands""]",0.285
gus/data/corpus_v2_train_80-89_d0-9.pt,v2_all_decl_fixed_bid30,77229257,0.0719,80,89,10,all decl_ids 0-9 per seed,True,100,2800,"{""0"": 10, ""1"": 10, ""2"": 10, ""3"": 10, ""4"": 10, ""5"": 10, ""6"": 10, ""7"": 10, ""8"": 10, ""9"": 10}","{""200"": 2800}",v2,True,"{""30"": 2900}",True,True,True,"[""checkpoint"", ""decl_ids"", ""enumerate"", ""n_decl_per_seed"", ""n_samples"", ""n_seeds"", ""posterior"", ""results"", ""schema"", ""seeds"", ""start_seed""]","[""bid_value"", ""decisions"", ""decl_id"", ""hands""]","[""action_taken"", ""bid_value"", ""converged"", ""e_q"", ""e_q_pdf"", ""e_q_var"", ""ess"", ""exploration_mode"", ""greedy_action"", ""legal_mask"", ""legal_mask_per_seat"", ""max_w"", ""n_samples"", ""oracle_softmax_per_seat"", ""player"", ""q_gap"", ""q_per_world"", ""u_max"", ""u_mean"", ""voids_per_seat"", ""world_hands""]",0.279
gus/data/corpus_v2_train_90-99_d0-9.pt,v2_all_decl_fixed_bid30,77229257,0.0719,90,99,10,all decl_ids 0-9 per seed,True,100,2800,"{""0"": 10, ""1"": 10, ""2"": 10, ""3"": 10, ""4"": 10, ""5"": 10, ""6"": 10, ""7"": 10, ""8"": 10, ""9"": 10}","{""200"": 2800}",v2,True,"{""30"": 2900}",True,True,True,"[""checkpoint"", ""decl_ids"", ""enumerate"", ""n_decl_per_seed"", ""n_samples"", ""n_seeds"", ""posterior"", ""results"", ""schema"", ""seeds"", ""start_seed""]","[""bid_value"", ""decisions"", ""decl_id"", ""hands""]","[""action_taken"", ""bid_value"", ""converged"", ""e_q"", ""e_q_pdf"", ""e_q_var"", ""ess"", ""exploration_mode"", ""greedy_action"", ""legal_mask"", ""legal_mask_per_seat"", ""max_w"", ""n_samples"", ""oracle_softmax_per_seat"", ""player"", ""q_gap"", ""q_per_world"", ""u_max"", ""u_mean"", ""voids_per_seat"", ""world_hands""]",0.298
