game_id,game_idx,trump_id,trump_name,move_idx,player,active_player,team,global_domino_idx,domino,mean,std,threshold_mass,make_mass,set_mass,lower_tail_mass,q10,q25,q50,q75,q90,iqr,cvar_low_10,branch_entropy,branch_peak_count,branch_peak_bins,shelf_gap,samples,converged,high_variance_close_mean,scalar_ev_lying_by_omission
sample_000_decl_0,0,0,blanks,0,0,0,offense,0,2-0,15.965287208557129,19.88876768012499,0.49400001764297485,0.4939999929629266,,0.04800000286195427,-12,0,17,36,40,36,-18.33000037400052,5.779284260097214,4,-1|7|18|41,42,1000,,False,False
sample_000_decl_0,0,0,blanks,0,0,0,offense,1,2-1,12.945836067199707,18.96461243100431,0.42899999022483826,0.4290000023320317,,0.0420000022277236,-12,-2,12,30,40,32,-17.710000335238874,5.906690933879393,6,-3|0|2|7|21|40,43,1000,,False,False
sample_000_decl_0,0,0,blanks,0,0,0,offense,2,5-0,15.273112297058105,23.147887744484375,0.534000039100647,0.5340000120922923,,0.11700000718701631,-19,-4,21,38,41,42,-25.630000361474227,5.769408011020251,1,41,,1000,,False,False
sample_000_decl_0,0,0,blanks,0,0,0,offense,3,5-3,15.290321350097656,18.608558310165044,0.4740000069141388,0.4740000138990581,,0.034000001614913344,-11,0,16,33,40,33,-17.200000366661698,5.8646872828559715,10,-3|0|3|6|11|17|27|33|38|41,44,1000,,False,False
sample_000_decl_0,0,0,blanks,0,0,0,offense,4,5-5,16.404911041259766,19.6895630739478,0.5290000438690186,0.5290000061504543,,0.05400000361260027,-14,2,19,35,40,33,-18.71000029705465,5.841010693903606,5,3|26|29|34|41,38,1000,,False,False
sample_000_decl_0,0,0,blanks,0,0,0,offense,5,6-0,20.396377563476562,18.3043782317557,0.5889999866485596,0.5889999875798821,,0.020000000949949026,-6,5,23,39,41,34,-13.310000413563102,5.554201582026495,3,32|38|41,9,1000,,False,True
sample_000_decl_0,0,0,blanks,0,0,0,offense,6,6-1,14.237166404724121,19.046020989365307,0.43299996852874756,0.4329999885521829,,0.040000002132728696,-11,0,13,32,40,32,-17.360000341665,5.792569191009578,7,-9|1|4|6|9|13|41,50,1000,,False,False
sample_000_decl_0,0,0,blanks,1,1,1,defense,7,0-0,2.993762731552124,24.163729083538747,0.7580000758171082,,0.7580000476446003,0.24200001824647188,-30,-17,3,24,39,41,-35.340000283904374,6.218321957380174,3,-29|15|41,70,1000,,True,True
sample_000_decl_0,0,0,blanks,1,1,1,defense,8,1-0,-17.271982192993164,17.67536817542194,0.4059999883174896,,0.40600002789869905,0.5940000367118046,-36,-31,-20,-9,7,22,-38.39000019966625,5.798042919272432,7,-39|-35|-33|-30|-27|-20|-14,25,1000,,False,False
sample_000_decl_0,0,0,blanks,1,1,1,defense,9,3-0,-17.362468719482422,17.738309207063413,0.39900001883506775,,0.399000026518479,0.6010000229580328,-36,-31,-20,-9,7,22,-38.42000020458363,5.7802788684728705,8,-39|-36|-35|-33|-30|-27|-20|-14,25,1000,,False,False
sample_000_decl_0,0,0,blanks,2,2,2,offense,14,2-2,-21.76167106628418,20.286225494759215,0.05000000074505806,0.050000002374872565,,0.6330000446178019,-42,-41,-25,-10,6,31,-42.0,5.3099051579117695,4,-42|-37|-23|-21,21,1000,,False,False
sample_000_decl_0,0,0,blanks,2,2,2,offense,15,3-3,-21.695613861083984,20.101987582951995,0.04800000041723251,0.04800000204704702,,0.6290000109001994,-42,-41,-25,-10,6,31,-42.0,5.335119924919473,7,-42|-37|-26|-23|-22|-20|-10,32,1000,,False,False
sample_000_decl_0,0,0,blanks,2,2,2,offense,16,4-1,-25.080482482910156,18.174731409745956,0.03500000014901161,0.03500000142958015,,0.7200000016018748,-42,-41,-30,-15,1,26,-42.0,5.147696162022994,5,-42|-37|-29|-23|-19,23,1000,,False,False
sample_000_decl_0,0,0,blanks,2,2,2,offense,17,4-2,-21.23342514038086,20.636813023279842,0.05199999734759331,0.052000002353452146,,0.629000024870038,-42,-41,-25,-9,7,32,-42.0,5.358168703207601,6,-42|-37|-36|-26|-23|-21,21,1000,,True,True
sample_000_decl_0,0,0,blanks,2,2,2,offense,18,5-4,-22.089351654052734,20.513946255335586,0.052000001072883606,0.052000001654960215,,0.6550000379793346,-42,-41,-27,-10,6,31,-42.0,5.276695699834004,5,-42|-37|-28|-24|-20,22,1000,,True,False
sample_000_decl_0,0,0,blanks,2,2,2,offense,19,6-3,-21.46956443786621,20.384008744601736,0.05000000447034836,0.050000001676380634,,0.6260000197216868,-42,-41,-25,-9,7,32,-42.0,5.344174515688043,6,-42|-36|-24|-22|-21|-10,32,1000,,False,False
sample_000_decl_0,0,0,blanks,2,2,2,offense,20,6-5,-21.94561767578125,20.40421676437442,0.05100000277161598,0.05100000265520066,,0.6440000180155039,-42,-41,-26,-9,7,32,-42.0,5.292813242088063,6,-42|-38|-29|-26|-24|-19,23,1000,,True,False
sample_000_decl_0,0,0,blanks,3,3,3,defense,23,4-0,17.248010635375977,22.106738469122657,0.9250000715255737,,0.9250000186730176,0.07500000449363142,-15,2,20,41,41,39,-25.79000059282407,5.288470365109705,6,5|7|10|18|29|41,36,1000,,False,False
sample_000_decl_0,0,0,blanks,4,1,1,defense,8,1-0,-2.5788052082061768,30.957393777451415,0.5910000801086426,,0.5910000206204131,0.4090000013820827,-41,-33,-7,29,41,62,-41.959999933838844,5.837524126011865,5,-42|-32|-29|-17|41,83,1000,,False,False
sample_000_decl_0,0,0,blanks,4,1,1,defense,9,3-0,-1.7606050968170166,31.046047343648475,0.6050000190734863,,0.6050000300165266,0.3950000195764005,-42,-32,-6,30,41,62,-42.0,5.804334965790828,4,-42|-39|-29|41,83,1000,,False,False
sample_000_decl_0,0,0,blanks,4,1,1,defense,10,3-1,-2.7069203853607178,26.145374876666164,0.6410000920295715,,0.641000036848709,0.35900002671405673,-36,-26,-6,19,40,45,-38.730000205338,6.187761404840601,4,-39|-35|29|42,81,1000,,False,False
sample_000_decl_0,0,0,blanks,4,1,1,defense,11,5-2,-4.8020501136779785,26.952290521502412,0.5870000123977661,,0.5870000168215483,0.4130000320728868,-38,-29,-9,16,41,45,-39.500000124797225,6.111209128644211,4,-41|-39|-37|41,82,1000,,False,False
sample_000_decl_0,0,0,blanks,4,1,1,defense,12,6-2,-2.0098717212677,27.441105703425336,0.6340000033378601,,0.6340000268537551,0.3660000280942768,-37,-26,-6,23,41,49,-39.270000183489174,6.135662682832936,6,-41|-37|-35|-20|-15|41,82,1000,,False,False
sample_000_decl_0,0,0,blanks,4,1,1,defense,13,6-4,-0.3841632604598999,27.7895984099295,0.6450000405311584,,0.6450000177137554,0.3550000265240669,-36,-25,-5,27,41,52,-38.27000016719103,6.079210061773347,6,-40|-36|-33|-19|-9|41,81,1000,,True,True
sample_000_decl_0,0,0,blanks,5,2,2,offense,19,6-3,-10.67357063293457,27.36547351362662,0.18999998271465302,0.18999998888466507,,0.4710000087507069,-42,-40,-16,9,35,49,-42.0,5.467788678600683,5,-42|-19|-7|18|41,83,1000,,False,False
sample_000_decl_0,0,0,blanks,5,2,2,offense,20,6-5,-4.048861503601074,27.805642369105477,0.25700002908706665,0.25700000452343374,,0.353000013390556,-42,-29,-5,18,41,47,-42.0,5.674563345813645,6,-42|-19|-8|-5|19|41,83,1000,,True,True
sample_000_decl_0,0,0,blanks,6,3,3,defense,27,6-6,6.7964253425598145,26.257139561073433,0.7680000066757202,,0.768000025418587,0.23199999204371125,-32,-14,7,29,41,43,-40.769998461939394,5.719297823092302,5,-42|-19|2|5|41,83,1000,,False,False
sample_000_decl_0,0,0,blanks,7,0,0,offense,6,6-1,-4.147912979125977,12.927243207403478,0.05000000447034836,0.05000000260770321,,0.16800000937655568,-20,-16,-5,5,16,21,-22.95000020414591,5.404714369489143,8,-20|-17|-13|-7|-5|-2|4|17,37,1000,,False,False
sample_000_decl_0,0,0,blanks,8,3,3,defense,21,1-1,4.843911170959473,21.471067611666765,0.818000078201294,,0.8180000217398629,0.18200000515207648,-28,-12,6,26,32,38,-32.28000001935288,5.756226782691678,5,-32|-11|-8|-6|32,64,1000,,True,True
sample_000_decl_0,0,0,blanks,8,3,3,defense,22,3-2,-8.390228271484375,19.99344374960827,0.6150000095367432,,0.6150000388734043,0.3849999997764826,-33,-28,-12,7,20,35,-33.56000004056841,5.744574360264823,8,-33|-29|-18|-16|-15|-13|-5|32,65,1000,,False,False
sample_000_decl_0,0,0,blanks,8,3,3,defense,24,4-3,-4.871489524841309,20.15028148672223,0.6800000667572021,,0.6800000537186861,0.3199999975040555,-32,-22,-6,10,25,32,-33.190000055357814,5.894015093465161,5,-32|-7|-3|10|32,64,1000,,False,False
sample_000_decl_0,0,0,blanks,8,3,3,defense,25,4-4,2.9777185916900635,21.783327723266222,0.781999945640564,,0.7820000294595957,0.21800000919029117,-32,-15,4,23,32,38,-32.910000069998205,5.754474518759528,4,-32|-6|-3|32,64,1000,,False,False
sample_000_decl_0,0,0,blanks,8,3,3,defense,26,5-1,-5.867306232452393,20.39473138728174,0.6669999957084656,,0.667000028770417,0.33299999160226434,-32,-24,-7,7,27,31,-33.279999990947545,5.742183253923928,5,-32|-9|-7|4|32,64,1000,,False,False
sample_000_decl_0,0,0,blanks,9,0,0,offense,1,2-1,8.498466491699219,12.388995030912579,0.24500001966953278,0.24500001315027475,,0.007000000565312803,-9,-2,10,17,26,19,-12.620000232476741,5.530320311704935,8,-6|-3|5|7|10|12|16|21,27,1000,,False,False
sample_000_decl_0,0,0,blanks,10,1,1,defense,10,3-1,13.921599388122559,16.727735611010683,0.9980000257492065,,0.9980000213254243,0.0020000000949949026,-9,-2,13,32,33,34,-13.370000367052853,4.95704356317551,5,-9|-2|8|18|32,41,1000,,False,False
sample_000_decl_0,0,0,blanks,11,2,2,offense,16,4-1,-20.115591049194336,15.124185335272246,0.046000003814697266,0.04600000288337469,,0.6859999760054052,-32,-32,-28,-12,5,20,-32.84999985061586,4.441606716631202,4,-32|-28|-19|-5,27,1000,,False,False
sample_000_decl_0,0,0,blanks,12,3,3,defense,22,3-2,-5.1654744148254395,18.900803870811703,0.7250000238418579,,0.7250000301282853,0.2750000045634806,-30,-21,-9,9,26,30,-30.090000005438924,5.350163347678664,9,-30|-27|-17|-11|2|4|7|16|30,60,1000,,False,False
sample_000_decl_0,0,0,blanks,12,3,3,defense,24,4-3,-1.2916834354400635,20.910268993134316,0.7190000414848328,,0.7190000157570466,0.28099999530240893,-30,-20,0,17,30,37,-30.080000003799796,5.370603104149349,9,-30|-28|-17|-3|1|3|6|27|30,60,1000,,False,False
sample_000_decl_0,0,0,blanks,12,3,3,defense,25,4-4,2.6599314212799072,21.41088781305809,0.7790000438690186,,0.7790000112727284,0.2209999980404973,-30,-15,2,26,30,41,-30.080000003799796,5.285956056522691,8,-30|-28|-5|-3|1|6|28|30,60,1000,,True,True
sample_000_decl_0,0,0,blanks,12,3,3,defense,26,5-1,-2.712629795074463,20.398642461149528,0.7100000381469727,,0.7100000097416341,0.2900000335648656,-30,-22,-2,10,30,32,-30.080000003799796,5.040356949961893,8,-30|-14|-5|0|2|5|28|30,60,1000,,False,False
sample_000_decl_0,0,0,blanks,13,0,0,offense,0,2-0,16.77295684814453,14.954112754732392,0.5470000505447388,0.5470000287750736,,0.0,-6,2,27,30,30,28,-9.340000282041728,4.031772584712958,3,-9|2|30,39,1000,,True,False
sample_000_decl_0,0,0,blanks,13,0,0,offense,2,5-0,6.637537479400635,15.84957604066889,0.335999995470047,0.33599999360740185,,0.0,-16,-10,9,23,27,33,-16.160000007599592,5.206478852322924,8,-16|1|6|10|14|16|21|27,43,1000,,False,False
sample_000_decl_0,0,0,blanks,13,0,0,offense,3,5-3,7.530684947967529,12.373742241953826,0.24199999868869781,0.24200000637210906,,0.0,-5,0,3,16,28,16,-9.550000298768282,4.530626342407613,3,0|3|28,28,1000,,False,False
sample_000_decl_0,0,0,blanks,13,0,0,offense,4,5-5,-4.806957244873047,6.638502935295263,0.0,0.0,,0.004000000189989805,-14,-10,-5,1,4,11,-15.290000090375543,4.5548884714658575,5,-14|-10|1|3|5,19,1000,,False,False
sample_000_decl_0,0,0,blanks,14,1,1,defense,8,1-0,-7.630425930023193,21.980362190407245,0.5859999656677246,,0.5859999256208539,0.4140000380575657,-30,-30,-9,4,28,34,-30.02000000094995,3.6167083290203665,5,-30|-16|-5|3|28,58,1000,,False,False
sample_000_decl_0,0,0,blanks,14,1,1,defense,9,3-0,3.0239741802215576,23.688668496492554,0.6700000762939453,,0.6700000554556027,0.32999997725710273,-26,-24,5,30,30,54,-27.00999992340803,4.396556460785831,5,-26|-22|-13|6|30,56,1000,,False,False
sample_000_decl_0,0,0,blanks,14,1,1,defense,11,5-2,6.672112941741943,19.420489850294473,0.9149999618530273,,0.9149999669753015,0.08500000555068254,-16,-11,4,28,28,39,-23.69000051310286,4.27058245948321,6,-27|-15|-13|-11|-5|28,55,1000,,False,True
sample_000_decl_0,0,0,blanks,14,1,1,defense,12,6-2,-2.7662572860717773,18.914627211726742,0.7519999742507935,,0.7519999652868137,0.24799999268725514,-27,-17,-5,6,28,23,-27.929999900981784,4.68223341850398,7,-28|-16|-13|-7|-5|4|28,56,1000,,False,False
sample_000_decl_0,0,0,blanks,15,2,2,offense,18,5-4,-1.997459888458252,21.145661672512386,0.20900002121925354,0.20900001050904393,,0.2869999719550833,-28,-26,-3,15,30,41,-28.0,4.314630011189639,8,-28|-13|-8|-3|-1|0|6|30,58,1000,,False,False
sample_000_decl_0,0,0,blanks,16,0,0,offense,2,5-0,16.214431762695312,18.84574350721785,0.6570000648498535,0.6570000452920794,,0.0,-16,-5,29,30,30,35,-16.769999846816063,2.8168309656964095,4,-16|-6|27|30,46,1000,,True,True
sample_000_decl_0,0,0,blanks,16,0,0,offense,3,5-3,-5.6039276123046875,4.8021344604859735,0.0,0.0,,0.0,-12,-8,-5,-3,1,5,-14.380000124685468,4.116967544780199,7,-16|-13|-10|-6|1|3|5,21,1000,,False,False
sample_000_decl_0,0,0,blanks,16,0,0,offense,4,5-5,-6.107802867889404,9.018178171705253,0.032999999821186066,0.032999999821186066,,0.0,-15,-14,-6,-2,2,12,-15.719999745488167,4.359740987369471,6,-14|-10|-8|-4|4|27,41,1000,,False,False
sample_000_decl_0,0,0,blanks,17,1,1,defense,8,1-0,-3.703152894973755,11.680698639341955,0.8500000238418579,,0.8499999680789188,0.1500000129453838,-19,-12,-5,5,15,17,-23.560000365599986,4.642312107893995,6,-21|-19|-16|-5|5|17,38,1000,,True,False
sample_000_decl_0,0,0,blanks,17,1,1,defense,9,3-0,-3.877833366394043,11.73100466016931,0.8450000286102295,,0.8449999878648669,0.1550000119023025,-20,-12,-5,5,15,17,-23.910000273026526,4.674251214927251,6,-17|-7|-5|3|5|17,34,1000,,True,False
sample_000_decl_0,0,0,blanks,18,2,2,offense,14,2-2,13.494962692260742,17.687557799982855,0.5020000338554382,0.5020000264048576,,0.0,-16,-4,29,29,30,33,-16.89999996125698,3.145040543996231,5,-17|-5|6|14|29,46,1000,,False,True
sample_000_decl_0,0,0,blanks,18,2,2,offense,15,3-3,13.107309341430664,18.06491928002309,0.5019999742507935,0.5019999891519547,,0.0,-16,-4,29,29,30,33,-16.900000035762787,3.3481566522746697,7,-17|-13|-7|-5|6|14|29,46,1000,,True,False
sample_000_decl_0,0,0,blanks,18,2,2,offense,19,6-3,10.3466796875,18.830800834234154,0.4379999339580536,0.4379999339580536,,0.021000001579523087,-17,-8,11,29,30,37,-17.21000001579523,3.3842146422532697,6,-17|-8|-5|6|14|29,46,1000,,False,False
sample_000_decl_0,0,0,blanks,19,3,3,defense,22,3-2,-15.433713912963867,15.537361155447366,0.4079999625682831,,0.407999973744154,0.5919999936595559,-30,-29,-26,2,6,31,-30.0,3.2788311170316025,6,-29|-26|-22|-5|-1|6,35,1000,,False,False
sample_000_decl_0,0,0,blanks,19,3,3,defense,24,4-3,-10.886087417602539,18.884253248459498,0.5689999461174011,,0.5689999628812075,0.4310000017285347,-30,-29,-15,4,17,33,-30.0,3.3148628163184757,9,-29|-26|-21|-17|-14|-6|-4|4|17,46,1000,,False,False
sample_000_decl_0,0,0,blanks,19,3,3,defense,26,5-1,-8.698376655578613,19.908232921008068,0.6110000610351562,,0.6110000004991889,0.38899995386600494,-30,-29,-15,15,17,44,-30.0,3.2991040707448738,8,-29|-17|-15|-13|4|6|10|17,46,1000,,True,True
sample_000_decl_0,0,0,blanks,20,0,0,offense,3,5-3,-9.611444473266602,18.320557367766543,0.22999998927116394,0.22999998927116394,,0.6510000415146351,-23,-22,-22,-1,22,21,-23.0,2.5100839662297063,4,-22|-9|-1|22,44,1000,,True,True
sample_000_decl_0,0,0,blanks,20,0,0,offense,4,5-5,-9.67790412902832,18.241335967812912,0.22999998927116394,0.22999998927116394,,0.5950000435113907,-23,-22,-22,-2,22,20,-23.0,2.460153363181088,4,-22|-15|-2|22,44,1000,,True,False
sample_000_decl_0,0,0,blanks,21,1,1,defense,9,3-0,13.339170455932617,9.949809577691637,1.0,,0.999999962747097,0.0,0,7,11,23,23,16,-6.369999051094055,2.9535302746560106,9,-9|-7|0|3|7|9|11|21|23,32,1000,,True,False
sample_000_decl_0,0,0,blanks,21,1,1,defense,12,6-2,10.688506126403809,12.492318806963128,0.9999998807907104,,0.9999999590218067,0.0,-8,-2,11,23,23,25,-8.350000001490116,2.8435104248542675,6,-8|-2|0|10|21|23,31,1000,,False,False
sample_000_decl_0,0,0,blanks,22,2,2,offense,15,3-3,4.593667984008789,10.002989894213153,0.2630000114440918,0.2630000114440918,,0.0,-4,-4,5,20,20,24,-4.0,1.999167807607253,3,-4|5|20,24,1000,,True,False
sample_000_decl_0,0,0,blanks,22,2,2,offense,19,6-3,-6.536405086517334,17.90809821531737,0.2630000114440918,0.2630000114440918,,0.49299995601177216,-23,-22,-3,20,20,42,-23.0,1.9991677913408656,3,-22|-3|20,42,1000,,False,False
sample_000_decl_0,0,0,blanks,23,3,3,defense,22,3-2,6.25435733795166,16.77317277533299,1.0000001192092896,,1.0000001192092896,0.0,-10,-10,-10,23,23,33,-10.0,0.9999884052461496,2,-10|23,33,1000,,True,True
sample_000_decl_0,0,0,blanks,23,3,3,defense,24,4-3,0.812821626663208,22.16197227542528,0.49800005555152893,,0.49800005555152893,0.5020000338554382,-21,-21,-21,23,23,44,-21.0,0.999988418955104,2,-21|23,44,1000,,False,False
sample_000_decl_0,0,0,blanks,24,1,1,defense,12,6-2,1.0261249542236328,16.5629191795422,1.0000001192092896,,1.0000001192092896,0.0,-17,-17,16,16,16,33,-17.0,0.9960462355312418,2,-17|16,33,1000,,False,False
sample_000_decl_0,0,0,blanks,25,2,2,offense,19,6-3,16.462644577026367,1.9073486328125e-06,0.0,0.0,,0.0,16,16,16,16,16,0,16.0,-0.0,1,16,,1000,,False,False
sample_000_decl_0,0,0,blanks,26,3,3,defense,24,4-3,-16.453935623168945,1.9073486328125e-06,1.0,,1.0,0.0,-16,-16,-16,-16,-16,0,-16.0,-0.0,1,-16,,1000,,False,False
sample_000_decl_0,0,0,blanks,27,0,0,offense,4,5-5,16.292434692382812,1.9073486328125e-06,0.0,0.0,,0.0,16,16,16,16,16,0,16.0,-1.7198266111377304e-07,1,16,,1000,,False,False
sample_001_decl_1,1,1,ones,0,0,0,offense,0,2-0,-17.856117248535156,21.797033909590986,0.07700000703334808,0.07700000354088843,,0.5899999961256981,-41,-37,-24,-4,13,33,-41.709999799728394,5.862738186046626,7,-42|-36|-34|-32|-30|-29|-18,24,1000,,False,False
sample_001_decl_1,1,1,ones,0,0,0,offense,1,3-3,-4.70527458190918,23.501093412893844,0.19600000977516174,0.19600001210346818,,0.32900002505630255,-36,-24,-6,12,31,36,-40.25000027753413,6.258875199182385,6,-41|-31|-18|-15|0|5,46,1000,,False,True
sample_001_decl_1,1,1,ones,0,0,0,offense,2,5-0,-16.94890594482422,24.566750039830893,0.13200001418590546,0.13200000813230872,,0.5869999746792018,-41,-39,-25,-1,25,38,-41.969999730587006,5.829277170479069,2,-42|-35,7,1000,,False,False
sample_001_decl_1,1,1,ones,0,0,0,offense,3,6-0,-17.43609046936035,23.20222799192057,0.10000000149011612,0.10000000591389835,,0.5819999882951379,-41,-38,-24,-2,17,36,-41.88999979197979,5.813540841569702,4,-42|-36|-34|-20,22,1000,,False,False
sample_001_decl_1,1,1,ones,0,0,0,offense,4,6-1,-10.289798736572266,27.16188066446189,0.20200000703334808,0.20200001494958997,,0.4709999905899167,-41,-37,-14,11,33,48,-41.95999978482723,5.96524810795612,2,-42|41,83,1000,,False,False
sample_001_decl_1,1,1,ones,0,0,0,offense,5,6-4,-14.319725036621094,24.39913543670336,0.12999999523162842,0.13000000827014446,,0.5290000075474381,-41,-37,-20,3,24,40,-41.629999935626984,5.961623963763459,5,-41|-37|-31|-12|-6,35,1000,,False,False
sample_001_decl_1,1,1,ones,0,0,0,offense,6,6-5,-15.708198547363281,23.610577091336364,0.11900000274181366,0.11900000646710396,,0.5490000122226775,-41,-37,-21,1,20,38,-41.709999948740005,5.923390568741875,4,-41|-35|-33|-32,9,1000,,False,False
sample_001_decl_1,1,1,ones,1,1,1,defense,9,3-1,-8.279997825622559,27.138510999995468,0.5800000429153442,,0.580000038840808,0.42000000504776835,-42,-35,-9,12,34,47,-42.0,5.856266676902292,2,-42|41,83,1000,,False,False
sample_001_decl_1,1,1,ones,2,2,2,offense,14,1-0,33.033634185791016,12.16374763762373,0.8560000061988831,0.8559999321587384,,0.0020000000949949026,13,27,40,41,41,14,5.229999570408836,4.104267523511176,1,41,,1000,,False,False
sample_001_decl_1,1,1,ones,2,2,2,offense,15,1-1,20.9981632232666,20.781752960313902,0.6069999933242798,0.606999998446554,,0.0470000016503036,-10,5,27,41,41,36,-19.48000041069463,5.248979323822143,3,7|38|41,34,1000,,False,False
sample_001_decl_1,1,1,ones,2,2,2,offense,16,2-1,32.87027359008789,12.310841095216837,0.8519999980926514,0.85200001206249,,0.0020000000949949026,13,26,39,41,41,15,4.739999698475003,4.135878276862656,3,25|36|41,16,1000,,True,False
sample_001_decl_1,1,1,ones,3,3,3,defense,22,4-1,-27.819578170776367,16.2198290750738,0.21800002455711365,,0.21800001338124275,0.781999971717596,-42,-41,-33,-19,-4,22,-42.0,4.9372415551663185,7,-42|-38|-37|-32|-27|-20|-19,23,1000,,False,False
sample_001_decl_1,1,1,ones,3,3,3,defense,24,5-1,-22.276493072509766,19.45569134678205,0.3529999852180481,,0.3530000247992575,0.646999972872436,-42,-41,-27,-9,6,32,-42.0,5.359342759207431,6,-42|-39|-36|-30|-21|-9,33,1000,,True,True
sample_001_decl_1,1,1,ones,4,0,0,offense,0,2-0,-17.561397552490234,25.174054743456853,0.11900001019239426,0.11900000751484185,,0.5949999964796007,-42,-41,-25,-1,23,40,-42.0,5.416629434544358,4,-42|-31|-29|41,83,1000,,False,False
sample_001_decl_1,1,1,ones,4,0,0,offense,1,3-3,-3.439521551132202,26.113832560092792,0.23999999463558197,0.23999999836087227,,0.3339999821037054,-40,-28,-5,16,38,44,-41.75999937579036,6.051061763800061,4,-42|-30|-7|41,83,1000,,False,True
sample_001_decl_1,1,1,ones,4,0,0,offense,2,5-0,-16.0286808013916,27.375454833550254,0.1510000079870224,0.1510000058915466,,0.579000006429851,-42,-42,-25,2,32,44,-42.0,5.25368939711734,2,-42|41,83,1000,,False,False
sample_001_decl_1,1,1,ones,4,0,0,offense,3,6-0,-17.034034729003906,25.877535635874167,0.12800000607967377,0.12800000957213342,,0.575999959371984,-42,-42,-23,-2,26,40,-42.0,5.253269321475776,3,-42|-20|41,83,1000,,False,False
sample_001_decl_1,1,1,ones,4,0,0,offense,5,6-4,-16.573406219482422,26.215796866986395,0.13500000536441803,0.13500000850763172,,0.5540000041946769,-42,-42,-24,2,24,44,-42.0,5.284702111311176,2,-42|41,83,1000,,False,False
sample_001_decl_1,1,1,ones,4,0,0,offense,6,6-5,-16.477741241455078,26.167459982085813,0.1340000033378601,0.13399999658577144,,0.5620000502094626,-42,-42,-23,0,28,42,-42.0,5.255701078333573,3,-42|-12|41,83,1000,,False,False
sample_001_decl_1,1,1,ones,5,1,1,defense,8,3-0,-6.241373062133789,25.98368558353311,0.6320000290870667,,0.6320000466657802,0.3679999967571348,-41,-31,-7,14,29,45,-41.88999979197979,6.050016086087093,4,-42|4|28|41,83,1000,,True,True
sample_001_decl_1,1,1,ones,5,1,1,defense,10,4-3,-7.428725242614746,26.379338635302013,0.5970001220703125,,0.5970000429078937,0.40300000505521894,-41,-34,-9,13,29,47,-41.96999987959862,6.004015289608492,4,-42|-19|29|41,83,1000,,False,False
sample_001_decl_1,1,1,ones,6,2,2,offense,18,3-2,32.09785842895508,15.155295052873383,0.8630000352859497,0.8630000320263207,,0.010000000474974513,10,29,41,42,42,13,-6.2700008624233305,3.9645065560279447,4,20|29|35|42,22,1000,,False,False
sample_001_decl_1,1,1,ones,7,3,3,defense,25,5-3,-19.10221290588379,22.432056839983836,0.42399999499320984,,0.42400002980139107,0.5759999607689679,-42,-41,-26,-2,16,39,-42.0,5.210373210966884,3,-42|-29|29,71,1000,,True,True
sample_001_decl_1,1,1,ones,7,3,3,defense,27,6-3,-22.027341842651367,20.386532006593455,0.35899999737739563,,0.359000027179718,0.6409999569877982,-42,-42,-28,-7,7,35,-42.0,5.103898351974308,2,-42|-29,13,1000,,False,False
sample_001_decl_1,1,1,ones,8,0,0,offense,0,2-0,-19.437191009521484,24.935293458535458,0.11100000143051147,0.11100000666920096,,0.6279999883845448,-41,-40,-29,-6,20,34,-41.13000001199543,5.265782484395323,4,-41|-38|-14|41,82,1000,,False,False
sample_001_decl_1,1,1,ones,8,0,0,offense,2,5-0,-17.676939010620117,26.279947110243345,0.1510000079870224,0.15100000984966755,,0.5909999879077077,-41,-41,-28,-3,28,38,-41.19000001251697,5.272473454496851,3,-41|-37|41,82,1000,,True,False
sample_001_decl_1,1,1,ones,8,0,0,offense,3,6-0,-18.5357608795166,25.185980587701216,0.11300000548362732,0.11300000781193376,,0.5940000005066395,-41,-41,-26,-6,24,35,-41.11000000871717,5.236540708960769,4,-41|-38|-11|41,82,1000,,False,False
sample_001_decl_1,1,1,ones,8,0,0,offense,5,6-4,-17.195560455322266,24.790842592877794,0.1080000102519989,0.108000005944632,,0.5379999654833227,-41,-41,-23,-2,19,39,-41.250000022351735,5.302095381268873,5,-41|-16|-13|-10|41,82,1000,,False,True
sample_001_decl_1,1,1,ones,8,0,0,offense,6,6-5,-18.15174674987793,25.481376279733695,0.11900000274181366,0.11900000786408782,,0.5890000076033175,-41,-41,-26,-6,25,35,-41.17000000923871,5.2471001029364075,5,-41|-37|-15|-11|41,82,1000,,True,False
sample_001_decl_1,1,1,ones,9,1,1,defense,11,5-4,0.8790212273597717,28.358226775997583,0.6970000267028809,,0.6970000214641914,0.302999994950369,-41,-23,1,27,41,50,-41.76999984681606,5.915960901833095,4,-42|-29|29|41,83,1000,,False,False
sample_001_decl_1,1,1,ones,9,1,1,defense,12,5-5,13.132774353027344,26.748815777671588,0.8369998931884766,,0.8369999959832057,0.1630000106524676,-36,-7,22,37,41,44,-39.870000313036144,5.798308522767361,10,-42|-39|19|20|22|25|27|30|38|41,83,1000,,True,True
sample_001_decl_1,1,1,ones,10,2,2,offense,20,5-2,-2.9364969730377197,12.796423078482347,0.0,0.0,,0.14200000860728323,-23,-13,4,8,8,21,-29.350000391248614,4.450651927888034,4,-14|-6|-4|8,22,1000,,False,False
sample_001_decl_1,1,1,ones,11,3,3,defense,21,4-0,23.315425872802734,15.30717680910606,1.0,,1.0000000038417056,0.0,1,12,24,39,41,27,-4.030000430997461,5.211552372055859,7,5|15|17|19|31|39|41,36,1000,,False,False
sample_001_decl_1,1,1,ones,11,3,3,defense,22,4-1,20.164554595947266,14.369255178497097,0.9999999403953552,,0.9999999579740688,0.0,4,5,16,37,41,32,2.8600000937003642,4.828079121495197,4,4|16|38|41,37,1000,,False,False
sample_001_decl_1,1,1,ones,11,3,3,defense,23,4-2,22.123828887939453,15.81381425183078,1.0,,1.0000000533182174,0.0,-1,9,23,38,41,29,-5.480000315234064,5.287642248352747,8,-8|11|13|15|18|29|31|41,49,1000,,False,False
sample_001_decl_1,1,1,ones,11,3,3,defense,26,6-2,30.74772834777832,11.123449324644298,1.0,,0.9999999700812623,0.0,14,24,35,40,41,16,7.1599996564909825,4.682663966868862,6,18|27|29|32|39|41,23,1000,,False,False
sample_001_decl_1,1,1,ones,11,3,3,defense,27,6-3,31.12208366394043,10.939308932443291,1.0,,0.9999999589053914,0.0,14,25,36,40,41,15,7.89999972539954,4.623408830025238,6,16|18|31|34|39|41,25,1000,,False,True
sample_001_decl_1,1,1,ones,12,1,1,defense,7,0-0,0.8648912310600281,17.87491890415389,0.7410000562667847,,0.7410000446252525,0.25899998925160617,-24,-18,1,19,25,37,-24.819999908562753,5.191169806942869,7,-25|-23|-19|-1|6|12|25,50,1000,,False,False
sample_001_decl_1,1,1,ones,12,1,1,defense,10,4-3,-5.605621814727783,17.23923587813884,0.6310000419616699,,0.6310000064549968,0.36899999249726534,-25,-22,-8,5,25,27,-25.0,4.914968504118651,6,-25|-23|-21|-11|0|25,50,1000,,False,False
sample_001_decl_1,1,1,ones,12,1,1,defense,11,5-4,-5.007588863372803,18.141187713333178,0.6290000081062317,,0.6290000220760703,0.37100000213831663,-25,-23,-8,9,25,32,-25.0,4.915615300098799,6,-25|-20|-3|-1|2|25,50,1000,,False,False
sample_001_decl_1,1,1,ones,12,1,1,defense,13,6-6,3.7636308670043945,17.043603962635256,0.8020000457763672,,0.8019999954849482,0.19799999007955194,-23,-10,6,20,25,30,-24.56999965198338,5.102733707089347,6,-25|-22|-1|11|21|25,50,1000,,False,True
sample_001_decl_1,1,1,ones,13,2,2,offense,15,1-1,11.81790542602539,12.107877931653114,0.29899999499320984,0.29899999499320984,,0.0,-12,10,12,25,25,15,-14.100000171922149,3.2833394604512023,5,-15|-12|6|12|25,40,1000,,False,False
sample_001_decl_1,1,1,ones,13,2,2,offense,16,2-1,24.575984954833984,2.9498017195968482,0.9409998655319214,0.9409998953342438,,0.0,25,25,25,25,26,0,17.85000112373382,1.1028629401442696,2,13|25,12,1000,,False,True
sample_001_decl_1,1,1,ones,13,2,2,offense,17,2-2,3.8846170902252197,12.159671880410993,0.21299999952316284,0.2129999992903322,,0.005000000121071935,-12,-8,2,11,23,19,-13.820000128354879,3.7129956265463693,7,-12|-10|0|2|11|23|25,37,1000,,False,False
sample_001_decl_1,1,1,ones,13,2,2,offense,19,4-4,3.7734315395355225,12.33093987687355,0.21300002932548523,0.21300002711359411,,0.012000001035630703,-12,-8,2,11,23,19,-14.71000023931265,3.765383070098256,7,-13|-10|0|2|11|23|25,38,1000,,False,False
sample_001_decl_1,1,1,ones,14,3,3,defense,27,6-3,-13.695185661315918,14.605690231337547,0.4189999997615814,,0.41899999510496855,0.5809999898774549,-25,-25,-23,-1,3,24,-25.26000002399087,3.6484214234784784,6,-25|-23|-11|-2|0|2,27,1000,,False,False
sample_001_decl_1,1,1,ones,15,0,0,offense,3,6-0,-0.11648675799369812,19.576082139778617,0.32499998807907104,0.3249999778345227,,0.35600001621060073,-23,-23,0,23,25,46,-23.0,3.707134313017585,6,-23|-21|0|12|23|25,48,1000,,False,False
sample_001_decl_1,1,1,ones,15,0,0,offense,5,6-4,9.37028694152832,10.981940269595393,0.3190000057220459,0.31899999896995723,,0.0,-2,-2,6,23,25,25,-2.1300000119954348,3.7469300178351665,8,-2|1|3|8|12|21|23|25,27,1000,,False,True
sample_001_decl_1,1,1,ones,15,0,0,offense,6,6-5,-0.02441265806555748,19.577431339966278,0.3229999542236328,0.322999952477403,,0.3650000289781019,-23,-23,0,23,25,46,-23.0,3.703873542734983,5,-23|-21|0|23|25,48,1000,,False,False
sample_001_decl_1,1,1,ones,16,2,2,offense,15,1-1,24.05183982849121,0.08774739887214712,1.0,1.0,,0.0,24,24,24,24,24,0,24.000000000000004,-0.0,1,24,,1000,,False,False
sample_001_decl_1,1,1,ones,16,2,2,offense,17,2-2,19.298044204711914,7.51222808904365,0.6719998121261597,0.6719998121261597,,0.0,11,12,24,24,24,12,4.659999615047128,1.6674423801321197,3,9|12|24,15,1000,,False,False
sample_001_decl_1,1,1,ones,16,2,2,offense,19,4-4,22.786231994628906,6.074099112065373,0.9530001282691956,0.9530001282691956,,0.0,24,24,24,24,24,0,11.00999936205335,0.40472794460299455,1,24,,1000,,False,False
sample_001_decl_1,1,1,ones,17,3,3,defense,22,4-1,-21.844181060791016,5.660710888758874,0.07899998873472214,,0.07899998629000038,0.9209999971790239,-24,-24,-24,-22,-21,2,-24.000000000000004,1.420978356667875,3,-24|-22|-1,23,1000,,False,False
sample_001_decl_1,1,1,ones,18,0,0,offense,0,2-0,19.572175979614258,10.297973018561256,0.8989999294281006,0.898999959230423,,0.0,-2,21,24,24,24,3,-10.999999444931744,2.011659002781238,3,-12|21|24,36,1000,,True,False
sample_001_decl_1,1,1,ones,18,0,0,offense,5,6-4,20.06851577758789,4.186798036867037,0.7849999666213989,0.7849999833852053,,0.0,14,18,21,24,24,6,10.210000305436552,3.139710250661781,4,10|18|21|24,14,1000,,False,True
sample_001_decl_1,1,1,ones,18,0,0,offense,6,6-5,11.970057487487793,14.796032987361373,0.6620000004768372,0.6619999818503857,,0.0,-9,-8,21,24,24,32,-11.359999725595117,3.1345746035984963,5,-12|-8|-5|22|24,36,1000,,False,False
sample_001_decl_1,1,1,ones,19,1,1,defense,7,0-0,-13.615137100219727,13.356173090340684,0.5429999232292175,,0.5429999344050884,0.4570000097155571,-28,-24,-16,-2,12,22,-28.0,3.1515867370925563,9,-28|-26|-24|-16|-14|-2|0|2|12,40,1000,,False,False
sample_001_decl_1,1,1,ones,19,1,1,defense,10,4-3,-14.565321922302246,13.847673329502866,0.44999995827674866,,0.44999996572732925,0.5499999672174454,-28,-25,-24,-1,12,24,-28.0,3.0690577371967276,7,-28|-26|-24|-16|-1|2|12,40,1000,,True,False
sample_001_decl_1,1,1,ones,19,1,1,defense,11,5-4,-14.716492652893066,13.783731596119651,0.44999995827674866,,0.44999993219971657,0.5499999858438969,-28,-25,-24,-1,11,24,-28.0,3.2893024373189523,7,-28|-26|-24|-17|-1|1|11,39,1000,,False,False
sample_001_decl_1,1,1,ones,20,2,2,offense,17,2-2,17.44675064086914,0.3655145967519854,0.652999997138977,0.652999997138977,,0.0,17,17,18,18,18,1,16.46000002324581,1.147793325517242,1,18,,1000,,True,True
sample_001_decl_1,1,1,ones,20,2,2,offense,19,4-4,17.439191818237305,0.35879808226634247,0.6530000567436218,0.6530000567436218,,0.0,17,17,18,18,18,1,16.46000002324581,1.1477932761735368,1,18,,1000,,True,False
sample_001_decl_1,1,1,ones,21,3,3,defense,23,4-2,-15.336175918579102,5.424096435679835,0.3259999752044678,,0.325999952852726,0.6740001440048218,-18,-18,-18,-14,-12,4,-18.0,1.5053781414239737,5,-18|-16|-14|-12|7,25,1000,,False,False
sample_001_decl_1,1,1,ones,22,0,0,offense,5,6-4,12.648359298706055,6.413865043397926,0.5990000367164612,0.5990000367164612,,0.0,5,5,18,18,18,13,5.0,0.9715325272095559,2,5|18,13,1000,,True,False
sample_001_decl_1,1,1,ones,22,0,0,offense,6,6-5,4.484282493591309,16.407092612290615,0.5990000367164612,0.5990000367164612,,0.0,-16,-16,18,18,18,34,-16.0,0.9715325235030645,2,-16|18,34,1000,,False,False
sample_001_decl_1,1,1,ones,23,1,1,defense,10,4-3,-11.146605491638184,6.033606192528929,0.5320000052452087,,0.5320000052452087,0.4680000841617584,-18,-18,-5,-5,-5,13,-18.0,0.9970433081916308,2,-18|-5,13,1000,,True,True
sample_001_decl_1,1,1,ones,23,1,1,defense,11,5-4,-11.462443351745605,5.738349057206589,0.5320001244544983,,0.5320001244544983,0.46800002455711365,-18,-18,-6,-6,-6,12,-18.0,0.9970432654484791,2,-18|-6,12,1000,,True,False
sample_001_decl_1,1,1,ones,24,2,2,offense,19,4-4,5.398562431335449,0.25645595624324585,0.0,0.0,,0.0,5,5,6,6,6,1,5.0,0.9990648836449043,1,6,,1000,,False,False
sample_001_decl_1,1,1,ones,25,3,3,defense,21,4-0,-6.380227565765381,0.0458706634777101,1.0000001192092896,,1.0000001192092896,0.0,-6,-6,-6,-6,-6,0,-6.000000000000001,-1.7198266111377304e-07,1,-6,,1000,,False,False
sample_001_decl_1,1,1,ones,26,0,0,offense,6,6-5,5.123406410217285,0.0,0.0,0.0,,0.0,5,5,5,5,5,0,5.0,-3.4396534272947326e-07,1,5,,1000,,False,False
sample_001_decl_1,1,1,ones,27,1,1,defense,11,5-4,-6.365649700164795,4.76837158203125e-07,1.0000001192092896,,1.0000001192092896,0.0,-6,-6,-6,-6,-6,0,-6.000000000000001,-1.7198266111377304e-07,1,-6,,1000,,False,False
sample_002_decl_2,2,2,twos,0,0,0,offense,0,1-0,-20.612817764282227,20.26860190404191,0.061000000685453415,0.06100000161677599,,0.6199999945238233,-42,-39,-25,-8,6,31,-42.0,5.653529052707675,6,-42|-39|-35|-32|-19|-15,27,1000,,False,False
sample_002_decl_2,2,2,twos,0,0,0,offense,1,3-3,-13.02406120300293,24.029152013426838,0.12700001895427704,0.12700000905897468,,0.4819999886676669,-41,-37,-16,3,24,40,-41.989999771118164,5.971039479743115,3,-42|0|2,44,1000,,False,False
sample_002_decl_2,2,2,twos,0,0,0,offense,2,4-3,-17.918359756469727,22.440965985128695,0.09800000488758087,0.09800000488758087,,0.5839999988675117,-42,-39,-22,-5,17,34,-42.0,5.776218561756696,3,-42|-19|-16,26,1000,,False,False
sample_002_decl_2,2,2,twos,0,0,0,offense,3,5-3,-20.751806259155273,20.22330401162195,0.054999999701976776,0.05500000237952918,,0.6159999938681722,-42,-39,-25,-8,7,31,-42.0,5.614535509957795,6,-42|-36|-35|-34|-13|-10,32,1000,,False,False
sample_002_decl_2,2,2,twos,0,0,0,offense,4,5-5,-7.16016960144043,24.8238348834404,0.19300001859664917,0.19300001370720565,,0.3669999693520367,-41,-33,-6,13,27,46,-41.729999765753746,6.088482511776104,6,-42|-38|-34|-7|-6|4,46,1000,,True,True
sample_002_decl_2,2,2,twos,0,0,0,offense,5,6-1,-19.44537353515625,22.06848236327907,0.08799999952316284,0.08800000452902168,,0.6120000020600855,-42,-39,-25,-6,14,33,-42.0,5.678363568544634,6,-42|-38|-33|-25|-20|-17,25,1000,,False,False
sample_002_decl_2,2,2,twos,0,0,0,offense,6,6-3,-19.23650550842285,22.101678485909872,0.08600001037120819,0.08600000431761146,,0.6049999874085188,-42,-40,-24,-6,14,34,-42.0,5.6892901560860665,6,-42|-38|-35|-30|-19|-17,25,1000,,False,False
sample_002_decl_2,2,2,twos,1,1,1,defense,13,6-5,-8.872769355773926,24.46392907289411,0.5179999470710754,,0.5180000270484015,0.48200002452358603,-34,-29,-16,8,35,37,-37.450000253506005,5.918920287346905,11,-39|-37|-34|-31|-28|-21|-16|-7|8|19|41,80,1000,,False,False
sample_002_decl_2,2,2,twos,2,2,2,offense,18,5-1,10.722671508789062,24.310643456188203,0.4610000252723694,0.4610000045504421,,0.15300001087598503,-26,-6,14,32,41,38,-36.36000086227432,6.023370085175253,4,-42|7|19|41,83,1000,,False,False
sample_002_decl_2,2,2,twos,3,3,3,defense,25,5-0,-23.12040901184082,14.06959890264289,0.26500001549720764,,0.2650000178255141,0.7349999528378248,-39,-33,-27,-16,2,17,-40.04999992996454,5.342588471709134,7,-40|-38|-37|-32|-29|-22|9,49,1000,,False,False
sample_002_decl_2,2,2,twos,3,3,3,defense,26,5-4,-20.6456241607666,15.993950176886953,0.30900001525878906,,0.3090000218944624,0.6910000117495656,-38,-32,-26,-14,6,18,-39.79000003263354,5.530254138675683,8,-40|-33|-29|-24|-21|-18|-15|19,59,1000,,True,True
sample_002_decl_2,2,2,twos,4,0,0,offense,0,1-0,-21.21941375732422,16.703937107537794,0.03999999910593033,0.04000000178348273,,0.6899999936576933,-36,-34,-28,-14,4,20,-36.95000007422641,5.425165705181789,4,-35|-27|-19|-16,19,1000,,False,False
sample_002_decl_2,2,2,twos,4,0,0,offense,1,3-3,-15.1782865524292,20.216993016782318,0.0860000029206276,0.08600000501610339,,0.5479999660747126,-36,-33,-21,0,16,33,-36.970000074012205,5.766037148864815,3,-35|-30|-20,15,1000,,True,True
sample_002_decl_2,2,2,twos,4,0,0,offense,2,4-3,-19.35448455810547,18.917083511577157,0.06499999761581421,0.06500000355299562,,0.6699999768752605,-36,-34,-28,-8,10,26,-36.75000006123446,5.493158254167296,2,-35|-23,12,1000,,False,False
sample_002_decl_2,2,2,twos,4,0,0,offense,3,5-3,-20.723758697509766,17.760671926623615,0.04700000211596489,0.0470000026980415,,0.6939999745227396,-36,-34,-28,-11,7,23,-37.01999998791143,5.419460427454269,5,-35|-30|-27|-24|-22,13,1000,,False,False
sample_002_decl_2,2,2,twos,4,0,0,offense,5,6-1,-19.527875900268555,18.423972129360095,0.053999997675418854,0.05400000268127769,,0.6619999874383211,-35,-34,-28,-8,9,26,-36.36000000173226,5.431955009944941,2,-35|-27,8,1000,,False,False
sample_002_decl_2,2,2,twos,4,0,0,offense,6,6-3,-19.41769790649414,18.406443985077107,0.050999999046325684,0.05100000149104744,,0.6590000046417117,-35,-34,-27,-8,8,26,-36.430000049294904,5.455309717032663,2,-35|-27,8,1000,,False,False
sample_002_decl_2,2,2,twos,5,1,1,defense,7,1-1,1.8649917840957642,19.781122722487453,0.8130000829696655,,0.813000047695823,0.18700001295655966,-22,-15,-1,17,33,32,-27.730000366456807,5.945065291593688,9,-19|-17|-14|-11|-6|-4|6|8|34,53,1000,,False,False
sample_002_decl_2,2,2,twos,5,1,1,defense,8,2-1,14.660181045532227,20.382159701121743,0.9100000858306885,,0.9100000415928662,0.09000000602100044,-17,-1,20,34,36,35,-24.390000440645963,5.741848195477866,4,11|20|33|36,25,1000,,True,True
sample_002_decl_2,2,2,twos,5,1,1,defense,9,4-2,14.572664260864258,20.51838641092918,0.906000018119812,,0.9060000088065863,0.09400000690948218,-17,-1,19,34,36,35,-24.820000497158617,5.781045592721443,3,19|30|36,17,1000,,True,False
sample_002_decl_2,2,2,twos,5,1,1,defense,10,4-4,-0.13440561294555664,19.76901913175362,0.784000039100647,,0.7840000563301146,0.21600001421757042,-24,-16,-4,14,33,30,-28.480000231415037,5.931683390186048,10,-20|-18|-15|-11|-9|-5|-1|6|30|34,54,1000,,False,False
sample_002_decl_2,2,2,twos,5,1,1,defense,11,6-2,12.397688865661621,20.975814698030057,0.878000020980835,,0.8780000265687704,0.12200000777374953,-20,-4,17,32,36,36,-27.170000339392573,5.934624022084808,5,18|25|28|33|36,18,1000,,False,False
sample_002_decl_2,2,2,twos,5,1,1,defense,12,6-4,-2.896393299102783,15.358355685276623,0.8280000686645508,,0.8280000617960468,0.17200001305900514,-22,-14,-5,9,15,23,-27.090000353520736,5.746380099212011,12,-16|-13|-11|-9|-7|-4|5|8|9|11|13|15,31,1000,,False,False
sample_002_decl_2,2,2,twos,6,2,2,offense,15,3-1,-17.513160705566406,18.67169929964405,0.07200000435113907,0.07200000458396971,,0.6119999387301505,-35,-33,-23,-7,9,26,-35.18000001087785,5.363520244447334,5,-34|-25|-21|-19|-11,23,1000,,False,False
sample_002_decl_2,2,2,twos,7,3,3,defense,23,3-0,21.498737335205078,15.404122412675365,0.9779999256134033,,0.977999996743165,0.022000001277774572,-4,13,28,34,35,21,-11.900000445079057,5.102292589035237,6,14|22|23|26|30|35,21,1000,,False,False
sample_002_decl_2,2,2,twos,8,1,1,defense,7,1-1,5.945436000823975,19.47046008490731,0.8450000286102295,,0.8450000309385359,0.15500001050531864,-21,-12,8,24,31,36,-25.070000248029828,5.6862222554870465,6,-18|-15|-4|8|18|31,49,1000,,False,True
sample_002_decl_2,2,2,twos,8,1,1,defense,9,4-2,4.6964111328125,22.497698856936942,0.777999997138977,,0.7780000029597431,0.2220000142697245,-27,-16,5,31,32,47,-30.34000018890947,5.437284208644498,4,-31|6|18|31,62,1000,,False,False
sample_002_decl_2,2,2,twos,8,1,1,defense,10,4-4,5.271218299865723,20.099701138072767,0.8119999766349792,,0.8120000283233821,0.18800001440104097,-23,-14,7,25,31,39,-26.610000244807452,5.642170277042151,5,-20|-18|-16|18|31,51,1000,,False,False
sample_002_decl_2,2,2,twos,8,1,1,defense,11,6-2,5.129500865936279,21.66675571521164,0.8090000152587891,,0.8090000064112246,0.19100000779144466,-27,-14,6,30,32,44,-30.149999962188303,5.5568662719940916,4,-31|-16|18|31,62,1000,,True,False
sample_002_decl_2,2,2,twos,8,1,1,defense,12,6-4,1.9611884355545044,19.003067572064186,0.8080000877380371,,0.8080000188201666,0.19200001063290983,-21,-15,0,18,31,33,-25.050000293646008,5.643593521040817,9,-21|-18|-15|-12|-6|-4|8|18|31,52,1000,,False,False
sample_002_decl_2,2,2,twos,9,2,2,offense,14,0-0,-10.671364784240723,20.44449302188428,0.13100001215934753,0.13100000855047256,,0.4629999599419534,-33,-31,-15,5,22,36,-34.19999990332872,5.7788960401628,6,-33|-24|-22|-20|-18|-6,27,1000,,False,False
sample_002_decl_2,2,2,twos,9,2,2,offense,16,3-2,4.2174763679504395,20.847611968872776,0.32500001788139343,0.32499999832361937,,0.18600001209415495,-28,-10,7,21,31,31,-33.01000034622848,5.953943292738172,5,-34|-10|17|20|32,66,1000,,False,True
sample_002_decl_2,2,2,twos,9,2,2,offense,17,4-0,-5.462641716003418,21.78105804927974,0.20100001990795135,0.20100001490209252,,0.3670000022975728,-33,-26,-7,13,28,39,-33.87999997311272,5.925638133406509,5,-33|-19|2|9|31,64,1000,,False,False
sample_002_decl_2,2,2,twos,9,2,2,offense,19,5-2,0.7223467826843262,20.718094529130056,0.2680000066757202,0.2680000141263008,,0.2530000142287463,-29,-18,1,19,31,37,-33.27000030642375,5.96937308148492,6,-33|-32|-19|8|20|32,65,1000,,False,False
sample_002_decl_2,2,2,twos,9,2,2,offense,20,6-0,-4.54128360748291,21.806005872003333,0.2070000171661377,0.20700001390650868,,0.353999997372739,-33,-25,-6,14,28,39,-33.75999999069609,5.94128524004639,6,-33|-18|-8|9|17|32,65,1000,,False,False
sample_002_decl_2,2,2,twos,10,3,3,defense,24,4-1,-8.244475364685059,15.20122444842669,0.722000002861023,,0.7220000284723938,0.2780000146012753,-30,-20,-8,5,13,25,-32.56000015535392,5.455953924945759,9,-32|-30|-14|-12|-8|-6|-4|11|13,45,1000,,False,False
sample_002_decl_2,2,2,twos,11,0,0,offense,0,1-0,7.435760974884033,18.369322438128673,0.2800000011920929,0.2800000064307824,,0.0,-13,-12,5,19,39,31,-14.029999917373061,5.16380424832405,7,-13|-8|-4|3|13|16|41,54,1000,,True,False
sample_002_decl_2,2,2,twos,11,0,0,offense,5,6-1,7.47473669052124,18.47072697884285,0.2930000126361847,0.2930000068154186,,0.0,-14,-12,4,20,39,32,-14.060000002849847,5.177347169487494,5,-13|-7|3|16|41,54,1000,,True,True
sample_002_decl_2,2,2,twos,12,2,2,offense,14,0-0,-8.72946834564209,17.565855092671086,0.1300000101327896,0.1300000110641122,,0.477999999653548,-25,-25,-16,8,20,33,-25.0,4.607053522141442,5,-25|-19|11|22|25,50,1000,,True,True
sample_002_decl_2,2,2,twos,12,2,2,offense,17,4-0,-12.600811004638672,15.509626783040872,0.07400000840425491,0.07400000537745655,,0.5670000086538494,-25,-25,-22,-1,12,24,-25.0,4.278826875835817,4,-25|-19|-1|25,50,1000,,False,False
sample_002_decl_2,2,2,twos,12,2,2,offense,19,5-2,-13.101357460021973,16.042583066188154,0.09700000286102295,0.09700000216253102,,0.6009999802336097,-25,-25,-23,-3,17,22,-25.0,3.908173304921808,5,-25|-19|-10|1|25,50,1000,,False,False
sample_002_decl_2,2,2,twos,12,2,2,offense,20,6-0,-11.949204444885254,15.889573984262988,0.09000000357627869,0.09000000730156898,,0.5489999921992421,-25,-25,-21,-1,15,24,-25.0,4.331158522958244,6,-25|-19|-14|-1|1|25,50,1000,,False,False
sample_002_decl_2,2,2,twos,13,3,3,defense,25,5-0,5.370044708251953,12.568217784021789,0.9719998836517334,,0.9719999292865396,0.028000001097097993,-12,-9,12,13,13,22,-15.68000016314909,3.8665806748609057,4,-11|0|12|25,36,1000,,False,False
sample_002_decl_2,2,2,twos,14,0,0,offense,0,1-0,-7.544144630432129,16.805889659464437,0.12800002098083496,0.12800000747665763,,0.24599998793564737,-28,-15,-13,1,22,16,-29.27999983727932,4.954178555283743,8,-29|-24|-13|-9|-8|-7|4|30,59,1000,,False,False
sample_002_decl_2,2,2,twos,15,1,1,defense,9,4-2,9.887357711791992,16.00048922744483,1.0,,1.0000000252621248,0.0,-13,-8,12,26,28,34,-13.230000014416873,4.801232828685579,6,-13|-2|4|10|12|27,40,1000,,True,True
sample_002_decl_2,2,2,twos,15,1,1,defense,10,4-4,-14.099316596984863,14.134577651999038,0.41600000858306885,,0.4160000189440325,0.5839999206364155,-27,-25,-21,-7,13,18,-27.460000038146973,4.7768060035567546,6,-26|-24|-16|-13|11|14,40,1000,,False,False
sample_002_decl_2,2,2,twos,15,1,1,defense,11,6-2,9.683302879333496,16.019815572184246,1.0,,1.0000000123400241,0.0,-13,-9,11,26,28,35,-13.34000001847744,4.782530677682513,5,-13|10|12|13|28,41,1000,,True,False
sample_002_decl_2,2,2,twos,15,1,1,defense,12,6-4,-16.878747940063477,6.724403451319905,0.47599995136260986,,0.4759999653324485,0.5239999974146485,-25,-22,-19,-10,-7,12,-26.100000087171793,4.251848695869267,6,-25|-22|-17|-15|-11|-8,17,1000,,False,False
sample_002_decl_2,2,2,twos,16,1,1,defense,10,4-4,-4.278834819793701,15.485669802700858,0.7309999465942383,,0.7309999810531735,0.2689999993890524,-19,-18,-13,15,19,33,-19.0,4.059189285120908,5,-19|-17|-14|17|19,38,1000,,False,False
sample_002_decl_2,2,2,twos,16,1,1,defense,11,6-2,-1.1309070587158203,16.061074041459193,0.6869999170303345,,0.6869999669725075,0.3130000028759241,-19,-19,-6,17,19,36,-19.0,3.5302278744005973,6,-19|-17|-6|5|17|19,38,1000,,True,True
sample_002_decl_2,2,2,twos,16,1,1,defense,12,6-4,-5.781333923339844,14.352437498843294,0.659000039100647,,0.6590000034775585,0.3409999907016754,-19,-18,-14,6,19,24,-19.0,3.9521219865689616,6,-19|-16|-5|6|16|19,38,1000,,False,False
sample_002_decl_2,2,2,twos,17,2,2,offense,17,4-0,-9.959434509277344,13.498665072526038,0.05299999192357063,0.05299999192357063,,0.5060000056400895,-19,-19,-19,-5,17,14,-19.11000000871718,3.0523041359944787,6,-19|-17|-13|-5|17|19,38,1000,,False,False
sample_002_decl_2,2,2,twos,18,3,3,defense,21,2-0,18.468795776367188,0.6824506084330147,1.0,,1.0000000149011612,0.0,17,19,19,19,19,0,17.0,0.7239235557121355,2,17|19,2,1000,,False,False
sample_002_decl_2,2,2,twos,18,3,3,defense,22,2-2,15.972175598144531,6.324564970834951,0.9999999403953552,,0.9999999608844519,0.0,4,16,19,19,19,3,-1.6500001624226568,1.5793937012197923,5,-4|4|7|16|19,23,1000,,False,False
sample_002_decl_2,2,2,twos,18,3,3,defense,27,6-6,18.423049926757812,0.7114486533568113,0.9999999403953552,,0.9999999403953552,0.0,17,19,19,19,19,0,17.0,0.7239236094131203,2,17|19,2,1000,,True,False
sample_002_decl_2,2,2,twos,19,0,0,offense,2,4-3,-10.825335502624512,13.669308910969699,0.0,0.0,,0.612000048160553,-19,-19,-19,-14,17,5,-19.0,1.9108164831684633,7,-19|-16|-14|9|11|14|17,36,1000,,False,False
sample_002_decl_2,2,2,twos,20,3,3,defense,22,2-2,17.527801513671875,0.3793107655866301,1.000000238418579,,1.0000001788139343,0.0,17,18,18,18,18,0,17.0,0.6822595736701129,1,18,,1000,,True,False
sample_002_decl_2,2,2,twos,20,3,3,defense,27,6-6,11.803915977478027,10.396769285911496,1.0000001192092896,,1.0000001229345798,0.0,-7,17,18,18,18,1,-7.549999959766865,1.5680700082270838,2,-7|18,25,1000,,False,False
sample_002_decl_2,2,2,twos,21,0,0,offense,3,5-3,-13.183357238769531,10.88456918924892,0.0,0.0,,0.825999915599823,-18,-18,-18,-18,16,0,-18.0,0.8255385966864043,3,-18|-6|16,34,1000,,True,False
sample_002_decl_2,2,2,twos,21,0,0,offense,6,6-3,-13.170775413513184,10.89439784283235,0.0,0.0,,0.8260000944137573,-18,-18,-18,-18,16,0,-18.0,0.8255384003406212,3,-18|-6|16,34,1000,,True,True
sample_002_decl_2,2,2,twos,22,1,1,defense,11,6-2,11.108917236328125,13.364992765288388,1.0,,0.9999999850988388,0.0,-16,18,18,18,18,0,-16.0,0.7199235695211352,2,-16|18,34,1000,,False,False
sample_002_decl_2,2,2,twos,23,2,2,offense,19,5-2,-17.683467864990234,0.07767600439076533,0.0,0.0,,1.000000238418579,-18,-18,-18,-18,-18,0,-18.0,-3.4396534272947326e-07,1,-18,,1000,,False,False
sample_002_decl_2,2,2,twos,24,3,3,defense,27,6-6,16.653757095336914,0.006622313903773412,1.0000001192092896,,1.0000001192092896,0.0,17,17,17,17,17,0,17.0,-1.7198266111377304e-07,1,17,,1000,,False,False
sample_002_decl_2,2,2,twos,25,0,0,offense,3,5-3,-16.223024368286133,1.9073486328125e-06,0.0,0.0,,0.0,-16,-16,-16,-16,-16,0,-16.0,-0.0,1,-16,,1000,,False,False
sample_002_decl_2,2,2,twos,26,1,1,defense,12,6-4,16.61056137084961,1.9073486328125e-06,1.0,,1.0,0.0,17,17,17,17,17,0,17.0,-0.0,1,17,,1000,,False,False
sample_002_decl_2,2,2,twos,27,2,2,offense,20,6-0,-16.48980140686035,0.0,0.0,0.0,,0.0,-16,-16,-16,-16,-16,0,-16.0,-0.0,1,-16,,1000,,False,False
sample_003_decl_3,3,3,threes,0,0,0,offense,0,1-0,8.049891471862793,21.09756041972774,0.36500000953674316,0.36500002816319466,,0.12100000807549804,-19,-10,5,28,38,38,-24.24000030243769,6.056947464269217,9,-16|-12|-7|-5|-2|5|36|38|41,57,1000,,False,False
sample_003_decl_3,3,3,threes,0,0,0,offense,1,2-1,8.997734069824219,20.47334529166254,0.37000003457069397,0.3700000245589763,,0.09400000679306686,-17,-9,6,29,39,38,-22.080000362358987,6.020264390521892,6,-10|-8|-3|-1|35|40,50,1000,,False,False
sample_003_decl_3,3,3,threes,0,0,0,offense,2,3-3,27.001981735229492,16.612239213881395,0.7429999709129333,0.7429999464657158,,0.004000000189989805,-1,17,35,40,41,23,-8.400000396883115,4.952914712372326,4,25|30|32|41,16,1000,,False,False
sample_003_decl_3,3,3,threes,0,0,0,offense,3,4-2,5.13582181930542,24.104768324068814,0.35899999737739563,0.35900000017136335,,0.22000001731794327,-25,-16,0,30,40,46,-28.800000242190436,6.014371165915612,9,-25|-23|-22|-20|-15|-12|-8|-6|41,66,1000,,False,False
sample_003_decl_3,3,3,threes,0,0,0,offense,4,5-3,26.726972579956055,16.847442052458216,0.7379999756813049,0.7379999305121601,,0.006000000284984708,-2,17,35,40,41,23,-8.99000039254315,4.981945114044404,2,31|41,10,1000,,False,False
sample_003_decl_3,3,3,threes,0,0,0,offense,5,5-4,8.548088073730469,21.60984880061744,0.36800000071525574,0.36800000024959445,,0.0970000063534826,-17,-10,3,32,40,42,-21.89000027999282,5.888534557347623,9,-17|-12|-10|-7|-5|-2|-1|35|41,58,1000,,False,False
sample_003_decl_3,3,3,threes,0,0,0,offense,6,6-3,27.096622467041016,16.60942920234571,0.7439998984336853,0.7439999603666365,,0.003000000142492354,-1,17,36,40,41,23,-8.260000380920246,4.942626517042628,3,32|38|41,9,1000,,False,True
sample_003_decl_3,3,3,threes,1,1,1,defense,8,3-2,-13.713541030883789,29.695125459816108,0.4350000023841858,,0.43500000901985914,0.564999989932403,-42,-41,-26,10,38,51,-42.0,5.443274729971307,3,-42|-37|41,83,1000,,True,False
sample_003_decl_3,3,3,threes,1,1,1,defense,10,4-3,-13.01108455657959,29.32574410953838,0.45100003480911255,,0.451000016881153,0.5490000317804515,-42,-40,-23,10,38,50,-42.0,5.5304968141308475,4,-42|-37|-35|41,83,1000,,True,True
sample_003_decl_3,3,3,threes,2,2,2,offense,16,3-0,-1.2628684043884277,28.698579398162835,0.29100000858306885,0.29099999682512134,,0.3179999925196171,-42,-28,-2,22,41,50,-42.0,5.619456040988099,3,-42|-7|41,83,1000,,False,False
sample_003_decl_3,3,3,threes,3,3,3,defense,22,3-1,-18.774707794189453,22.22818329437562,0.45799997448921204,,0.45800002897158265,0.541999964043498,-42,-42,-20,-4,11,38,-42.0,5.2368209772493906,6,-42|-20|-14|-12|-7|-3,39,1000,,False,False
sample_003_decl_3,3,3,threes,4,0,0,offense,0,1-0,5.375504970550537,23.701599273160213,0.3400000035762787,0.3399999984540045,,0.194000014802441,-25,-14,1,28,41,42,-30.41000039782375,6.074214599027224,4,-18|-14|-6|41,59,1000,,False,False
sample_003_decl_3,3,3,threes,4,0,0,offense,1,2-1,6.236564636230469,23.81064420261976,0.34599998593330383,0.34599998593330383,,0.17300001136027277,-25,-13,1,31,41,44,-29.900000338675454,6.010301130938609,5,-17|-15|-7|-2|41,58,1000,,False,False
sample_003_decl_3,3,3,threes,4,0,0,offense,2,3-3,27.723480224609375,17.701075220586002,0.7250000834465027,0.7250000298954546,,0.003000000142492354,-2,14,39,41,42,27,-8.040000367211176,4.574756602625259,1,41,,1000,,False,True
sample_003_decl_3,3,3,threes,4,0,0,offense,3,4-2,3.0762805938720703,27.90335078199895,0.3540000021457672,0.3540000036591664,,0.31100002117455006,-31,-21,-5,37,41,58,-33.89000018965453,5.78944197673508,6,-33|-29|-27|-17|-12|41,74,1000,,False,False
sample_003_decl_3,3,3,threes,4,0,0,offense,4,5-3,27.651348114013672,17.75255211763799,0.7210000157356262,0.7210000264458358,,0.003000000142492354,-2,14,38,41,42,27,-8.100000350270419,4.560519471362609,1,41,,1000,,False,False
sample_003_decl_3,3,3,threes,4,0,0,offense,5,5-4,5.185328960418701,25.380071123893767,0.32899999618530273,0.32899999152868986,,0.21400001656729728,-26,-15,-2,36,41,51,-30.490000309888273,5.757757764510821,5,-19|-11|-7|-5|41,60,1000,,False,False
sample_003_decl_3,3,3,threes,5,1,1,defense,8,3-2,-23.15061378479004,19.75508766797888,0.3659999966621399,,0.36600002518389374,0.6339999735355377,-42,-42,-30,-9,8,33,-42.0,5.110629131975015,2,-42|-17,25,1000,,False,False
sample_003_decl_3,3,3,threes,6,2,2,offense,14,1-1,16.101852416992188,21.505042615864685,0.4820000231266022,0.482000008225441,,0.09000000695232302,-16,2,17,38,41,36,-26.220000859117135,5.470764089608845,8,-30|3|5|7|16|19|39|41,71,1000,,False,False
sample_003_decl_3,3,3,threes,6,2,2,offense,15,2-0,23.01028823852539,21.271762609654246,0.656000018119812,0.6560000414028764,,0.07000000460539013,-11,9,31,41,41,32,-23.01000081608072,4.885037328790025,2,-30|41,71,1000,,False,False
sample_003_decl_3,3,3,threes,6,2,2,offense,17,5-0,25.00267219543457,17.950053112408366,0.6749999523162842,0.6749999928288162,,0.02900000219233334,-2,13,31,41,41,28,-13.750000878237186,4.914431499157938,3,7|18|41,34,1000,,False,True
sample_003_decl_3,3,3,threes,6,2,2,offense,18,5-2,21.57895278930664,21.33332554499166,0.625,0.6250000037252903,,0.08000000426545739,-13,8,29,41,41,33,-24.02000062703155,5.194460179765407,4,6|17|38|41,35,1000,,False,False
sample_003_decl_3,3,3,threes,6,2,2,offense,19,5-5,15.314157485961914,15.018511729864517,0.4000000059604645,0.4000000157393515,,0.0,-4,4,13,27,40,23,-7.220000215806067,5.529820137933492,8,-8|-5|4|7|16|18|26|41,49,1000,,False,False
sample_003_decl_3,3,3,threes,6,2,2,offense,20,6-2,24.00444221496582,20.943158196512307,0.6800000071525574,0.6800000043585896,,0.0690000036265701,-8,11,33,41,41,30,-22.390000757994127,4.596888068662755,2,18|41,23,1000,,False,False
sample_003_decl_3,3,3,threes,7,3,3,defense,21,0-0,-10.275851249694824,23.96507901524698,0.6180000305175781,,0.6180000361055136,0.38200001197401434,-42,-38,-9,10,27,48,-42.0,5.320647550022131,5,-42|-19|-7|-4|29,71,1000,,True,False
sample_003_decl_3,3,3,threes,7,3,3,defense,23,4-0,-10.14783763885498,24.012902923968554,0.6270000338554382,,0.6270000413060188,0.37299998675007373,-42,-39,-9,10,27,49,-42.0,5.314429006188699,7,-42|-19|-17|-14|-6|-4|29,71,1000,,True,True
sample_003_decl_3,3,3,threes,7,3,3,defense,24,4-4,-11.229474067687988,23.657674164528515,0.6060000061988831,,0.6060000339057297,0.3940000047441572,-42,-40,-10,7,26,47,-42.0,5.281708053996333,7,-42|-19|-16|-9|-7|-3|29,71,1000,,False,False
sample_003_decl_3,3,3,threes,7,3,3,defense,25,6-1,-12.47218132019043,23.741046060913288,0.581000030040741,,0.5810000320198014,0.41900003503542393,-42,-41,-13,5,26,46,-42.0,5.254543669794115,5,-42|-19|-6|-5|29,71,1000,,False,False
sample_003_decl_3,3,3,threes,7,3,3,defense,26,6-4,-24.96299171447754,17.02910232301557,0.30799999833106995,,0.3080000216141343,0.6920000347308815,-42,-41,-30,-11,5,30,-42.0,5.032706119982227,7,-42|-39|-33|-29|-28|6|8,50,1000,,False,False
sample_003_decl_3,3,3,threes,7,3,3,defense,27,6-5,-11.570643424987793,23.751458374220807,0.6000000238418579,,0.6000000374624506,0.4000000109663233,-42,-41,-10,6,25,47,-42.0,5.279006519306772,7,-42|-19|-9|-5|14|27|29,71,1000,,False,False
sample_003_decl_3,3,3,threes,8,0,0,offense,0,1-0,3.7146527767181396,22.934068469899344,0.33399999141693115,0.3340000215684995,,0.22000001557171345,-27,-15,1,25,36,40,-31.550000340677798,6.140128427811747,6,-12|-6|-2|35|37|39,51,1000,,False,False
sample_003_decl_3,3,3,threes,8,0,0,offense,1,2-1,3.3445606231689453,23.108849406632896,0.31700003147125244,0.31700001179706305,,0.2200000158045441,-26,-14,-1,27,37,41,-31.330000387039036,6.073763780977132,6,-23|-13|-6|-3|36|38,61,1000,,False,False
sample_003_decl_3,3,3,threes,8,0,0,offense,3,4-2,-2.259401321411133,26.549052202509273,0.2970000207424164,0.2970000086352229,,0.3780000191181898,-33,-27,-8,28,37,55,-34.78000008687377,5.88366212667326,9,-35|-33|-27|-26|-23|-12|-1|36|38,73,1000,,False,False
sample_003_decl_3,3,3,threes,8,0,0,offense,4,5-3,16.95216941833496,20.543480886490336,0.574999988079071,0.5749999823747203,,0.07700000458862633,-14,1,24,36,38,35,-21.490000446559858,5.645656117317926,4,-13|31|33|37,50,1000,,False,True
sample_003_decl_3,3,3,threes,8,0,0,offense,5,5-4,1.8244749307632446,25.202753261750118,0.33799999952316284,0.33799999428447336,,0.2830000212416053,-29,-20,-5,32,37,52,-32.610000256448984,5.848474355196525,10,-34|-26|-21|-13|-11|-10|-6|-2|34|37,71,1000,,False,False
sample_003_decl_3,3,3,threes,9,1,1,defense,7,2-2,-24.636442184448242,17.74923575461904,0.28200000524520874,,0.28200001805089414,0.718000000808388,-39,-37,-35,-14,4,23,-39.35000002942979,5.019562010267264,3,-37|-31|-29,8,1000,,False,False
sample_003_decl_3,3,3,threes,9,1,1,defense,9,4-1,-22.605562210083008,17.516404664572203,0.3710000216960907,,0.37100002786610276,0.6289999855216593,-38,-37,-31,-11,4,26,-39.219999969471246,5.143050715657532,4,-37|-30|-14|-12,25,1000,,False,False
sample_003_decl_3,3,3,threes,9,1,1,defense,11,5-1,-21.974422454833984,17.818396947407773,0.38100001215934753,,0.3810000290395692,0.6189999723574147,-38,-37,-30,-10,6,27,-39.18999996804632,5.243092538355015,4,-37|-31|-14|-11,26,1000,,False,False
sample_003_decl_3,3,3,threes,9,1,1,defense,12,6-0,-20.79648780822754,19.313969528434917,0.38100001215934753,,0.3810000268276781,0.6189999979687855,-38,-37,-30,-8,10,29,-39.139999866718426,5.327884039207864,3,-37|-30|-12,25,1000,,True,True
sample_003_decl_3,3,3,threes,9,1,1,defense,13,6-6,-28.2180233001709,15.120933301267062,0.20500001311302185,,0.2050000133458525,0.7950000311248004,-39,-38,-36,-23,-4,15,-39.66999993287027,4.686933451415155,2,-37|-30,7,1000,,False,False
sample_003_decl_3,3,3,threes,10,2,2,offense,14,1-1,19.161754608154297,21.20727048757579,0.6030000448226929,0.60299999313429,,0.06900000257883221,-12,4,26,38,40,34,-23.650000455556437,5.503075838687167,2,24|40,16,1000,,False,False
sample_003_decl_3,3,3,threes,10,2,2,offense,15,2-0,28.55202293395996,16.642477156314126,0.7869999408721924,0.7869999352842569,,0.02800000144634396,2,23,37,39,40,16,-11.20000063162297,4.538655139229358,1,40,,1000,,False,True
sample_003_decl_3,3,3,threes,10,2,2,offense,17,5-0,28.085668563842773,14.948066326105476,0.7639999389648438,0.7639999464154243,,0.01800000062212348,6,19,36,39,40,20,-6.130000365432351,4.776551463797753,6,13|17|28|30|34|40,27,1000,,False,False
sample_003_decl_3,3,3,threes,10,2,2,offense,18,5-2,25.498748779296875,17.12149524326758,0.7179999351501465,0.7179999789223075,,0.03200000082142651,1,15,33,39,40,24,-12.630000435514374,5.086644397546048,3,27|31|40,13,1000,,False,False
sample_003_decl_3,3,3,threes,10,2,2,offense,19,5-5,13.906182289123535,16.7924458186491,0.40700000524520874,0.40700002131052315,,0.0,-9,-1,13,29,38,30,-11.410000163363293,5.675975941867892,11,-11|-1|1|3|7|13|17|25|28|35|40,51,1000,,False,False
sample_003_decl_3,3,3,threes,11,3,3,defense,21,0-0,-12.62178897857666,25.435152062632117,0.5270000696182251,,0.5270000384189188,0.47299993759952486,-39,-38,-16,11,23,49,-40.08999986201525,5.5563999723944715,4,-39|-3|20|21,60,1000,,True,True
sample_003_decl_3,3,3,threes,11,3,3,defense,24,4-4,-13.460481643676758,25.21495237437873,0.5099999904632568,,0.5100000377278775,0.489999980898574,-40,-38,-17,10,23,48,-40.2000000141561,5.502773326821758,4,-39|-17|-4|21,60,1000,,False,False
sample_003_decl_3,3,3,threes,11,3,3,defense,25,6-1,-15.865139961242676,24.460724158683192,0.4650000333786011,,0.4650000357069075,0.5349999486934394,-40,-38,-22,4,22,42,-40.15000001527369,5.4558958468654755,1,-39,,1000,,False,False
sample_003_decl_3,3,3,threes,11,3,3,defense,26,6-4,-24.53020668029785,17.639717612568855,0.3050000071525574,,0.30500002147164196,0.6950000072829425,-40,-39,-34,-9,3,30,-40.320000015199184,4.964512065917563,4,-39|-35|-25|-1,38,1000,,False,False
sample_003_decl_3,3,3,threes,11,3,3,defense,27,6-5,-14.242782592773438,25.484652818841283,0.5040000081062317,,0.5040000344160944,0.49599993031006306,-40,-39,-17,8,24,47,-40.190000012516975,5.354422354560021,4,-39|-16|-3|20,59,1000,,False,False
sample_003_decl_3,3,3,threes,12,0,0,offense,0,1-0,-21.318523406982422,22.286931280645238,0.09100000560283661,0.09100000688340515,,0.6799999916693196,-39,-37,-35,-9,13,28,-39.39000000571832,5.063171930399881,3,-38|-36|36,74,1000,,False,False
sample_003_decl_3,3,3,threes,12,0,0,offense,1,2-1,-18.76927375793457,23.420028644286898,0.10599999129772186,0.10599999909754843,,0.620999975129962,-39,-37,-32,-3,20,34,-39.37999998778105,5.193259639007474,3,-39|-36|36,75,1000,,False,False
sample_003_decl_3,3,3,threes,12,0,0,offense,3,4-2,-16.74433135986328,25.097913726792115,0.12199999392032623,0.12200000521261245,,0.5709999562241137,-39,-38,-31,1,32,39,-39.529999842401594,5.071023174946921,5,-39|-36|-13|0|36,75,1000,,False,False
sample_003_decl_3,3,3,threes,12,0,0,offense,5,5-4,-15.727148056030273,27.523010614415895,0.1759999841451645,0.1759999948553741,,0.6019999603740871,-39,-38,-34,4,35,42,-39.43999992311001,5.04900090868591,3,-39|-36|36,75,1000,,True,True
sample_003_decl_3,3,3,threes,13,1,1,defense,11,5-1,0.5230931639671326,27.467942296500958,0.6809999942779541,,0.6810000167461112,0.31900002097245306,-37,-26,-1,29,37,55,-38.210000053979456,5.930180869079899,4,-38|-12|35|38,76,1000,,False,False
sample_003_decl_3,3,3,threes,14,2,2,offense,17,5-0,-1.6742112636566162,29.23652638563029,0.3070000112056732,0.30699999851640314,,0.39199999370612204,-38,-29,-3,28,39,57,-38.56000001728535,5.596645764504688,4,-38|-27|13|39,77,1000,,False,False
sample_003_decl_3,3,3,threes,14,2,2,offense,18,5-2,-3.7739689350128174,29.103553832876234,0.2879999876022339,0.28799999761395156,,0.3729999641655013,-38,-36,-8,26,39,62,-38.60999995097518,5.544010664965963,3,-38|-12|39,77,1000,,False,False
sample_003_decl_3,3,3,threes,14,2,2,offense,19,5-5,29.93508529663086,15.413447743379502,0.8049999475479126,0.8049999474314973,,0.0,1,26,38,39,40,13,-5.860000395681709,3.9646651487028057,1,39,,1000,,False,True
sample_003_decl_3,3,3,threes,15,3,3,defense,27,6-5,-17.819469451904297,18.92235642064079,0.5679999589920044,,0.568000006955117,0.43199999537318945,-41,-41,-13,-3,4,38,-41.010000000474975,4.428584008008456,4,-41|-17|-5|2,43,1000,,False,False
sample_003_decl_3,3,3,threes,16,2,2,offense,14,1-1,29.291006088256836,0.2996616705820814,1.0000001192092896,1.0000000763684511,,0.0,29,29,29,30,30,1,28.779999982565645,0.9636694123202109,1,29,,1000,,False,False
sample_003_decl_3,3,3,threes,16,2,2,offense,17,5-0,29.2774600982666,0.3117482441498623,1.0000001192092896,1.000000100582838,,0.0,29,29,29,29,30,0,28.74999997764826,0.9647665779981179,1,29,,1000,,True,False
sample_003_decl_3,3,3,threes,16,2,2,offense,18,5-2,29.286624908447266,0.3090545256369882,1.0000001192092896,1.0000000894069672,,0.0,29,29,29,30,30,1,28.769999980926517,0.9626357880642532,1,29,,1000,,True,False
sample_003_decl_3,3,3,threes,17,3,3,defense,25,6-1,-9.445693969726562,20.44494978423003,0.5269999504089355,,0.5269999881274998,0.47300005599390715,-29,-29,-12,9,18,38,-29.010000000474978,3.5135058475489327,6,-29|-4|8|12|16|27,56,1000,,False,False
sample_003_decl_3,3,3,threes,18,0,0,offense,0,1-0,10.147900581359863,20.832135626379245,0.47999998927116394,0.4800000013783574,,0.1390000032261014,-27,-7,15,29,29,36,-27.0,3.33524562598945,9,-27|-14|-9|-7|-5|-1|4|15|29,56,1000,,True,True
sample_003_decl_3,3,3,threes,18,0,0,offense,1,2-1,10.018882751464844,20.99974713854461,0.48000001907348633,0.48000002140179276,,0.13899999437853694,-27,-9,15,29,29,38,-27.0,3.2286334069211744,7,-27|-8|-1|4|13|15|29,56,1000,,True,False
sample_003_decl_3,3,3,threes,19,1,1,defense,9,4-1,-10.576343536376953,16.94109055865077,0.5959999561309814,,0.5959999430924654,0.4039999572560191,-29,-29,-7,-1,15,28,-29.000000000000004,3.4604652052296387,7,-29|-13|-11|-3|-1|11|15,44,1000,,False,False
sample_003_decl_3,3,3,threes,20,2,2,offense,17,5-0,22.70857810974121,0.2893852674298198,1.0,0.9999999701976776,,0.0,22,22,23,23,23,1,22.0,0.894324465299523,1,23,,1000,,True,False
sample_003_decl_3,3,3,threes,20,2,2,offense,18,5-2,22.717784881591797,0.2858223125475894,0.9999999403953552,0.9999999403953552,,0.0,22,22,23,23,23,1,22.0,0.8825099853293593,1,23,,1000,,True,True
sample_003_decl_3,3,3,threes,21,3,3,defense,24,4-4,-14.909761428833008,12.979933877785344,0.2839999794960022,,0.2839999832212925,0.7160000205039978,-23,-23,-23,5,7,28,-23.0,1.3557015377456392,4,-23|2|5|7,30,1000,,True,False
sample_003_decl_3,3,3,threes,21,3,3,defense,26,6-4,-21.025829315185547,3.385921608852808,0.19200000166893005,,0.19199999421834946,0.8080001175403595,-23,-23,-23,-18,-15,5,-23.0,1.462167295844734,4,-23|-18|-15|-13,10,1000,,False,False
sample_003_decl_3,3,3,threes,22,0,0,offense,1,2-1,15.812847137451172,13.453101748491811,0.7790001034736633,0.7790001034736633,,0.0,-9,23,23,23,23,0,-9.959999784827232,0.9802361391351186,2,-9|23,32,1000,,True,False
sample_003_decl_3,3,3,threes,22,0,0,offense,3,4-2,15.855475425720215,13.39291465528946,0.7789999842643738,0.7789999842643738,,0.0,-9,23,23,23,23,0,-9.0,0.7619892811569806,2,-9|23,32,1000,,True,True
sample_003_decl_3,3,3,threes,23,1,1,defense,7,2-2,-23.029434204101562,0.04108609945548576,0.0,,0.0,1.000000238418579,-23,-23,-23,-23,-23,0,-23.0,-3.4396534272947326e-07,1,-23,,1000,,True,True
sample_003_decl_3,3,3,threes,23,1,1,defense,13,6-6,-23.04033660888672,0.02935388898374084,0.0,,0.0,1.0,-23,-23,-23,-23,-23,0,-23.0,-0.0,1,-23,,1000,,True,False
sample_003_decl_3,3,3,threes,24,2,2,offense,17,5-0,22.4507999420166,0.34272779937968256,0.9999999403953552,0.9999999403953552,,0.0,22,22,22,23,23,1,22.0,0.9107873099491052,1,22,,1000,,False,False
sample_003_decl_3,3,3,threes,25,3,3,defense,26,6-4,-24.515647888183594,0.17288695797347425,0.0,,0.0,1.0000000894069672,-25,-25,-24,-24,-24,1,-25.0,0.9992611756429288,1,-24,,1000,,False,False
sample_003_decl_3,3,3,threes,26,0,0,offense,1,2-1,26.128719329833984,1.9073486328125e-06,1.0000001192092896,1.0000001192092896,,0.0,26,26,26,26,26,0,26.0,-1.7198266111377304e-07,1,26,,1000,,False,False
sample_003_decl_3,3,3,threes,27,1,1,defense,13,6-6,-25.701297760009766,1.9073486328125e-06,0.0,,0.0,1.000000238418579,-26,-26,-26,-26,-26,0,-26.0,-3.4396534272947326e-07,1,-26,,1000,,False,False
sample_004_decl_4,4,4,fours,0,0,0,offense,0,1-0,10.779341697692871,20.54688539686049,0.4020000100135803,0.4020000211894512,,0.09300000534858555,-17,-7,11,30,39,37,-21.700000250013545,6.009105198201356,4,-19|-10|6|40,59,1000,,False,False
sample_004_decl_4,4,4,fours,0,0,0,offense,1,2-0,7.960885524749756,20.984097954006966,0.3530000150203705,0.3530000112950802,,0.13000000989995897,-19,-10,6,27,39,37,-24.040000252192844,6.02084764100315,5,-19|-17|-2|1|40,59,1000,,False,False
sample_004_decl_4,4,4,fours,0,0,0,offense,2,5-2,6.3399248123168945,21.508821318967016,0.3320000171661377,0.33200001902878284,,0.1590000120922923,-20,-12,5,25,39,37,-26.110000346088782,6.077160150373733,6,-18|-13|-9|-6|13|40,58,1000,,False,False
sample_004_decl_4,4,4,fours,0,0,0,offense,3,5-4,14.422208786010742,21.80668252137153,0.5090000033378601,0.5090000028721988,,0.09700000623706728,-17,-5,18,36,41,41,-22.390000334009528,5.730298575989478,6,-19|-3|21|27|36|41,60,1000,,True,True
sample_004_decl_4,4,4,fours,0,0,0,offense,4,5-5,10.502096176147461,22.59404242657405,0.45100000500679016,0.45100000547245145,,0.12100000819191337,-19,-11,12,32,40,43,-23.220000213244933,5.8879141042747065,6,-19|-15|-13|-11|28|40,59,1000,,False,False
sample_004_decl_4,4,4,fours,0,0,0,offense,5,6-4,3.960581064224243,27.48807447387412,0.37299996614456177,0.3729999950155616,,0.3140000234125182,-31,-22,0,35,41,57,-34.50000023609027,5.842609764099618,4,-32|-29|-26|41,73,1000,,False,False
sample_004_decl_4,4,4,fours,0,0,0,offense,6,6-5,12.588189125061035,20.50168732932998,0.4520000219345093,0.4520000210031867,,0.08200000610668212,-16,-5,14,31,40,36,-21.180000321706757,5.95101242937829,4,20|23|34|41,21,1000,,False,False
sample_004_decl_4,4,4,fours,1,1,1,defense,9,4-2,-1.983871340751648,28.773546743276192,0.5960000157356262,,0.5960000357590616,0.4040000340901315,-38,-29,-9,27,41,56,-39.43000012263656,6.004578421827757,6,-40|-38|-32|-30|-18|41,81,1000,,False,False
sample_004_decl_4,4,4,fours,1,1,1,defense,10,4-4,8.891982078552246,24.572565476992704,0.8010000586509705,,0.8010000304784626,0.1990000158548355,-27,-12,11,34,41,46,-32.2000003750436,5.957645883616722,2,17|41,24,1000,,True,True
sample_004_decl_4,4,4,fours,2,2,2,offense,17,4-0,-25.39215660095215,19.963689267271125,0.04399999976158142,0.044000001857057214,,0.6940000504255295,-42,-42,-36,-12,2,30,-42.0,4.64724709532668,2,-42|-19,23,1000,,False,False
sample_004_decl_4,4,4,fours,3,3,3,defense,24,4-1,10.119833946228027,22.240725523826146,0.8580000996589661,,0.858000086969696,0.14200001046992838,-21,-7,9,33,41,40,-26.56000039097853,5.754067446213503,6,-7|-2|6|10|19|41,48,1000,,True,True
sample_004_decl_4,4,4,fours,3,3,3,defense,25,4-3,6.336594581604004,24.659668350650268,0.8110000491142273,,0.8110000345623121,0.18900001398287714,-30,-11,6,29,41,40,-35.950000481680036,5.891535446506574,3,-5|8|41,46,1000,,False,False
sample_004_decl_4,4,4,fours,4,1,1,defense,7,2-2,1.0516622066497803,25.622051087942296,0.6949999928474426,,0.695000029169023,0.3050000215880573,-32,-21,-1,25,40,46,-37.54000033065677,6.147259877248047,7,-40|-25|-22|-20|-18|12|41,81,1000,,False,True
sample_004_decl_4,4,4,fours,4,1,1,defense,8,3-0,-9.912176132202148,26.409551614972685,0.5490000247955322,,0.5490000328281894,0.45100000593811274,-40,-36,-12,9,34,45,-40.390000035986304,5.97665655574626,5,-40|-38|-31|-12|41,81,1000,,False,False
sample_004_decl_4,4,4,fours,4,1,1,defense,9,4-2,-9.426132202148438,29.900058340570695,0.4920000433921814,,0.49200002127327025,0.5079999915324152,-40,-38,-19,14,39,52,-40.59999987017363,5.611668053341696,4,-40|-36|-32|40,80,1000,,False,False
sample_004_decl_4,4,4,fours,4,1,1,defense,11,5-0,-11.994890213012695,26.1763277462165,0.5250000357627869,,0.5250000272644684,0.47499997494742274,-40,-37,-12,6,35,43,-40.410000008996576,5.599756216403009,6,-40|-33|-11|-1|13|40,80,1000,,False,False
sample_004_decl_4,4,4,fours,4,1,1,defense,12,6-0,-13.126079559326172,25.662164598773256,0.4960000216960907,,0.496000032289885,0.5039999908767641,-40,-37,-18,4,32,41,-40.5299999890849,5.823061170415992,4,-39|-37|-1|41,80,1000,,False,False
sample_004_decl_4,4,4,fours,4,1,1,defense,13,6-6,-1.0796911716461182,27.072259354595804,0.6520000100135803,,0.6520000231685117,0.34800002723932266,-37,-24,-4,22,40,46,-39.48000022955239,6.084866803425297,2,-40|41,81,1000,,False,False
sample_004_decl_4,4,4,fours,5,2,2,offense,14,2-1,-21.83115005493164,22.488012214497193,0.08500000089406967,0.08500000496860594,,0.6019999616546556,-41,-41,-33,-9,14,32,-41.42999997735023,5.143050253480678,6,-41|-37|-15|-13|-12|0,41,1000,,False,False
sample_004_decl_4,4,4,fours,6,3,3,defense,23,3-2,0.18800018727779388,25.75554234384866,0.7129999399185181,,0.7130000345641747,0.2870000227121636,-36,-21,-3,21,40,42,-39.070000272709876,6.085747788632197,8,-41|-22|-13|-11|-8|-6|14|41,82,1000,,True,True
sample_004_decl_4,4,4,fours,6,3,3,defense,27,6-2,-1.4827179908752441,26.095613004227477,0.6509999632835388,,0.6510000354610384,0.3490000246092677,-35,-24,-4,17,40,41,-38.80000026896596,6.098165104901698,4,-41|-34|1|41,82,1000,,False,False
sample_004_decl_4,4,4,fours,7,0,0,offense,1,2-0,9.754961013793945,15.17670675668854,0.382999986410141,0.38299999851733446,,0.03700000327080488,-13,-4,12,24,28,28,-16.560000294819474,5.438083931421471,9,-18|-10|-8|9|14|18|22|24|28,46,1000,,True,True
sample_004_decl_4,4,4,fours,7,0,0,offense,2,5-2,7.781480312347412,15.842075598005763,0.3499999940395355,0.3499999837949872,,0.05100000463426113,-15,-8,9,23,28,31,-17.480000220239162,5.475479381872054,10,-19|-17|-13|-9|7|9|14|16|19|28,47,1000,,False,False
sample_004_decl_4,4,4,fours,8,1,1,defense,8,3-0,-10.397512435913086,24.41835212315025,0.5170000195503235,,0.5170000295620412,0.4830000102519989,-36,-34,-16,8,31,42,-36.52999995648861,5.608156223560337,4,-36|-32|34|36,72,1000,,False,False
sample_004_decl_4,4,4,fours,8,1,1,defense,9,4-2,-9.355371475219727,25.52006549121262,0.531000018119812,,0.5310000260360539,0.4689999751280993,-36,-35,-9,8,34,43,-36.41999991983175,5.163586955208809,6,-36|-1|2|4|8|36,72,1000,,False,False
sample_004_decl_4,4,4,fours,8,1,1,defense,11,5-0,-10.756317138671875,23.6526014772292,0.5519999861717224,,0.552000016788952,0.4479999829782173,-36,-35,-8,7,30,42,-36.439999885857105,5.133176045421728,7,-36|-33|-4|0|9|11|36,72,1000,,False,False
sample_004_decl_4,4,4,fours,8,1,1,defense,12,6-0,-12.151542663574219,24.05023276995594,0.4779999852180481,,0.4780000327154994,0.5219999700784683,-36,-35,-20,4,30,39,-36.559999868273735,5.523884235769976,3,-36|-25|36,72,1000,,False,False
sample_004_decl_4,4,4,fours,8,1,1,defense,13,6-6,-4.1179304122924805,26.01354744895256,0.6010000109672546,,0.6010000229580328,0.39899997832253575,-35,-31,-5,18,35,49,-36.03999983519316,5.673000411857367,5,-36|-34|-31|11|36,72,1000,,True,True
sample_004_decl_4,4,4,fours,9,2,2,offense,19,6-1,-16.59392547607422,22.694532581263516,0.11700001358985901,0.11700000893324614,,0.5639999837148935,-37,-36,-25,-4,22,32,-37.0,5.010098538260637,6,-36|-34|-25|-12|-10|36,72,1000,,True,True
sample_004_decl_4,4,4,fours,9,2,2,offense,20,6-3,-16.632007598876953,22.657428579258916,0.11600000411272049,0.11600000713951886,,0.561999988858588,-37,-36,-25,-4,22,32,-37.0,5.000812379870303,4,-36|-25|-11|36,72,1000,,True,False
sample_004_decl_4,4,4,fours,10,3,3,defense,27,6-2,1.9906646013259888,25.23062326986667,0.7430000305175781,,0.7430000316817313,0.25700001791119576,-32,-18,0,35,36,53,-34.87000019103289,5.38449070899555,7,-37|-11|-7|1|3|11|36,73,1000,,False,False
sample_004_decl_4,4,4,fours,11,0,0,offense,6,6-5,16.797964096069336,16.06175426132438,0.562000036239624,0.561999992467463,,0.0,-8,1,21,32,34,31,-10.920000199228525,5.219965764914002,6,-12|-2|17|21|28|34,46,1000,,False,False
sample_004_decl_4,4,4,fours,12,1,1,defense,8,3-0,-13.90792465209961,23.561987104828933,0.4359999895095825,,0.4360000303713605,0.5639999341219664,-36,-35,-24,3,28,38,-36.0,5.274156094565999,5,-35|-31|-23|33|35,70,1000,,False,False
sample_004_decl_4,4,4,fours,12,1,1,defense,9,4-2,-13.097546577453613,24.164791201023494,0.4609999656677246,,0.4610000094398856,0.5389999634353444,-36,-35,-24,4,31,39,-36.0,4.6411973632098915,4,-35|3|7|35,70,1000,,False,False
sample_004_decl_4,4,4,fours,12,1,1,defense,11,5-0,-12.082717895507812,23.66399415019842,0.5209999680519104,,0.5210000233491883,0.478999977465719,-35,-35,-13,4,29,39,-35.989999920129776,4.890764382961124,6,-35|-9|-7|2|8|35,70,1000,,False,True
sample_004_decl_4,4,4,fours,12,1,1,defense,12,6-0,-13.334413528442383,23.902804337060143,0.4310000240802765,,0.4310000315308571,0.5689999698661268,-36,-35,-23,7,27,42,-36.0,5.317782505399492,4,-35|-32|-29|35,70,1000,,False,False
sample_004_decl_4,4,4,fours,13,2,2,offense,18,5-3,-3.975593090057373,24.87411543457061,0.2329999804496765,0.23299999488517642,,0.3379999832250178,-36,-32,-4,13,35,45,-36.0,5.228864463377203,8,-36|-33|-22|-12|-1|1|10|36,72,1000,,False,False
sample_004_decl_4,4,4,fours,14,3,3,defense,26,5-1,-18.47548484802246,22.266290423170727,0.37199994921684265,,0.37199997052084655,0.6280000357655808,-36,-36,-33,1,22,37,-36.010000000474975,3.5997322546043065,4,-36|-32|2|22,58,1000,,False,False
sample_004_decl_4,4,4,fours,15,0,0,offense,2,5-2,27.250614166259766,11.708496165020044,0.6920000314712524,0.6920000358950347,,0.0,9,11,35,36,36,25,8.559999969787896,2.7198589735385217,2,10|36,26,1000,,False,False
sample_004_decl_4,4,4,fours,15,0,0,offense,4,5-5,34.696163177490234,1.286409734922554,1.0,1.0000000251457095,,0.0,32,34,35,36,36,2,31.89999999292195,2.0571444379339123,2,32|36,4,1000,,True,True
sample_004_decl_4,4,4,fours,16,0,0,offense,0,1-0,15.962157249450684,1.998190478462242,0.2849999666213989,0.2849999740719795,,0.0,14,14,16,18,19,4,12.950000032782555,2.7612748661162514,3,14|17|19,5,1000,,False,False
sample_004_decl_4,4,4,fours,16,0,0,offense,2,5-2,15.613625526428223,2.2958590797416076,0.2829999625682831,0.2829999700188637,,0.0,13,13,16,18,19,5,12.420000053942204,2.839434220248974,3,13|16|19,6,1000,,True,False
sample_004_decl_4,4,4,fours,16,0,0,offense,5,6-4,16.52524185180664,2.4298668700119035,0.33100003004074097,0.3310000183992088,,0.0,12,16,17,19,19,3,10.31999999471009,2.338368977907301,3,11|17|19,8,1000,,True,True
sample_004_decl_4,4,4,fours,17,1,1,defense,9,4-2,-17.678802490234375,2.0312645544851162,0.2069999873638153,,0.20699999562930316,0.7929999530315399,-19,-19,-18,-18,-16,1,-19.0,1.9947611754532206,2,-19|-16,3,1000,,False,False
sample_004_decl_4,4,4,fours,18,2,2,offense,15,3-1,16.062950134277344,4.6800098849461165,0.5990000367164612,0.5990000367164612,,0.0,6,17,19,19,19,2,5.270000159740449,1.7903875024539464,3,6|17|19,13,1000,,True,False
sample_004_decl_4,4,4,fours,18,2,2,offense,16,3-3,16.082157135009766,4.600321733584536,0.5990000367164612,0.5990000496385619,,0.0,6,17,19,19,19,2,5.49000008404255,1.8560160132940995,3,6|17|19,13,1000,,False,True
sample_004_decl_4,4,4,fours,18,2,2,offense,20,6-3,15.960306167602539,4.679321070926257,0.5750001072883606,0.5750001072883606,,0.0,6,17,19,19,19,2,5.6399999782443055,1.693982383929524,3,6|17|19,13,1000,,True,False
sample_004_decl_4,4,4,fours,19,3,3,defense,25,4-3,-14.693115234375,5.39846117204922,0.5039999485015869,,0.5039999522268772,0.49600008875131607,-19,-19,-17,-10,-5,9,-19.0,2.5987326777256192,4,-19|-17|-7|-5,14,1000,,False,False
sample_004_decl_4,4,4,fours,20,0,0,offense,0,1-0,-1.2282873392105103,4.32685254944274,0.0,0.0,,0.0,-5,-5,-3,0,7,5,-5.88999979197979,3.272798246570817,3,-5|-1|7,12,1000,,False,False
sample_004_decl_4,4,4,fours,20,0,0,offense,2,5-2,1.839935302734375,2.9488431375565827,0.0,0.0,,0.0,0,0,0,5,7,5,-0.5399998649954796,1.7203859017441423,2,0|7,7,1000,,True,True
sample_004_decl_4,4,4,fours,21,1,1,defense,8,3-0,-5.7800822257995605,3.1996563250050047,1.0,,0.9999999708961695,0.0,-7,-7,-7,-7,1,0,-7.329999998211861,1.3693167567191173,4,-7|-2|1|4,11,1000,,True,False
sample_004_decl_4,4,4,fours,21,1,1,defense,12,6-0,-5.704679012298584,3.365141138344935,1.0000001192092896,,1.0000000887084752,0.0,-7,-7,-7,-7,2,0,-7.329999998211861,1.3387021036759001,4,-7|-1|2|4,11,1000,,True,True
sample_004_decl_4,4,4,fours,22,2,2,offense,15,3-1,3.899779796600342,5.197209108110596,0.0,0.0,,0.0,-5,-5,7,7,7,12,-5.0,1.2082046403926696,2,-5|7,12,1000,,True,False
sample_004_decl_4,4,4,fours,22,2,2,offense,20,6-3,4.100958824157715,4.88295507604342,0.0,0.0,,0.0,-4,-4,7,7,7,11,-4.9699998795986176,1.4504882390878155,2,-4|7,11,1000,,True,True
sample_004_decl_4,4,4,fours,23,3,3,defense,21,0-0,-2.2413501739501953,5.063568567600714,1.0,,1.000000074505806,0.0,-7,-7,0,4,4,11,-7.0,1.4798196356213318,3,-7|0|4,11,1000,,True,False
sample_004_decl_4,4,4,fours,23,3,3,defense,22,1-1,-2.973361015319824,4.827083734614663,1.0,,1.0000000149011612,0.0,-7,-7,-3,4,4,11,-7.0,1.479819642481302,3,-7|-3|4,11,1000,,True,False
sample_004_decl_4,4,4,fours,24,0,0,offense,0,1-0,-2.2852041721343994,5.60054975263485,0.0,0.0,,0.0,-6,-6,-6,5,5,11,-6.000000000000001,0.9349580821985033,2,-6|5,11,1000,,False,False
sample_004_decl_4,4,4,fours,25,1,1,defense,8,3-0,-0.7942593097686768,5.848145489303639,1.0000001192092896,,1.0000000894069672,0.0,-6,-6,-6,5,5,11,-6.000000000000001,0.9986029845839675,2,-6|5,11,1000,,False,False
sample_004_decl_4,4,4,fours,26,2,2,offense,15,3-1,-6.364582538604736,4.76837158203125e-07,0.0,0.0,,0.0,-6,-6,-6,-6,-6,0,-6.000000000000001,-1.7198266111377304e-07,1,-6,,1000,,False,False
sample_004_decl_4,4,4,fours,27,3,3,defense,22,1-1,5.695612907409668,4.76837158203125e-07,1.0000001192092896,,1.0000001192092896,0.0,6,6,6,6,6,0,6.000000000000001,-1.7198266111377304e-07,1,6,,1000,,False,False
