game_id,game_idx,trump_id,trump_name,move_idx,trick_idx,trick_position,active_player,seat_role,team,offense_score_before,defense_score_before,current_trick_count_before,current_winner_before,actual_action_domino,legal_action_count,top_mean_domino,top_mean,top_threshold_domino,top_threshold_mass,safest_tail_domino,safest_lower_tail_mass,actual_mean_rank_desc,actual_threshold_rank_desc,actual_lower_tail_rank_asc,actual_mean_gap_to_best,actual_threshold_gap_to_best,actual_lower_tail_gap_to_safest,decision_scalar_ev_lying_by_omission,decision_high_variance_close_mean_count,decision_multi_peak_action_count,decision_max_shelf_gap,decision_max_std,decision_min_cvar_low_10,strategy_context_tags,matched_position_detectors,direct_label_readiness,missing_direct_label_fields,hidden_threat_available
sample_000_decl_0,0,0,blanks,0,0,0,0,bidder,offense,0,0,0,,6-0,7,6-0,20.396377563476562,6-0,0.5889999866485596,6-0,0.020000000949949026,1,1,1,0.0,0.0,0.0,True,0,6,50,23.147887744484375,-25.630000361474227,bidder_opening_lead|called_suit_pressure|first_trick,bidder_first_lead_plan,public_context_ready,bid_amount|bid_margin|hidden_world_ownership,False
sample_000_decl_0,0,0,blanks,1,0,1,1,left_setter,defense,0,0,0,0,0-0,3,0-0,2.993762731552124,0-0,0.7580000758171082,0-0,0.24200001824647188,1,1,1,0.0,0.0,0.0,True,1,3,70,24.163729083538747,-38.42000020458363,called_suit_pressure|first_setter_response|first_trick,first_setter_pounce_window,needs_bid_and_set_margin,bid_amount|bid_margin|hidden_world_ownership,False
sample_000_decl_0,0,0,blanks,2,0,2,2,bidder_partner,offense,0,0,0,1,4-2,7,4-2,-21.23342514038086,5-4,0.052000001072883606,6-3,0.6260000197216868,1,2,3,0.0,3.725290298461914e-09,0.0030000051483511925,True,3,7,32,20.636813023279842,-42.0,first_trick|partner_count_donation|partner_third_seat_support,partner_forcedness_and_safety|partner_third_seat_safe_donation,needs_overtrump_belief|public_context_ready,bid_amount|bid_margin|hidden_world_ownership,False
sample_000_decl_0,0,0,blanks,3,0,3,3,right_setter,defense,0,0,0,1,4-0,1,4-0,17.248010635375977,4-0,0.9250000715255737,4-0,0.07500000449363142,1,1,1,0.0,0.0,0.0,False,0,1,36,22.106738469122657,-25.79000059282407,called_suit_pressure|defender_last_to_act_closure|first_trick|last_to_act,last_to_act_closure_policy,public_context_ready,bid_amount|bid_margin|hidden_world_ownership,False
sample_000_decl_0,0,0,blanks,4,1,0,1,left_setter,defense,0,1,0,,6-4,6,6-4,-0.3841632604598999,6-4,0.6450000405311584,6-4,0.3550000265240669,1,1,1,0.0,0.0,0.0,True,1,6,83,31.046047343648475,-42.0,called_suit_pressure|setter_count_pressure|setter_lead_pressure,defender_damage_lead_class|first_trick_public_belief_update|setter_count_before_certainty,needs_bid_and_set_margin|public_context_ready,bid_amount|bid_margin|hidden_world_ownership,False
sample_000_decl_0,0,0,blanks,5,1,1,2,bidder_partner,offense,0,1,10,1,6-5,2,6-5,-4.048861503601074,6-5,0.25700002908706665,6-5,0.353000013390556,1,1,1,0.0,0.0,0.0,True,1,2,83,27.805642369105477,-42.0,,first_trick_public_belief_update,public_context_ready,bid_amount|bid_margin|hidden_world_ownership,False
sample_000_decl_0,0,0,blanks,6,1,2,3,right_setter,defense,0,1,10,2,6-6,1,6-6,6.7964253425598145,6-6,0.7680000066757202,6-6,0.23199999204371125,1,1,1,0.0,0.0,0.0,False,0,1,83,26.257139561073433,-40.769998461939394,,first_trick_public_belief_update,public_context_ready,bid_amount|bid_margin|hidden_world_ownership,False
sample_000_decl_0,0,0,blanks,7,1,3,0,bidder,offense,0,1,10,3,6-1,1,6-1,-4.147912979125977,6-1,0.05000000447034836,6-1,0.16800000937655568,1,1,1,0.0,0.0,0.0,False,0,1,37,12.927243207403478,-22.95000020414591,last_to_act,first_trick_public_belief_update|last_to_act_closure_policy,public_context_ready,bid_amount|bid_margin|hidden_world_ownership,False
sample_000_decl_0,0,0,blanks,8,2,0,3,right_setter,defense,0,12,0,,1-1,5,1-1,4.843911170959473,1-1,0.818000078201294,1-1,0.18200000515207648,1,1,1,0.0,0.0,0.0,True,1,5,65,21.783327723266222,-33.56000004056841,setter_count_pressure|setter_lead_pressure,defender_damage_lead_class|first_trick_public_belief_update|setter_count_before_certainty,needs_bid_and_set_margin|public_context_ready,bid_amount|bid_margin|hidden_world_ownership,False
sample_000_decl_0,0,0,blanks,9,2,1,0,bidder,offense,0,12,0,3,2-1,1,2-1,8.498466491699219,2-1,0.24500001966953278,2-1,0.007000000565312803,1,1,1,0.0,0.0,0.0,False,0,1,27,12.388995030912579,-12.620000232476741,,first_trick_public_belief_update,public_context_ready,bid_amount|bid_margin|hidden_world_ownership,False
sample_000_decl_0,0,0,blanks,10,2,2,1,left_setter,defense,0,12,0,3,3-1,1,3-1,13.921599388122559,3-1,0.9980000257492065,3-1,0.0020000000949949026,1,1,1,0.0,0.0,0.0,False,0,1,41,16.727735611010683,-13.370000367052853,,first_trick_public_belief_update,public_context_ready,bid_amount|bid_margin|hidden_world_ownership,False
sample_000_decl_0,0,0,blanks,11,2,3,2,bidder_partner,offense,0,12,0,3,4-1,1,4-1,-20.115591049194336,4-1,0.046000003814697266,4-1,0.6859999760054052,1,1,1,0.0,0.0,0.0,False,0,1,27,15.124185335272246,-32.84999985061586,last_to_act|partner_count_donation,first_trick_public_belief_update|last_to_act_closure_policy|partner_forcedness_and_safety,needs_overtrump_belief|public_context_ready,bid_amount|bid_margin|hidden_world_ownership,False
sample_000_decl_0,0,0,blanks,12,3,0,3,right_setter,defense,0,18,0,,4-4,4,4-4,2.6599314212799072,4-4,0.7790000438690186,4-4,0.2209999980404973,1,1,1,0.0,0.0,0.0,True,1,4,60,21.41088781305809,-30.090000005438924,setter_count_pressure|setter_lead_pressure,defender_damage_lead_class|first_trick_public_belief_update|setter_count_before_certainty,needs_bid_and_set_margin|public_context_ready,bid_amount|bid_margin|hidden_world_ownership,False
sample_000_decl_0,0,0,blanks,13,3,1,0,bidder,offense,0,18,0,3,2-0,4,2-0,16.77295684814453,2-0,0.5470000505447388,2-0,0.0,1,1,1,0.0,0.0,0.0,False,1,4,43,15.84957604066889,-16.160000007599592,called_suit_pressure,first_trick_public_belief_update,public_context_ready,bid_amount|bid_margin|hidden_world_ownership,False
sample_000_decl_0,0,0,blanks,14,3,2,1,left_setter,defense,0,18,0,0,5-2,4,5-2,6.672112941741943,5-2,0.9149999618530273,5-2,0.08500000555068254,1,1,1,0.0,0.0,0.0,True,0,4,58,23.688668496492554,-30.02000000094995,called_suit_pressure,first_trick_public_belief_update,public_context_ready,bid_amount|bid_margin|hidden_world_ownership,False
sample_000_decl_0,0,0,blanks,15,3,3,2,bidder_partner,offense,0,18,0,0,5-4,1,5-4,-1.997459888458252,5-4,0.20900002121925354,5-4,0.2869999719550833,1,1,1,0.0,0.0,0.0,False,0,1,58,21.145661672512386,-28.0,last_to_act,first_trick_public_belief_update|last_to_act_closure_policy,public_context_ready,bid_amount|bid_margin|hidden_world_ownership,False
sample_000_decl_0,0,0,blanks,16,4,0,0,bidder,offense,1,18,0,,5-0,3,5-0,16.214431762695312,5-0,0.6570000648498535,5-0,0.0,1,1,1,0.0,0.0,0.0,True,1,3,46,18.84574350721785,-16.769999846816063,called_suit_pressure|late_hand,first_trick_public_belief_update|late_trick_threshold_closure,distribution_labels_ready|public_context_ready,bid_amount|bid_margin|hidden_world_ownership,False
sample_000_decl_0,0,0,blanks,17,4,1,1,left_setter,defense,1,18,5,0,1-0,2,1-0,-3.703152894973755,1-0,0.8500000238418579,1-0,0.1500000129453838,1,1,1,0.0,0.0,0.0,False,2,2,38,11.73100466016931,-23.910000273026526,called_suit_pressure|late_hand,first_trick_public_belief_update|late_trick_threshold_closure,distribution_labels_ready|public_context_ready,bid_amount|bid_margin|hidden_world_ownership,False
sample_000_decl_0,0,0,blanks,18,4,2,2,bidder_partner,offense,1,18,5,0,2-2,3,2-2,13.494962692260742,2-2,0.5020000338554382,2-2,0.0,1,1,1,0.0,0.0,0.0,True,1,3,46,18.830800834234154,-17.21000001579523,late_hand,first_trick_public_belief_update|late_trick_threshold_closure,distribution_labels_ready|public_context_ready,bid_amount|bid_margin|hidden_world_ownership,False
sample_000_decl_0,0,0,blanks,19,4,3,3,right_setter,defense,1,18,5,0,5-1,3,5-1,-8.698376655578613,5-1,0.6110000610351562,5-1,0.38899995386600494,1,1,1,0.0,0.0,0.0,True,1,3,46,19.908232921008068,-30.0,last_to_act|late_hand|setter_count_pressure,first_trick_public_belief_update|last_to_act_closure_policy|late_trick_threshold_closure|setter_count_before_certainty,distribution_labels_ready|needs_bid_and_set_margin|public_context_ready,bid_amount|bid_margin|hidden_world_ownership,False
sample_000_decl_0,0,0,blanks,20,5,0,0,bidder,offense,7,18,0,,5-3,2,5-3,-9.611444473266602,5-3,0.22999998927116394,5-5,0.5950000435113907,1,1,2,0.0,0.0,0.0559999980032444,True,2,2,44,18.320557367766543,-23.0,late_hand,first_trick_public_belief_update|late_trick_threshold_closure,distribution_labels_ready|public_context_ready,bid_amount|bid_margin|hidden_world_ownership,False
sample_000_decl_0,0,0,blanks,21,5,1,1,left_setter,defense,7,18,0,0,3-0,2,3-0,13.339170455932617,3-0,1.0,3-0,0.0,1,1,1,0.0,0.0,0.0,False,1,2,32,12.492318806963128,-8.350000001490116,called_suit_pressure|late_hand,first_trick_public_belief_update|late_trick_threshold_closure,distribution_labels_ready|public_context_ready,bid_amount|bid_margin|hidden_world_ownership,False
sample_000_decl_0,0,0,blanks,22,5,2,2,bidder_partner,offense,7,18,0,1,3-3,2,3-3,4.593667984008789,3-3,0.2630000114440918,3-3,0.0,1,1,1,0.0,0.0,0.0,False,1,2,42,17.90809821531737,-23.0,late_hand,first_trick_public_belief_update|late_trick_threshold_closure,distribution_labels_ready|public_context_ready,bid_amount|bid_margin|hidden_world_ownership,False
sample_000_decl_0,0,0,blanks,23,5,3,3,right_setter,defense,7,18,0,1,3-2,2,3-2,6.25435733795166,3-2,1.0000001192092896,3-2,0.0,1,1,1,0.0,0.0,0.0,True,1,2,44,22.16197227542528,-21.0,last_to_act|late_hand|setter_count_pressure,first_trick_public_belief_update|last_to_act_closure_policy|late_trick_threshold_closure|setter_count_before_certainty,distribution_labels_ready|needs_bid_and_set_margin|public_context_ready,bid_amount|bid_margin|hidden_world_ownership,False
sample_000_decl_0,0,0,blanks,24,6,0,1,left_setter,defense,7,24,0,,6-2,1,6-2,1.0261249542236328,6-2,1.0000001192092896,6-2,0.0,1,1,1,0.0,0.0,0.0,False,0,1,33,16.5629191795422,-17.0,late_hand|setter_lead_pressure,defender_damage_lead_class|first_trick_public_belief_update|late_trick_threshold_closure,distribution_labels_ready|needs_bid_and_set_margin|public_context_ready,bid_amount|bid_margin|hidden_world_ownership,False
sample_000_decl_0,0,0,blanks,25,6,1,2,bidder_partner,offense,7,24,0,1,6-3,1,6-3,16.462644577026367,6-3,0.0,6-3,0.0,1,1,1,0.0,0.0,0.0,False,0,0,,1.9073486328125e-06,16.0,late_hand,first_trick_public_belief_update|late_trick_threshold_closure,distribution_labels_ready|public_context_ready,bid_amount|bid_margin|hidden_world_ownership,False
sample_000_decl_0,0,0,blanks,26,6,2,3,right_setter,defense,7,24,0,2,4-3,1,4-3,-16.453935623168945,4-3,1.0,4-3,0.0,1,1,1,0.0,0.0,0.0,False,0,0,,1.9073486328125e-06,-16.0,late_hand,first_trick_public_belief_update|late_trick_threshold_closure,distribution_labels_ready|public_context_ready,bid_amount|bid_margin|hidden_world_ownership,False
sample_000_decl_0,0,0,blanks,27,6,3,0,bidder,offense,7,24,0,2,5-5,1,5-5,16.292434692382812,5-5,0.0,5-5,0.0,1,1,1,0.0,0.0,0.0,False,0,0,,1.9073486328125e-06,16.0,last_to_act|late_hand,first_trick_public_belief_update|last_to_act_closure_policy|late_trick_threshold_closure,distribution_labels_ready|public_context_ready,bid_amount|bid_margin|hidden_world_ownership,False
sample_001_decl_1,1,1,ones,0,0,0,0,bidder,offense,0,0,0,,6-1,7,3-3,-4.70527458190918,6-1,0.20200000703334808,3-3,0.32900002505630255,2,1,2,5.584524154663086,0.0,0.14199996553361416,True,0,7,83,27.16188066446189,-41.969999730587006,bidder_opening_lead|called_suit_pressure|first_trick,bidder_first_lead_plan,public_context_ready,bid_amount|bid_margin|hidden_world_ownership,False
sample_001_decl_1,1,1,ones,1,0,1,1,left_setter,defense,0,0,0,0,3-1,1,3-1,-8.279997825622559,3-1,0.5800000429153442,3-1,0.42000000504776835,1,1,1,0.0,0.0,0.0,False,0,1,83,27.138510999995468,-42.0,called_suit_pressure|first_setter_response|first_trick,first_setter_pounce_window,needs_bid_and_set_margin,bid_amount|bid_margin|hidden_world_ownership,False
sample_001_decl_1,1,1,ones,2,0,2,2,bidder_partner,offense,0,0,0,0,1-0,3,1-0,33.033634185791016,1-0,0.8560000061988831,1-0,0.0020000000949949026,1,1,1,0.0,0.0,0.0,False,1,2,34,20.781752960313902,-19.48000041069463,called_suit_pressure|first_trick|partner_third_seat_support,partner_third_seat_safe_donation,public_context_ready,bid_amount|bid_margin|hidden_world_ownership,False
sample_001_decl_1,1,1,ones,3,0,3,3,right_setter,defense,0,0,0,0,5-1,2,5-1,-22.276493072509766,5-1,0.3529999852180481,5-1,0.646999972872436,1,1,1,0.0,0.0,0.0,True,1,2,33,19.45569134678205,-42.0,called_suit_pressure|defender_last_to_act_closure|first_trick|last_to_act|setter_count_pressure,last_to_act_closure_policy|setter_count_before_certainty,needs_bid_and_set_margin|public_context_ready,bid_amount|bid_margin|hidden_world_ownership,False
sample_001_decl_1,1,1,ones,4,1,0,0,bidder,offense,1,0,0,,3-3,6,3-3,-3.439521551132202,3-3,0.23999999463558197,3-3,0.3339999821037054,1,1,1,0.0,0.0,0.0,True,0,6,83,27.375454833550254,-42.0,,first_trick_public_belief_update,public_context_ready,bid_amount|bid_margin|hidden_world_ownership,False
sample_001_decl_1,1,1,ones,5,1,1,1,left_setter,defense,1,0,0,0,3-0,2,3-0,-6.241373062133789,3-0,0.6320000290870667,3-0,0.3679999967571348,1,1,1,0.0,0.0,0.0,True,1,2,83,26.379338635302013,-41.96999987959862,,first_trick_public_belief_update,public_context_ready,bid_amount|bid_margin|hidden_world_ownership,False
sample_001_decl_1,1,1,ones,6,1,2,2,bidder_partner,offense,1,0,0,0,3-2,1,3-2,32.09785842895508,3-2,0.8630000352859497,3-2,0.010000000474974513,1,1,1,0.0,0.0,0.0,False,0,1,22,15.155295052873383,-6.2700008624233305,partner_count_donation,first_trick_public_belief_update|partner_forcedness_and_safety,needs_overtrump_belief|public_context_ready,bid_amount|bid_margin|hidden_world_ownership,False
sample_001_decl_1,1,1,ones,7,1,3,3,right_setter,defense,1,0,5,0,5-3,2,5-3,-19.10221290588379,5-3,0.42399999499320984,5-3,0.5759999607689679,1,1,1,0.0,0.0,0.0,True,1,2,71,22.432056839983836,-42.0,last_to_act,first_trick_public_belief_update|last_to_act_closure_policy,public_context_ready,bid_amount|bid_margin|hidden_world_ownership,False
sample_001_decl_1,1,1,ones,8,2,0,0,bidder,offense,7,0,0,,5-0,5,6-4,-17.195560455322266,5-0,0.1510000079870224,6-4,0.5379999654833227,2,1,3,0.48137855529785156,0.0,0.05300002242438495,True,2,5,82,26.279947110243345,-41.250000022351735,,first_trick_public_belief_update,public_context_ready,bid_amount|bid_margin|hidden_world_ownership,False
sample_001_decl_1,1,1,ones,9,2,1,1,left_setter,defense,7,0,5,0,5-5,2,5-5,13.132774353027344,5-5,0.8369998931884766,5-5,0.1630000106524676,1,1,1,0.0,0.0,0.0,True,1,2,83,28.358226775997583,-41.76999984681606,setter_count_pressure,first_trick_public_belief_update|setter_count_before_certainty,needs_bid_and_set_margin|public_context_ready,bid_amount|bid_margin|hidden_world_ownership,False
sample_001_decl_1,1,1,ones,10,2,2,2,bidder_partner,offense,7,0,15,1,5-2,1,5-2,-2.9364969730377197,5-2,0.0,5-2,0.14200000860728323,1,1,1,0.0,0.0,0.0,False,0,1,22,12.796423078482347,-29.350000391248614,,first_trick_public_belief_update,public_context_ready,bid_amount|bid_margin|hidden_world_ownership,False
sample_001_decl_1,1,1,ones,11,2,3,3,right_setter,defense,7,0,15,1,6-2,5,6-3,31.12208366394043,4-0,1.0,4-0,0.0,2,3,4,0.3743553161621094,0.0,0.0,True,0,5,49,15.81381425183078,-5.480000315234064,called_suit_pressure|last_to_act|setter_count_pressure,first_trick_public_belief_update|last_to_act_closure_policy|setter_count_before_certainty,needs_bid_and_set_margin|public_context_ready,bid_amount|bid_margin|hidden_world_ownership,False
sample_001_decl_1,1,1,ones,12,3,0,1,left_setter,defense,7,16,0,,6-6,4,6-6,3.7636308670043945,6-6,0.8020000457763672,6-6,0.19799999007955194,1,1,1,0.0,0.0,0.0,True,0,4,50,18.141187713333178,-25.0,setter_lead_pressure,defender_damage_lead_class|first_trick_public_belief_update,needs_bid_and_set_margin|public_context_ready,bid_amount|bid_margin|hidden_world_ownership,False
sample_001_decl_1,1,1,ones,13,3,1,2,bidder_partner,offense,7,16,0,1,2-1,4,2-1,24.575984954833984,2-1,0.9409998655319214,1-1,0.0,1,1,2,0.0,0.0,0.0,True,0,4,40,12.33093987687355,-14.71000023931265,called_suit_pressure,first_trick_public_belief_update,public_context_ready,bid_amount|bid_margin|hidden_world_ownership,False
sample_001_decl_1,1,1,ones,14,3,2,3,right_setter,defense,7,16,0,2,6-3,1,6-3,-13.695185661315918,6-3,0.4189999997615814,6-3,0.5809999898774549,1,1,1,0.0,0.0,0.0,False,0,1,27,14.605690231337547,-25.26000002399087,,first_trick_public_belief_update,public_context_ready,bid_amount|bid_margin|hidden_world_ownership,False
sample_001_decl_1,1,1,ones,15,3,3,0,bidder,offense,7,16,0,2,6-0,3,6-4,9.37028694152832,6-0,0.32499998807907104,6-4,0.0,3,1,2,9.486773699522018,0.0,0.35600001621060073,True,0,3,48,19.577431339966278,-23.0,last_to_act,first_trick_public_belief_update|last_to_act_closure_policy,public_context_ready,bid_amount|bid_margin|hidden_world_ownership,False
sample_001_decl_1,1,1,ones,16,4,0,2,bidder_partner,offense,8,16,0,,1-1,3,1-1,24.05183982849121,1-1,1.0,1-1,0.0,1,1,1,0.0,0.0,0.0,False,0,1,15,7.51222808904365,4.659999615047128,called_suit_pressure|late_hand,first_trick_public_belief_update|late_trick_threshold_closure,distribution_labels_ready|public_context_ready,bid_amount|bid_margin|hidden_world_ownership,False
sample_001_decl_1,1,1,ones,17,4,1,3,right_setter,defense,8,16,0,2,4-1,1,4-1,-21.844181060791016,4-1,0.07899998873472214,4-1,0.9209999971790239,1,1,1,0.0,0.0,0.0,False,0,1,23,5.660710888758874,-24.000000000000004,called_suit_pressure|late_hand|setter_count_pressure,first_trick_public_belief_update|late_trick_threshold_closure|setter_count_before_certainty,distribution_labels_ready|needs_bid_and_set_margin|public_context_ready,bid_amount|bid_margin|hidden_world_ownership,False
sample_001_decl_1,1,1,ones,18,4,2,0,bidder,offense,8,16,5,2,2-0,3,6-4,20.06851577758789,2-0,0.8989999294281006,2-0,0.0,2,1,1,0.4963397979736328,0.0,0.0,True,1,3,36,14.796032987361373,-11.359999725595117,late_hand,first_trick_public_belief_update|late_trick_threshold_closure,distribution_labels_ready|public_context_ready,bid_amount|bid_margin|hidden_world_ownership,False
sample_001_decl_1,1,1,ones,19,4,3,1,left_setter,defense,8,16,5,2,0-0,3,0-0,-13.615137100219727,0-0,0.5429999232292175,0-0,0.4570000097155571,1,1,1,0.0,0.0,0.0,False,1,3,40,13.847673329502866,-28.0,last_to_act|late_hand,first_trick_public_belief_update|last_to_act_closure_policy|late_trick_threshold_closure,distribution_labels_ready|public_context_ready,bid_amount|bid_margin|hidden_world_ownership,False
sample_001_decl_1,1,1,ones,20,5,0,2,bidder_partner,offense,14,16,0,,2-2,2,2-2,17.44675064086914,4-4,0.6530000567436218,2-2,0.0,1,2,1,0.0,5.960464477539063e-08,0.0,True,2,0,,0.3655145967519854,16.46000002324581,late_hand,first_trick_public_belief_update|late_trick_threshold_closure,distribution_labels_ready|public_context_ready,bid_amount|bid_margin|hidden_world_ownership,False
sample_001_decl_1,1,1,ones,21,5,1,3,right_setter,defense,14,16,0,2,4-2,1,4-2,-15.336175918579102,4-2,0.3259999752044678,4-2,0.6740001440048218,1,1,1,0.0,0.0,0.0,False,0,1,25,5.424096435679835,-18.0,late_hand,first_trick_public_belief_update|late_trick_threshold_closure,distribution_labels_ready|public_context_ready,bid_amount|bid_margin|hidden_world_ownership,False
sample_001_decl_1,1,1,ones,22,5,2,0,bidder,offense,14,16,0,2,6-4,2,6-4,12.648359298706055,6-4,0.5990000367164612,6-4,0.0,1,1,1,0.0,0.0,0.0,False,1,2,34,16.407092612290615,-16.0,late_hand,first_trick_public_belief_update|late_trick_threshold_closure,distribution_labels_ready|public_context_ready,bid_amount|bid_margin|hidden_world_ownership,False
sample_001_decl_1,1,1,ones,23,5,3,1,left_setter,defense,14,16,10,2,4-3,2,4-3,-11.146605491638184,5-4,0.5320001244544983,5-4,0.46800002455711365,1,2,2,0.0,1.1920928955078125e-07,5.960464477539063e-08,True,2,2,13,6.033606192528929,-18.0,last_to_act|late_hand,first_trick_public_belief_update|last_to_act_closure_policy|late_trick_threshold_closure,distribution_labels_ready|public_context_ready,bid_amount|bid_margin|hidden_world_ownership,False
sample_001_decl_1,1,1,ones,24,6,0,2,bidder_partner,offense,25,16,0,,4-4,1,4-4,5.398562431335449,4-4,0.0,4-4,0.0,1,1,1,0.0,0.0,0.0,False,0,0,,0.25645595624324585,5.0,late_hand,first_trick_public_belief_update|late_trick_threshold_closure,distribution_labels_ready|public_context_ready,bid_amount|bid_margin|hidden_world_ownership,False
sample_001_decl_1,1,1,ones,25,6,1,3,right_setter,defense,25,16,0,2,4-0,1,4-0,-6.380227565765381,4-0,1.0000001192092896,4-0,0.0,1,1,1,0.0,0.0,0.0,False,0,0,,0.0458706634777101,-6.000000000000001,late_hand,first_trick_public_belief_update|late_trick_threshold_closure,distribution_labels_ready|public_context_ready,bid_amount|bid_margin|hidden_world_ownership,False
sample_001_decl_1,1,1,ones,26,6,2,0,bidder,offense,25,16,0,2,6-5,1,6-5,5.123406410217285,6-5,0.0,6-5,0.0,1,1,1,0.0,0.0,0.0,False,0,0,,0.0,5.0,late_hand,first_trick_public_belief_update|late_trick_threshold_closure,distribution_labels_ready|public_context_ready,bid_amount|bid_margin|hidden_world_ownership,False
sample_001_decl_1,1,1,ones,27,6,3,1,left_setter,defense,25,16,0,2,5-4,1,5-4,-6.365649700164795,5-4,1.0000001192092896,5-4,0.0,1,1,1,0.0,0.0,0.0,False,0,0,,4.76837158203125e-07,-6.000000000000001,last_to_act|late_hand,first_trick_public_belief_update|last_to_act_closure_policy|late_trick_threshold_closure,distribution_labels_ready|public_context_ready,bid_amount|bid_margin|hidden_world_ownership,False
sample_002_decl_2,2,2,twos,0,0,0,0,bidder,offense,0,0,0,,5-5,7,5-5,-7.16016960144043,5-5,0.19300001859664917,5-5,0.3669999693520367,1,1,1,0.0,0.0,0.0,True,1,7,46,24.8238348834404,-42.0,bidder_opening_lead|first_trick,bidder_first_lead_plan,public_context_ready,bid_amount|bid_margin|hidden_world_ownership,False
sample_002_decl_2,2,2,twos,1,0,1,1,left_setter,defense,0,0,10,0,6-5,1,6-5,-8.872769355773926,6-5,0.5179999470710754,6-5,0.48200002452358603,1,1,1,0.0,0.0,0.0,False,0,1,80,24.46392907289411,-37.450000253506005,first_setter_response|first_trick,first_setter_pounce_window,needs_bid_and_set_margin,bid_amount|bid_margin|hidden_world_ownership,False
sample_002_decl_2,2,2,twos,2,0,2,2,bidder_partner,offense,0,0,10,0,5-1,1,5-1,10.722671508789062,5-1,0.4610000252723694,5-1,0.15300001087598503,1,1,1,0.0,0.0,0.0,False,0,1,83,24.310643456188203,-36.36000086227432,first_trick|partner_third_seat_support,partner_third_seat_safe_donation,public_context_ready,bid_amount|bid_margin|hidden_world_ownership,False
sample_002_decl_2,2,2,twos,3,0,3,3,right_setter,defense,0,0,10,0,5-4,2,5-4,-20.6456241607666,5-4,0.30900001525878906,5-4,0.6910000117495656,1,1,1,0.0,0.0,0.0,True,1,2,59,15.993950176886953,-40.04999992996454,defender_last_to_act_closure|first_trick|last_to_act|setter_count_pressure,last_to_act_closure_policy|setter_count_before_certainty,needs_bid_and_set_margin|public_context_ready,bid_amount|bid_margin|hidden_world_ownership,False
sample_002_decl_2,2,2,twos,4,1,0,0,bidder,offense,11,0,0,,3-3,6,3-3,-15.1782865524292,3-3,0.0860000029206276,3-3,0.5479999660747126,1,1,1,0.0,0.0,0.0,True,1,6,19,20.216993016782318,-37.01999998791143,,first_trick_public_belief_update,public_context_ready,bid_amount|bid_margin|hidden_world_ownership,False
sample_002_decl_2,2,2,twos,5,1,1,1,left_setter,defense,11,0,0,0,2-1,6,2-1,14.660181045532227,2-1,0.9100000858306885,2-1,0.09000000602100044,1,1,1,0.0,0.0,0.0,True,2,6,54,20.975814698030057,-28.480000231415037,called_suit_pressure|setter_count_pressure,first_trick_public_belief_update|setter_count_before_certainty,needs_bid_and_set_margin|public_context_ready,bid_amount|bid_margin|hidden_world_ownership,False
sample_002_decl_2,2,2,twos,6,1,2,2,bidder_partner,offense,11,0,0,1,3-1,1,3-1,-17.513160705566406,3-1,0.07200000435113907,3-1,0.6119999387301505,1,1,1,0.0,0.0,0.0,False,0,1,23,18.67169929964405,-35.18000001087785,,first_trick_public_belief_update,public_context_ready,bid_amount|bid_margin|hidden_world_ownership,False
sample_002_decl_2,2,2,twos,7,1,3,3,right_setter,defense,11,0,0,1,3-0,1,3-0,21.498737335205078,3-0,0.9779999256134033,3-0,0.022000001277774572,1,1,1,0.0,0.0,0.0,False,0,1,21,15.404122412675365,-11.900000445079057,last_to_act,first_trick_public_belief_update|last_to_act_closure_policy,public_context_ready,bid_amount|bid_margin|hidden_world_ownership,False
sample_002_decl_2,2,2,twos,8,2,0,1,left_setter,defense,11,1,0,,1-1,5,1-1,5.945436000823975,1-1,0.8450000286102295,1-1,0.15500001050531864,1,1,1,0.0,0.0,0.0,True,1,5,62,22.497698856936942,-30.34000018890947,called_suit_pressure|setter_count_pressure|setter_lead_pressure,defender_damage_lead_class|first_trick_public_belief_update|setter_count_before_certainty,needs_bid_and_set_margin|public_context_ready,bid_amount|bid_margin|hidden_world_ownership,False
sample_002_decl_2,2,2,twos,9,2,1,2,bidder_partner,offense,11,1,0,1,3-2,5,3-2,4.2174763679504395,3-2,0.32500001788139343,3-2,0.18600001209415495,1,1,1,0.0,0.0,0.0,True,0,5,66,21.806005872003333,-34.19999990332872,called_suit_pressure|partner_count_donation,first_trick_public_belief_update|partner_forcedness_and_safety,needs_overtrump_belief|public_context_ready,bid_amount|bid_margin|hidden_world_ownership,False
sample_002_decl_2,2,2,twos,10,2,2,3,right_setter,defense,11,1,5,2,4-1,1,4-1,-8.244475364685059,4-1,0.722000002861023,4-1,0.2780000146012753,1,1,1,0.0,0.0,0.0,False,0,1,45,15.20122444842669,-32.56000015535392,setter_count_pressure,first_trick_public_belief_update|setter_count_before_certainty,needs_bid_and_set_margin|public_context_ready,bid_amount|bid_margin|hidden_world_ownership,False
sample_002_decl_2,2,2,twos,11,2,3,0,bidder,offense,11,1,10,2,6-1,2,6-1,7.47473669052124,6-1,0.2930000126361847,1-0,0.0,1,1,2,0.0,0.0,0.0,True,2,2,54,18.47072697884285,-14.060000002849847,last_to_act,first_trick_public_belief_update|last_to_act_closure_policy,public_context_ready,bid_amount|bid_margin|hidden_world_ownership,False
sample_002_decl_2,2,2,twos,12,3,0,2,bidder_partner,offense,22,1,0,,0-0,4,0-0,-8.72946834564209,0-0,0.1300000101327896,0-0,0.477999999653548,1,1,1,0.0,0.0,0.0,True,1,4,50,17.565855092671086,-25.0,called_suit_pressure,first_trick_public_belief_update,public_context_ready,bid_amount|bid_margin|hidden_world_ownership,False
sample_002_decl_2,2,2,twos,13,3,1,3,right_setter,defense,22,1,0,2,5-0,1,5-0,5.370044708251953,5-0,0.9719998836517334,5-0,0.028000001097097993,1,1,1,0.0,0.0,0.0,False,0,1,36,12.568217784021789,-15.68000016314909,setter_count_pressure,first_trick_public_belief_update|setter_count_before_certainty,needs_bid_and_set_margin|public_context_ready,bid_amount|bid_margin|hidden_world_ownership,False
sample_002_decl_2,2,2,twos,14,3,2,0,bidder,offense,22,1,5,2,1-0,1,1-0,-7.544144630432129,1-0,0.12800002098083496,1-0,0.24599998793564737,1,1,1,0.0,0.0,0.0,False,0,1,59,16.805889659464437,-29.27999983727932,,first_trick_public_belief_update,public_context_ready,bid_amount|bid_margin|hidden_world_ownership,False
sample_002_decl_2,2,2,twos,15,3,3,1,left_setter,defense,22,1,5,2,4-2,4,4-2,9.887357711791992,4-2,1.0,4-2,0.0,1,1,1,0.0,0.0,0.0,True,2,4,41,16.019815572184246,-27.460000038146973,called_suit_pressure|last_to_act|setter_count_pressure,first_trick_public_belief_update|last_to_act_closure_policy|setter_count_before_certainty,needs_bid_and_set_margin|public_context_ready,bid_amount|bid_margin|hidden_world_ownership,False
sample_002_decl_2,2,2,twos,16,4,0,1,left_setter,defense,22,7,0,,4-4,3,6-2,-1.1309070587158203,4-4,0.7309999465942383,4-4,0.2689999993890524,2,1,1,3.147927761077881,0.0,0.0,True,1,3,38,16.061074041459193,-19.0,called_suit_pressure|late_hand|setter_count_pressure|setter_lead_pressure,defender_damage_lead_class|first_trick_public_belief_update|late_trick_threshold_closure|setter_count_before_certainty,distribution_labels_ready|needs_bid_and_set_margin|public_context_ready,bid_amount|bid_margin|hidden_world_ownership,False
sample_002_decl_2,2,2,twos,17,4,1,2,bidder_partner,offense,22,7,0,1,4-0,1,4-0,-9.959434509277344,4-0,0.05299999192357063,4-0,0.5060000056400895,1,1,1,0.0,0.0,0.0,False,0,1,38,13.498665072526038,-19.11000000871718,late_hand,first_trick_public_belief_update|late_trick_threshold_closure,distribution_labels_ready|public_context_ready,bid_amount|bid_margin|hidden_world_ownership,False
sample_002_decl_2,2,2,twos,18,4,2,3,right_setter,defense,22,7,0,1,2-0,3,2-0,18.468795776367188,2-0,1.0,2-0,0.0,1,1,1,0.0,0.0,0.0,False,1,3,23,6.324564970834951,-1.6500001624226568,called_suit_pressure|late_hand,first_trick_public_belief_update|late_trick_threshold_closure,distribution_labels_ready|public_context_ready,bid_amount|bid_margin|hidden_world_ownership,False
sample_002_decl_2,2,2,twos,19,4,3,0,bidder,offense,22,7,0,3,4-3,1,4-3,-10.825335502624512,4-3,0.0,4-3,0.612000048160553,1,1,1,0.0,0.0,0.0,False,0,1,36,13.669308910969699,-19.0,last_to_act|late_hand,first_trick_public_belief_update|last_to_act_closure_policy|late_trick_threshold_closure,distribution_labels_ready|public_context_ready,bid_amount|bid_margin|hidden_world_ownership,False
sample_002_decl_2,2,2,twos,20,5,0,3,right_setter,defense,22,8,0,,2-2,2,2-2,17.527801513671875,2-2,1.000000238418579,2-2,0.0,1,1,1,0.0,0.0,0.0,False,1,1,25,10.396769285911496,-7.549999959766865,called_suit_pressure|late_hand|setter_lead_pressure,defender_damage_lead_class|first_trick_public_belief_update|late_trick_threshold_closure,distribution_labels_ready|needs_bid_and_set_margin|public_context_ready,bid_amount|bid_margin|hidden_world_ownership,False
sample_002_decl_2,2,2,twos,21,5,1,0,bidder,offense,22,8,0,3,6-3,2,6-3,-13.170775413513184,5-3,0.0,5-3,0.825999915599823,1,2,2,0.0,0.0,1.7881393432617188e-07,True,2,2,34,10.89439784283235,-18.0,late_hand,first_trick_public_belief_update|late_trick_threshold_closure,distribution_labels_ready|public_context_ready,bid_amount|bid_margin|hidden_world_ownership,False
sample_002_decl_2,2,2,twos,22,5,2,1,left_setter,defense,22,8,0,3,6-2,1,6-2,11.108917236328125,6-2,1.0,6-2,0.0,1,1,1,0.0,0.0,0.0,False,0,1,34,13.364992765288388,-16.0,called_suit_pressure|late_hand,first_trick_public_belief_update|late_trick_threshold_closure,distribution_labels_ready|public_context_ready,bid_amount|bid_margin|hidden_world_ownership,False
sample_002_decl_2,2,2,twos,23,5,3,2,bidder_partner,offense,22,8,0,3,5-2,1,5-2,-17.683467864990234,5-2,0.0,5-2,1.000000238418579,1,1,1,0.0,0.0,0.0,False,0,0,,0.07767600439076533,-18.0,called_suit_pressure|last_to_act|late_hand,first_trick_public_belief_update|last_to_act_closure_policy|late_trick_threshold_closure,distribution_labels_ready|public_context_ready,bid_amount|bid_margin|hidden_world_ownership,False
sample_002_decl_2,2,2,twos,24,6,0,3,right_setter,defense,22,9,0,,6-6,1,6-6,16.653757095336914,6-6,1.0000001192092896,6-6,0.0,1,1,1,0.0,0.0,0.0,False,0,0,,0.006622313903773412,17.0,late_hand|setter_lead_pressure,defender_damage_lead_class|first_trick_public_belief_update|late_trick_threshold_closure,distribution_labels_ready|needs_bid_and_set_margin|public_context_ready,bid_amount|bid_margin|hidden_world_ownership,False
sample_002_decl_2,2,2,twos,25,6,1,0,bidder,offense,22,9,0,3,5-3,1,5-3,-16.223024368286133,5-3,0.0,5-3,0.0,1,1,1,0.0,0.0,0.0,False,0,0,,1.9073486328125e-06,-16.0,late_hand,first_trick_public_belief_update|late_trick_threshold_closure,distribution_labels_ready|public_context_ready,bid_amount|bid_margin|hidden_world_ownership,False
sample_002_decl_2,2,2,twos,26,6,2,1,left_setter,defense,22,9,0,3,6-4,1,6-4,16.61056137084961,6-4,1.0,6-4,0.0,1,1,1,0.0,0.0,0.0,False,0,0,,1.9073486328125e-06,17.0,late_hand|setter_count_pressure,first_trick_public_belief_update|late_trick_threshold_closure|setter_count_before_certainty,distribution_labels_ready|needs_bid_and_set_margin|public_context_ready,bid_amount|bid_margin|hidden_world_ownership,False
sample_002_decl_2,2,2,twos,27,6,3,2,bidder_partner,offense,22,9,10,3,6-0,1,6-0,-16.48980140686035,6-0,0.0,6-0,0.0,1,1,1,0.0,0.0,0.0,False,0,0,,0.0,-16.0,last_to_act|late_hand,first_trick_public_belief_update|last_to_act_closure_policy|late_trick_threshold_closure,distribution_labels_ready|public_context_ready,bid_amount|bid_margin|hidden_world_ownership,False
sample_003_decl_3,3,3,threes,0,0,0,0,bidder,offense,0,0,0,,6-3,7,6-3,27.096622467041016,6-3,0.7439998984336853,6-3,0.003000000142492354,1,1,1,0.0,0.0,0.0,True,0,7,66,24.104768324068814,-28.800000242190436,bidder_opening_lead|called_suit_pressure|first_trick,bidder_first_lead_plan,public_context_ready,bid_amount|bid_margin|hidden_world_ownership,False
sample_003_decl_3,3,3,threes,1,0,1,1,left_setter,defense,0,0,0,0,4-3,2,4-3,-13.01108455657959,4-3,0.45100003480911255,4-3,0.5490000317804515,1,1,1,0.0,0.0,0.0,True,2,2,83,29.695125459816108,-42.0,called_suit_pressure|first_setter_response|first_trick|setter_count_pressure,first_setter_pounce_window|setter_count_before_certainty,needs_bid_and_set_margin,bid_amount|bid_margin|hidden_world_ownership,False
sample_003_decl_3,3,3,threes,2,0,2,2,bidder_partner,offense,0,0,0,0,3-0,1,3-0,-1.2628684043884277,3-0,0.29100000858306885,3-0,0.3179999925196171,1,1,1,0.0,0.0,0.0,False,0,1,83,28.698579398162835,-42.0,called_suit_pressure|first_trick|partner_third_seat_support,partner_third_seat_safe_donation,public_context_ready,bid_amount|bid_margin|hidden_world_ownership,False
sample_003_decl_3,3,3,threes,3,0,3,3,right_setter,defense,0,0,0,0,3-1,1,3-1,-18.774707794189453,3-1,0.45799997448921204,3-1,0.541999964043498,1,1,1,0.0,0.0,0.0,False,0,1,39,22.22818329437562,-42.0,called_suit_pressure|defender_last_to_act_closure|first_trick|last_to_act,last_to_act_closure_policy,public_context_ready,bid_amount|bid_margin|hidden_world_ownership,False
sample_003_decl_3,3,3,threes,4,1,0,0,bidder,offense,1,0,0,,3-3,6,3-3,27.723480224609375,3-3,0.7250000834465027,3-3,0.003000000142492354,1,1,1,0.0,0.0,0.0,True,0,4,74,27.90335078199895,-33.89000018965453,called_suit_pressure,first_trick_public_belief_update,public_context_ready,bid_amount|bid_margin|hidden_world_ownership,False
sample_003_decl_3,3,3,threes,5,1,1,1,left_setter,defense,1,0,0,0,3-2,1,3-2,-23.15061378479004,3-2,0.3659999966621399,3-2,0.6339999735355377,1,1,1,0.0,0.0,0.0,False,0,1,25,19.75508766797888,-42.0,called_suit_pressure|setter_count_pressure,first_trick_public_belief_update|setter_count_before_certainty,needs_bid_and_set_margin|public_context_ready,bid_amount|bid_margin|hidden_world_ownership,False
sample_003_decl_3,3,3,threes,6,1,2,2,bidder_partner,offense,1,0,5,0,6-2,6,5-0,25.00267219543457,6-2,0.6800000071525574,5-5,0.0,2,1,3,0.99822998046875,0.0,0.0690000036265701,True,0,6,71,21.505042615864685,-26.220000859117135,partner_count_donation,first_trick_public_belief_update|partner_forcedness_and_safety,needs_overtrump_belief|public_context_ready,bid_amount|bid_margin|hidden_world_ownership,False
sample_003_decl_3,3,3,threes,7,1,3,3,right_setter,defense,1,0,5,0,4-0,6,4-0,-10.14783763885498,4-0,0.6270000338554382,4-0,0.37299998675007373,1,1,1,0.0,0.0,0.0,True,2,6,71,24.012902923968554,-42.0,last_to_act|setter_count_pressure,first_trick_public_belief_update|last_to_act_closure_policy|setter_count_before_certainty,needs_bid_and_set_margin|public_context_ready,bid_amount|bid_margin|hidden_world_ownership,False
sample_003_decl_3,3,3,threes,8,2,0,0,bidder,offense,7,0,0,,5-3,5,5-3,16.95216941833496,5-3,0.574999988079071,5-3,0.07700000458862633,1,1,1,0.0,0.0,0.0,True,0,5,73,26.549052202509273,-34.78000008687377,called_suit_pressure,first_trick_public_belief_update,public_context_ready,bid_amount|bid_margin|hidden_world_ownership,False
sample_003_decl_3,3,3,threes,9,2,1,1,left_setter,defense,7,0,0,0,6-0,5,6-0,-20.79648780822754,5-1,0.38100001215934753,5-1,0.6189999723574147,1,2,2,0.0,0.0,2.561137080192566e-08,True,1,5,26,19.313969528434917,-39.66999993287027,setter_count_pressure,first_trick_public_belief_update|setter_count_before_certainty,needs_bid_and_set_margin|public_context_ready,bid_amount|bid_margin|hidden_world_ownership,False
sample_003_decl_3,3,3,threes,10,2,2,2,bidder_partner,offense,7,0,0,0,2-0,5,2-0,28.55202293395996,2-0,0.7869999408721924,5-5,0.0,1,1,3,0.0,0.0,0.02800000144634396,True,0,4,51,21.20727048757579,-23.650000455556437,partner_count_donation,first_trick_public_belief_update|partner_forcedness_and_safety,needs_overtrump_belief|public_context_ready,bid_amount|bid_margin|hidden_world_ownership,False
sample_003_decl_3,3,3,threes,11,2,3,3,right_setter,defense,7,0,0,0,0-0,5,0-0,-12.62178897857666,0-0,0.5270000696182251,0-0,0.47299993759952486,1,1,1,0.0,0.0,0.0,True,1,4,60,25.484652818841283,-40.320000015199184,last_to_act|setter_count_pressure,first_trick_public_belief_update|last_to_act_closure_policy|setter_count_before_certainty,needs_bid_and_set_margin|public_context_ready,bid_amount|bid_margin|hidden_world_ownership,False
sample_003_decl_3,3,3,threes,12,3,0,0,bidder,offense,8,0,0,,5-4,4,5-4,-15.727148056030273,5-4,0.1759999841451645,4-2,0.5709999562241137,1,1,2,0.0,0.0,0.031000004149973392,True,1,4,75,27.523010614415895,-39.529999842401594,,first_trick_public_belief_update,public_context_ready,bid_amount|bid_margin|hidden_world_ownership,False
sample_003_decl_3,3,3,threes,13,3,1,1,left_setter,defense,8,0,0,0,5-1,1,5-1,0.5230931639671326,5-1,0.6809999942779541,5-1,0.31900002097245306,1,1,1,0.0,0.0,0.0,False,0,1,76,27.467942296500958,-38.210000053979456,,first_trick_public_belief_update,public_context_ready,bid_amount|bid_margin|hidden_world_ownership,False
sample_003_decl_3,3,3,threes,14,3,2,2,bidder_partner,offense,8,0,0,0,5-5,3,5-5,29.93508529663086,5-5,0.8049999475479126,5-5,0.0,1,1,1,0.0,0.0,0.0,True,0,2,77,29.23652638563029,-38.60999995097518,partner_count_donation,first_trick_public_belief_update|partner_forcedness_and_safety,needs_overtrump_belief|public_context_ready,bid_amount|bid_margin|hidden_world_ownership,False
sample_003_decl_3,3,3,threes,15,3,3,3,right_setter,defense,8,0,10,2,6-5,1,6-5,-17.819469451904297,6-5,0.5679999589920044,6-5,0.43199999537318945,1,1,1,0.0,0.0,0.0,False,0,1,43,18.92235642064079,-41.010000000474975,last_to_act,first_trick_public_belief_update|last_to_act_closure_policy,public_context_ready,bid_amount|bid_margin|hidden_world_ownership,False
sample_003_decl_3,3,3,threes,16,4,0,2,bidder_partner,offense,19,0,0,,1-1,3,1-1,29.291006088256836,1-1,1.0000001192092896,1-1,0.0,1,1,1,0.0,0.0,0.0,False,2,0,,0.3117482441498623,28.74999997764826,late_hand|partner_count_donation,first_trick_public_belief_update|late_trick_threshold_closure|partner_forcedness_and_safety,distribution_labels_ready|needs_overtrump_belief|public_context_ready,bid_amount|bid_margin|hidden_world_ownership,False
sample_003_decl_3,3,3,threes,17,4,1,3,right_setter,defense,19,0,0,2,6-1,1,6-1,-9.445693969726562,6-1,0.5269999504089355,6-1,0.47300005599390715,1,1,1,0.0,0.0,0.0,False,0,1,56,20.44494978423003,-29.010000000474978,late_hand,first_trick_public_belief_update|late_trick_threshold_closure,distribution_labels_ready|public_context_ready,bid_amount|bid_margin|hidden_world_ownership,False
sample_003_decl_3,3,3,threes,18,4,2,0,bidder,offense,19,0,0,2,1-0,2,1-0,10.147900581359863,2-1,0.48000001907348633,2-1,0.13899999437853694,1,2,2,0.0,2.9802322387695312e-08,8.847564458847046e-09,True,2,2,56,20.99974713854461,-27.0,late_hand,first_trick_public_belief_update|late_trick_threshold_closure,distribution_labels_ready|public_context_ready,bid_amount|bid_margin|hidden_world_ownership,False
sample_003_decl_3,3,3,threes,19,4,3,1,left_setter,defense,19,0,0,2,4-1,1,4-1,-10.576343536376953,4-1,0.5959999561309814,4-1,0.4039999572560191,1,1,1,0.0,0.0,0.0,False,0,1,44,16.94109055865077,-29.000000000000004,last_to_act|late_hand|setter_count_pressure,first_trick_public_belief_update|last_to_act_closure_policy|late_trick_threshold_closure|setter_count_before_certainty,distribution_labels_ready|needs_bid_and_set_margin|public_context_ready,bid_amount|bid_margin|hidden_world_ownership,False
sample_003_decl_3,3,3,threes,20,5,0,2,bidder_partner,offense,25,0,0,,5-2,2,5-2,22.717784881591797,5-0,1.0,5-0,0.0,1,2,2,0.0,5.960464477539063e-08,0.0,True,2,0,,0.2893852674298198,22.0,late_hand|partner_count_donation,first_trick_public_belief_update|late_trick_threshold_closure|partner_forcedness_and_safety,distribution_labels_ready|needs_overtrump_belief|public_context_ready,bid_amount|bid_margin|hidden_world_ownership,False
sample_003_decl_3,3,3,threes,21,5,1,3,right_setter,defense,25,0,0,2,4-4,2,4-4,-14.909761428833008,4-4,0.2839999794960022,4-4,0.7160000205039978,1,1,1,0.0,0.0,0.0,False,1,2,30,12.979933877785344,-23.0,late_hand|setter_count_pressure,first_trick_public_belief_update|late_trick_threshold_closure|setter_count_before_certainty,distribution_labels_ready|needs_bid_and_set_margin|public_context_ready,bid_amount|bid_margin|hidden_world_ownership,False
sample_003_decl_3,3,3,threes,22,5,2,0,bidder,offense,25,0,0,2,4-2,2,4-2,15.855475425720215,2-1,0.7790001034736633,2-1,0.0,1,2,2,0.0,1.1920928955078125e-07,0.0,True,2,2,32,13.453101748491811,-9.959999784827232,late_hand,first_trick_public_belief_update|late_trick_threshold_closure,distribution_labels_ready|public_context_ready,bid_amount|bid_margin|hidden_world_ownership,False
sample_003_decl_3,3,3,threes,23,5,3,1,left_setter,defense,25,0,0,2,2-2,2,2-2,-23.029434204101562,2-2,0.0,6-6,1.0,1,1,2,0.0,0.0,2.384185791015625e-07,True,2,0,,0.04108609945548576,-23.0,last_to_act|late_hand,first_trick_public_belief_update|last_to_act_closure_policy|late_trick_threshold_closure,distribution_labels_ready|public_context_ready,bid_amount|bid_margin|hidden_world_ownership,False
sample_003_decl_3,3,3,threes,24,6,0,2,bidder_partner,offense,26,0,0,,5-0,1,5-0,22.4507999420166,5-0,0.9999999403953552,5-0,0.0,1,1,1,0.0,0.0,0.0,False,0,0,,0.34272779937968256,22.0,late_hand|partner_count_donation,first_trick_public_belief_update|late_trick_threshold_closure|partner_forcedness_and_safety,distribution_labels_ready|needs_overtrump_belief|public_context_ready,bid_amount|bid_margin|hidden_world_ownership,False
sample_003_decl_3,3,3,threes,25,6,1,3,right_setter,defense,26,0,5,2,6-4,1,6-4,-24.515647888183594,6-4,0.0,6-4,1.0000000894069672,1,1,1,0.0,0.0,0.0,False,0,0,,0.17288695797347425,-25.0,late_hand|setter_count_pressure,first_trick_public_belief_update|late_trick_threshold_closure|setter_count_before_certainty,distribution_labels_ready|needs_bid_and_set_margin|public_context_ready,bid_amount|bid_margin|hidden_world_ownership,False
sample_003_decl_3,3,3,threes,26,6,2,0,bidder,offense,26,0,15,2,2-1,1,2-1,26.128719329833984,2-1,1.0000001192092896,2-1,0.0,1,1,1,0.0,0.0,0.0,False,0,0,,1.9073486328125e-06,26.0,late_hand,first_trick_public_belief_update|late_trick_threshold_closure,distribution_labels_ready|public_context_ready,bid_amount|bid_margin|hidden_world_ownership,False
sample_003_decl_3,3,3,threes,27,6,3,1,left_setter,defense,26,0,15,2,6-6,1,6-6,-25.701297760009766,6-6,0.0,6-6,1.000000238418579,1,1,1,0.0,0.0,0.0,False,0,0,,1.9073486328125e-06,-26.0,last_to_act|late_hand,first_trick_public_belief_update|last_to_act_closure_policy|late_trick_threshold_closure,distribution_labels_ready|public_context_ready,bid_amount|bid_margin|hidden_world_ownership,False
sample_004_decl_4,4,4,fours,0,0,0,0,bidder,offense,0,0,0,,5-4,7,5-4,14.422208786010742,5-4,0.5090000033378601,6-5,0.08200000610668212,1,1,3,0.0,0.0,0.01500000013038516,True,1,7,73,27.48807447387412,-34.50000023609027,bidder_opening_lead|called_suit_pressure|first_trick,bidder_first_lead_plan,public_context_ready,bid_amount|bid_margin|hidden_world_ownership,False
sample_004_decl_4,4,4,fours,1,0,1,1,left_setter,defense,0,0,0,0,4-4,2,4-4,8.891982078552246,4-4,0.8010000586509705,4-4,0.1990000158548355,1,1,1,0.0,0.0,0.0,True,1,2,81,28.773546743276192,-39.43000012263656,called_suit_pressure|first_setter_response|first_trick,first_setter_pounce_window,needs_bid_and_set_margin,bid_amount|bid_margin|hidden_world_ownership,False
sample_004_decl_4,4,4,fours,2,0,2,2,bidder_partner,offense,0,0,0,1,4-0,1,4-0,-25.39215660095215,4-0,0.04399999976158142,4-0,0.6940000504255295,1,1,1,0.0,0.0,0.0,False,0,1,23,19.963689267271125,-42.0,called_suit_pressure|first_trick|partner_third_seat_support,partner_third_seat_safe_donation,public_context_ready,bid_amount|bid_margin|hidden_world_ownership,False
sample_004_decl_4,4,4,fours,3,0,3,3,right_setter,defense,0,0,0,1,4-1,2,4-1,10.119833946228027,4-1,0.8580000996589661,4-1,0.14200001046992838,1,1,1,0.0,0.0,0.0,True,1,2,48,24.659668350650268,-35.950000481680036,called_suit_pressure|defender_last_to_act_closure|first_trick|last_to_act|setter_count_pressure,last_to_act_closure_policy|setter_count_before_certainty,needs_bid_and_set_margin|public_context_ready,bid_amount|bid_margin|hidden_world_ownership,False
sample_004_decl_4,4,4,fours,4,1,0,1,left_setter,defense,0,6,0,,2-2,6,2-2,1.0516622066497803,2-2,0.6949999928474426,2-2,0.3050000215880573,1,1,1,0.0,0.0,0.0,True,0,6,81,29.900058340570695,-40.59999987017363,called_suit_pressure|setter_count_pressure|setter_lead_pressure,defender_damage_lead_class|first_trick_public_belief_update|setter_count_before_certainty,needs_bid_and_set_margin|public_context_ready,bid_amount|bid_margin|hidden_world_ownership,False
sample_004_decl_4,4,4,fours,5,1,1,2,bidder_partner,offense,0,6,0,1,2-1,1,2-1,-21.83115005493164,2-1,0.08500000089406967,2-1,0.6019999616546556,1,1,1,0.0,0.0,0.0,False,0,1,41,22.488012214497193,-41.42999997735023,,first_trick_public_belief_update,public_context_ready,bid_amount|bid_margin|hidden_world_ownership,False
sample_004_decl_4,4,4,fours,6,1,2,3,right_setter,defense,0,6,0,1,3-2,2,3-2,0.18800018727779388,3-2,0.7129999399185181,3-2,0.2870000227121636,1,1,1,0.0,0.0,0.0,True,1,2,82,26.095613004227477,-39.070000272709876,setter_count_pressure,first_trick_public_belief_update|setter_count_before_certainty,needs_bid_and_set_margin|public_context_ready,bid_amount|bid_margin|hidden_world_ownership,False
sample_004_decl_4,4,4,fours,7,1,3,0,bidder,offense,0,6,5,1,2-0,2,2-0,9.754961013793945,2-0,0.382999986410141,2-0,0.03700000327080488,1,1,1,0.0,0.0,0.0,True,1,2,47,15.842075598005763,-17.480000220239162,last_to_act,first_trick_public_belief_update|last_to_act_closure_policy,public_context_ready,bid_amount|bid_margin|hidden_world_ownership,False
sample_004_decl_4,4,4,fours,8,2,0,1,left_setter,defense,0,12,0,,6-6,5,6-6,-4.1179304122924805,6-6,0.6010000109672546,6-6,0.39899997832253575,1,1,1,0.0,0.0,0.0,True,1,5,72,26.01354744895256,-36.559999868273735,called_suit_pressure|setter_count_pressure|setter_lead_pressure,defender_damage_lead_class|first_trick_public_belief_update|setter_count_before_certainty,needs_bid_and_set_margin|public_context_ready,bid_amount|bid_margin|hidden_world_ownership,False
sample_004_decl_4,4,4,fours,9,2,1,2,bidder_partner,offense,0,12,0,1,6-1,2,6-1,-16.59392547607422,6-1,0.11700001358985901,6-3,0.561999988858588,1,1,2,0.0,0.0,0.0019999948563054204,True,2,2,72,22.694532581263516,-37.0,,first_trick_public_belief_update,public_context_ready,bid_amount|bid_margin|hidden_world_ownership,False
sample_004_decl_4,4,4,fours,10,2,2,3,right_setter,defense,0,12,0,1,6-2,1,6-2,1.9906646013259888,6-2,0.7430000305175781,6-2,0.25700001791119576,1,1,1,0.0,0.0,0.0,False,0,1,73,25.23062326986667,-34.87000019103289,,first_trick_public_belief_update,public_context_ready,bid_amount|bid_margin|hidden_world_ownership,False
sample_004_decl_4,4,4,fours,11,2,3,0,bidder,offense,0,12,0,1,6-5,1,6-5,16.797964096069336,6-5,0.562000036239624,6-5,0.0,1,1,1,0.0,0.0,0.0,False,0,1,46,16.06175426132438,-10.920000199228525,last_to_act,first_trick_public_belief_update|last_to_act_closure_policy,public_context_ready,bid_amount|bid_margin|hidden_world_ownership,False
sample_004_decl_4,4,4,fours,12,3,0,1,left_setter,defense,0,13,0,,5-0,4,5-0,-12.082717895507812,5-0,0.5209999680519104,5-0,0.478999977465719,1,1,1,0.0,0.0,0.0,True,0,4,70,24.164791201023494,-36.0,called_suit_pressure|setter_count_pressure|setter_lead_pressure,defender_damage_lead_class|first_trick_public_belief_update|setter_count_before_certainty,needs_bid_and_set_margin|public_context_ready,bid_amount|bid_margin|hidden_world_ownership,False
sample_004_decl_4,4,4,fours,13,3,1,2,bidder_partner,offense,0,13,5,1,5-3,1,5-3,-3.975593090057373,5-3,0.2329999804496765,5-3,0.3379999832250178,1,1,1,0.0,0.0,0.0,False,0,1,72,24.87411543457061,-36.0,,first_trick_public_belief_update,public_context_ready,bid_amount|bid_margin|hidden_world_ownership,False
sample_004_decl_4,4,4,fours,14,3,2,3,right_setter,defense,0,13,5,2,5-1,1,5-1,-18.47548484802246,5-1,0.37199994921684265,5-1,0.6280000357655808,1,1,1,0.0,0.0,0.0,False,0,1,58,22.266290423170727,-36.010000000474975,,first_trick_public_belief_update,public_context_ready,bid_amount|bid_margin|hidden_world_ownership,False
sample_004_decl_4,4,4,fours,15,3,3,0,bidder,offense,0,13,5,2,5-5,2,5-5,34.696163177490234,5-5,1.0,5-2,0.0,1,1,2,0.0,0.0,0.0,True,1,2,26,11.708496165020044,8.559999969787896,last_to_act,first_trick_public_belief_update|last_to_act_closure_policy,public_context_ready,bid_amount|bid_margin|hidden_world_ownership,False
sample_004_decl_4,4,4,fours,16,4,0,0,bidder,offense,16,13,0,,6-4,3,6-4,16.52524185180664,6-4,0.33100003004074097,1-0,0.0,1,1,3,0.0,0.0,0.0,True,2,3,8,2.4298668700119035,10.31999999471009,called_suit_pressure|late_hand,first_trick_public_belief_update|late_trick_threshold_closure,distribution_labels_ready|public_context_ready,bid_amount|bid_margin|hidden_world_ownership,False
sample_004_decl_4,4,4,fours,17,4,1,1,left_setter,defense,16,13,10,0,4-2,1,4-2,-17.678802490234375,4-2,0.2069999873638153,4-2,0.7929999530315399,1,1,1,0.0,0.0,0.0,False,0,1,3,2.0312645544851162,-19.0,called_suit_pressure|late_hand,first_trick_public_belief_update|late_trick_threshold_closure,distribution_labels_ready|public_context_ready,bid_amount|bid_margin|hidden_world_ownership,False
sample_004_decl_4,4,4,fours,18,4,2,2,bidder_partner,offense,16,13,10,0,3-3,3,3-3,16.082157135009766,3-1,0.5990000367164612,3-1,0.0,1,2,2,0.0,0.0,0.0,True,2,3,13,4.6800098849461165,5.270000159740449,late_hand,first_trick_public_belief_update|late_trick_threshold_closure,distribution_labels_ready|public_context_ready,bid_amount|bid_margin|hidden_world_ownership,False
sample_004_decl_4,4,4,fours,19,4,3,3,right_setter,defense,16,13,10,0,4-3,1,4-3,-14.693115234375,4-3,0.5039999485015869,4-3,0.49600008875131607,1,1,1,0.0,0.0,0.0,False,0,1,14,5.39846117204922,-19.0,called_suit_pressure|last_to_act|late_hand,first_trick_public_belief_update|last_to_act_closure_policy|late_trick_threshold_closure,distribution_labels_ready|public_context_ready,bid_amount|bid_margin|hidden_world_ownership,False
sample_004_decl_4,4,4,fours,20,5,0,0,bidder,offense,27,13,0,,5-2,2,5-2,1.839935302734375,1-0,0.0,1-0,0.0,1,2,2,0.0,0.0,0.0,True,1,2,12,4.32685254944274,-5.88999979197979,late_hand,first_trick_public_belief_update|late_trick_threshold_closure,distribution_labels_ready|public_context_ready,bid_amount|bid_margin|hidden_world_ownership,False
sample_004_decl_4,4,4,fours,21,5,1,1,left_setter,defense,27,13,0,0,6-0,2,6-0,-5.704679012298584,6-0,1.0000001192092896,3-0,0.0,1,1,2,0.0,0.0,0.0,True,2,2,11,3.365141138344935,-7.329999998211861,late_hand,first_trick_public_belief_update|late_trick_threshold_closure,distribution_labels_ready|public_context_ready,bid_amount|bid_margin|hidden_world_ownership,False
sample_004_decl_4,4,4,fours,22,5,2,2,bidder_partner,offense,27,13,0,0,6-3,2,6-3,4.100958824157715,3-1,0.0,3-1,0.0,1,2,2,0.0,0.0,0.0,True,2,2,12,5.197209108110596,-5.0,late_hand,first_trick_public_belief_update|late_trick_threshold_closure,distribution_labels_ready|public_context_ready,bid_amount|bid_margin|hidden_world_ownership,False
sample_004_decl_4,4,4,fours,23,5,3,3,right_setter,defense,27,13,0,0,0-0,2,0-0,-2.2413501739501953,0-0,1.0,0-0,0.0,1,1,1,0.0,0.0,0.0,False,2,2,11,5.063568567600714,-7.0,last_to_act|late_hand,first_trick_public_belief_update|last_to_act_closure_policy|late_trick_threshold_closure,distribution_labels_ready|public_context_ready,bid_amount|bid_margin|hidden_world_ownership,False
sample_004_decl_4,4,4,fours,24,6,0,0,bidder,offense,28,13,0,,1-0,1,1-0,-2.2852041721343994,1-0,0.0,1-0,0.0,1,1,1,0.0,0.0,0.0,False,0,1,11,5.60054975263485,-6.000000000000001,late_hand,first_trick_public_belief_update|late_trick_threshold_closure,distribution_labels_ready|public_context_ready,bid_amount|bid_margin|hidden_world_ownership,False
sample_004_decl_4,4,4,fours,25,6,1,1,left_setter,defense,28,13,0,0,3-0,1,3-0,-0.7942593097686768,3-0,1.0000001192092896,3-0,0.0,1,1,1,0.0,0.0,0.0,False,0,1,11,5.848145489303639,-6.000000000000001,late_hand,first_trick_public_belief_update|late_trick_threshold_closure,distribution_labels_ready|public_context_ready,bid_amount|bid_margin|hidden_world_ownership,False
sample_004_decl_4,4,4,fours,26,6,2,2,bidder_partner,offense,28,13,0,0,3-1,1,3-1,-6.364582538604736,3-1,0.0,3-1,0.0,1,1,1,0.0,0.0,0.0,False,0,0,,4.76837158203125e-07,-6.000000000000001,late_hand,first_trick_public_belief_update|late_trick_threshold_closure,distribution_labels_ready|public_context_ready,bid_amount|bid_margin|hidden_world_ownership,False
sample_004_decl_4,4,4,fours,27,6,3,3,right_setter,defense,28,13,0,2,1-1,1,1-1,5.695612907409668,1-1,1.0000001192092896,1-1,0.0,1,1,1,0.0,0.0,0.0,False,0,0,,4.76837158203125e-07,6.000000000000001,last_to_act|late_hand,first_trick_public_belief_update|last_to_act_closure_policy|late_trick_threshold_closure,distribution_labels_ready|public_context_ready,bid_amount|bid_margin|hidden_world_ownership,False
