claim_id,family,ledger_status,completion_bucket,evidence_strength,phase4_next_bead,phase4_recommendation,ready_for_powered_test_phase2,testability_class_phase2,claim,headline_evidence,primary_artifacts_existing,ledger_evidence_artifacts,target_wiki_page_phase2,known_blocker_or_caveat,ledger_next_check,phase2_completion_evidence,phase2_likely_blockers
ch16-seven-card-hand-total,hand odds,supported,complete_static_supported,deterministic_or_ruleset,none,close_as_already_supported,fixture_only,deterministic_static_fixture,"There are 1,184,040 possible seven-domino hands from a double-six set.",Ledger already has deterministic/ruleset support.,w42/claim_analysis_matrix/claim_analysis_matrix.csv; w42/claim_analysis_matrix/ready_powered_tests.csv; w42/claim_analysis_synthesis/claim_family_synthesis.csv; w42/claim_analysis_synthesis/summary.json; w42/odds_ruleset_claim_validation/validation_summary.json; w42/statistics_claims_ledger/claims.csv,w42/odds_ruleset_claim_validation/validation_summary.json; w42/odds_ruleset_claim_validation/hand_shape_priors.csv; w42/odds_ruleset_claim_validation/double_count_priors.csv; w42/odds_ruleset_claim_validation/four_trump_assignments.csv,wiki/experiments/w42-odds-ruleset-claim-validation.md; wiki/experiments/winning42-ch16-statistical-odds.md,Report-only support does not imply broad policy optimality.,Use as denominator fixture for generated-deal audits.,"Regenerate exact fixture, validate row count/percentages, and keep as report-only support unless a separate policy test exists.",No blocker for fixture use; blocker only applies if promoted into policy advice.
ch16-suit-void-frequency,void frequencies,supported,complete_static_supported,deterministic_or_ruleset,none,close_as_already_supported,fixture_only,deterministic_static_fixture,Seven-card hands have the stated rough suit-coverage and void frequencies.,Ledger already has deterministic/ruleset support.,w42/claim_analysis_matrix/claim_analysis_matrix.csv; w42/claim_analysis_matrix/ready_powered_tests.csv; w42/claim_analysis_synthesis/claim_family_synthesis.csv; w42/claim_analysis_synthesis/summary.json; w42/odds_ruleset_claim_validation/validation_summary.json; w42/statistics_claims_ledger/claims.csv,w42/odds_ruleset_claim_validation/validation_summary.json; w42/odds_ruleset_claim_validation/hand_shape_priors.csv; w42/odds_ruleset_claim_validation/double_count_priors.csv; w42/odds_ruleset_claim_validation/four_trump_assignments.csv,wiki/experiments/w42-odds-ruleset-claim-validation.md; wiki/experiments/winning42-ch16-statistical-odds.md,Report-only support does not imply broad policy optimality.,Add generated-corpus chi-square audit if deal manifests become available.,"Regenerate exact fixture, validate row count/percentages, and keep as report-only support unless a separate policy test exists.",No blocker for fixture use; blocker only applies if promoted into policy advice.
ch16-double-count-frequency,double-count odds,supported,complete_static_supported,deterministic_or_ruleset,none,close_as_already_supported,fixture_only,deterministic_static_fixture,The book's double-count odds match exact enumeration within rounding.,Ledger already has deterministic/ruleset support.,w42/claim_analysis_matrix/claim_analysis_matrix.csv; w42/claim_analysis_matrix/ready_powered_tests.csv; w42/claim_analysis_synthesis/claim_family_synthesis.csv; w42/claim_analysis_synthesis/summary.json; w42/odds_ruleset_claim_validation/validation_summary.json; w42/statistics_claims_ledger/claims.csv,w42/odds_ruleset_claim_validation/validation_summary.json; w42/odds_ruleset_claim_validation/hand_shape_priors.csv; w42/odds_ruleset_claim_validation/double_count_priors.csv; w42/odds_ruleset_claim_validation/four_trump_assignments.csv,wiki/experiments/w42-odds-ruleset-claim-validation.md; wiki/experiments/w42-phase2-statistics-claims-ledger.md,Report-only support does not imply broad policy optimality.,Package as stable odds fixture if w42 promotes reusable odds tables.,"Regenerate exact fixture, validate row count/percentages, and keep as report-only support unless a separate policy test exists.",No blocker for fixture use; blocker only applies if promoted into policy advice.
ch16-modal-two-doubles-one-void,hand odds,supported,complete_static_supported,deterministic_or_ruleset,none,close_as_already_supported,fixture_only,deterministic_static_fixture,The modal joint hand-shape bucket is two doubles and one void suit.,Ledger already has deterministic/ruleset support.,w42/claim_analysis_matrix/claim_analysis_matrix.csv; w42/claim_analysis_matrix/ready_powered_tests.csv; w42/claim_analysis_synthesis/claim_family_synthesis.csv; w42/claim_analysis_synthesis/summary.json; w42/odds_ruleset_claim_validation/validation_summary.json; w42/statistics_claims_ledger/claims.csv,w42/odds_ruleset_claim_validation/validation_summary.json,wiki/experiments/w42-odds-ruleset-claim-validation.md; wiki/experiments/winning42-ch16-statistical-odds.md,Report-only support does not imply broad policy optimality.,Check whether generated corpora reproduce the same modal bucket.,"Regenerate exact fixture, validate row count/percentages, and keep as report-only support unless a separate policy test exists.",No blocker for fixture use; blocker only applies if promoted into policy advice.
ch16-four-trump-missing-second,four-trump odds,supported,complete_static_supported,deterministic_or_ruleset,none,close_as_already_supported,fixture_only,static_substrate_fixture_plus_auction_followup,"With four trumps including the double but missing the second-highest trump, the setter double-up risk is 10 of 27 assignments.",Ledger already has deterministic/ruleset support.,w42/claim_analysis_matrix/claim_analysis_matrix.csv; w42/claim_analysis_matrix/ready_powered_tests.csv; w42/claim_analysis_synthesis/claim_family_synthesis.csv; w42/claim_analysis_synthesis/summary.json; w42/odds_ruleset_claim_validation/validation_summary.json; w42/statistics_claims_ledger/claims.csv,w42/odds_ruleset_claim_validation/validation_summary.json; w42/odds_ruleset_claim_validation/hand_shape_priors.csv; w42/odds_ruleset_claim_validation/double_count_priors.csv; w42/odds_ruleset_claim_validation/four_trump_assignments.csv,wiki/experiments/w42-odds-ruleset-claim-validation.md; wiki/experiments/winning42-ch16-statistical-odds.md,Report-only support does not imply broad policy optimality.,"Run paired boss-first versus low-trump forge rollouts by bid margin, count, and score.","Regenerate exact fixture, validate row count/percentages, and keep as report-only support unless a separate policy test exists.",Real bid margin and auction counterfactuals are missing from current fixed-bid artifacts.
ch16-four-trump-missing-next-two,four-trump odds,supported,complete_static_supported,deterministic_or_ruleset,none,close_as_already_supported,fixture_only,static_substrate_fixture_plus_auction_followup,"With four trumps including the double but missing the next two highest trumps, the setter double-up risk is 14 of 27 assignments.",Ledger already has deterministic/ruleset support.,w42/claim_analysis_matrix/claim_analysis_matrix.csv; w42/claim_analysis_matrix/ready_powered_tests.csv; w42/claim_analysis_synthesis/claim_family_synthesis.csv; w42/claim_analysis_synthesis/summary.json; w42/odds_ruleset_claim_validation/validation_summary.json; w42/statistics_claims_ledger/claims.csv,w42/odds_ruleset_claim_validation/validation_summary.json; w42/odds_ruleset_claim_validation/hand_shape_priors.csv; w42/odds_ruleset_claim_validation/double_count_priors.csv; w42/odds_ruleset_claim_validation/four_trump_assignments.csv,wiki/experiments/w42-odds-ruleset-claim-validation.md; wiki/experiments/winning42-ch16-statistical-odds.md,Report-only support does not imply broad policy optimality.,"Run paired rollouts split by trump-count domino, off protection, bid margin, and score.","Regenerate exact fixture, validate row count/percentages, and keep as report-only support unless a separate policy test exists.",Real bid margin and auction counterfactuals are missing from current fixed-bid artifacts.
ch16-four-trump-boss-first-policy,four-trump tactics,underpowered,active_phase4,generated_partial,t42-br7n.1,keep_open_under_phase4_1,needs_generation,auction_or_bid_margin_data_needed,The exact four-trump odds imply the recommended first lead is strategically optimal.,"Phase 3 sequence tests show called double leads are strong, but blanket called-suit-first is negative.",w42/claim_analysis_matrix/claim_analysis_matrix.csv; w42/claim_analysis_matrix/ready_powered_tests.csv; w42/claim_analysis_synthesis/claim_family_synthesis.csv; w42/claim_analysis_synthesis/summary.json; w42/bid_only_enough_claim_tests/summary.json; w42/bid_only_enough_claim_tests/margin_summary.csv; w42/auction_bid_discipline_claim_tests/summary.json; w42/auction_bid_discipline_claim_tests/bid_margin_summary.csv; w42/auction_bid_discipline_claim_tests/natural_bucket_summary.csv; w42/auction_bid_discipline_claim_tests/partner_signal_summary.csv; w42/auction_bid_discipline_claim_tests/risk_budget_summary.csv; w42/joined_claim_row_model_table/summary.json; w42/joined_claim_row_model_table/ablation_results.csv; w42/joined_claim_row_model_table/family_inventory.csv,w42/odds_ruleset_claim_validation/validation_summary.json; w42/odds_ruleset_claim_validation/hand_shape_priors.csv; w42/odds_ruleset_claim_validation/double_count_priors.csv; w42/odds_ruleset_claim_validation/four_trump_assignments.csv,wiki/experiments/w42-bidding-risk-budget-claim-validation.md; wiki/experiments/winning42-ch16-statistical-odds.md,Needs shape-specific boss-first/low-trump exception tests.,Run forge E[Q] counterfactuals for boss-first versus low-trump lines.,Auction-aware or paired bid-margin dataset with make/set or regret CIs by risk bucket and explicit separation of static hand strength from bid strategy.,Real bid margin and auction counterfactuals are missing from current fixed-bid artifacts.
ch16-partner-two-plus-doubles-prior,partner-help odds,context-limited,phase3_context_limited,generated_partial,needs_new_bidding_count_exposure_bead,add_or_assign_partner_prior_followup,needs_generation,auction_or_bid_margin_data_needed,A random partner hand has a decent chance of containing at least two doubles.,Partner-high context overcall rate was 77/192 (40.104%) in phase 3.,w42/claim_analysis_matrix/claim_analysis_matrix.csv; w42/claim_analysis_matrix/ready_powered_tests.csv; w42/claim_analysis_synthesis/claim_family_synthesis.csv; w42/claim_analysis_synthesis/summary.json; w42/bid_only_enough_claim_tests/summary.json; w42/bid_only_enough_claim_tests/margin_summary.csv; w42/auction_bid_discipline_claim_tests/summary.json; w42/auction_bid_discipline_claim_tests/bid_margin_summary.csv; w42/auction_bid_discipline_claim_tests/natural_bucket_summary.csv; w42/auction_bid_discipline_claim_tests/partner_signal_summary.csv; w42/auction_bid_discipline_claim_tests/risk_budget_summary.csv; w42/joined_claim_row_model_table/summary.json; w42/joined_claim_row_model_table/ablation_results.csv; w42/joined_claim_row_model_table/family_inventory.csv,w42/odds_ruleset_claim_validation/double_count_priors.csv,wiki/experiments/w42-odds-ruleset-claim-validation.md; wiki/experiments/winning42-ch16-statistical-odds.md,"Partner values are offline bidder-hand labels, not observed partner bidding intelligence.",Compute conditional partner-double priors by bidder off count and correlate with make/set or regret.,Auction-aware or paired bid-margin dataset with make/set or regret CIs by risk bucket and explicit separation of static hand strength from bid strategy.,Real bid margin and auction counterfactuals are missing from current fixed-bid artifacts.
ch02-fixed-suit-trump-count-prior,trump counts,supported,complete_static_supported,deterministic_or_ruleset,none,close_as_already_supported,fixture_only,static_substrate_fixture_plus_auction_followup,Fixed pip-trump candidate declarations have a measurable exact trump-count distribution.,Ledger already has deterministic/ruleset support.,w42/claim_analysis_matrix/claim_analysis_matrix.csv; w42/claim_analysis_matrix/ready_powered_tests.csv; w42/claim_analysis_synthesis/claim_family_synthesis.csv; w42/claim_analysis_synthesis/summary.json; w42/odds_ruleset_claim_validation/validation_summary.json; w42/statistics_claims_ledger/claims.csv,w42/bidding_risk_budget_claim_validation/candidate_trump_count_distribution.csv; w42/eighty_four_claim_validation/trump_count_distribution.csv,wiki/experiments/w42-odds-ruleset-claim-validation.md; wiki/experiments/w42-bidding-risk-budget-claim-validation.md,Report-only support does not imply broad policy optimality.,Add max-suit and auction-aware versions if a bidding dataset is promoted.,"Regenerate exact fixture, validate row count/percentages, and keep as report-only support unless a separate policy test exists.",Real bid margin and auction counterfactuals are missing from current fixed-bid artifacts.
ch02-three-plus-trumps-good-start,bidding risk,underpowered,phase3_context_limited,generated_partial,needs_new_bidding_count_exposure_bead,add_or_assign_bid_shape_followup,needs_generation,auction_or_bid_margin_data_needed,Three or more trumps are enough to make a hand a good bidding start.,Phase 3 joined static trump/count buckets to empirical make labels across 384 contract rows.,w42/claim_analysis_matrix/claim_analysis_matrix.csv; w42/claim_analysis_matrix/ready_powered_tests.csv; w42/claim_analysis_synthesis/claim_family_synthesis.csv; w42/claim_analysis_synthesis/summary.json; w42/bid_only_enough_claim_tests/summary.json; w42/bid_only_enough_claim_tests/margin_summary.csv; w42/auction_bid_discipline_claim_tests/summary.json; w42/auction_bid_discipline_claim_tests/bid_margin_summary.csv; w42/auction_bid_discipline_claim_tests/natural_bucket_summary.csv; w42/auction_bid_discipline_claim_tests/partner_signal_summary.csv; w42/auction_bid_discipline_claim_tests/risk_budget_summary.csv; w42/joined_claim_row_model_table/summary.json; w42/joined_claim_row_model_table/ablation_results.csv; w42/joined_claim_row_model_table/family_inventory.csv,w42/bidding_risk_budget_claim_validation/summary.json; w42/bidding_risk_budget_claim_validation/best_candidate_trump_count_distribution.csv,wiki/experiments/w42-bidding-risk-budget-claim-validation.md,Still lacks full auction competition and score-conditioned pass/bid decisions.,Run bidding rollouts or generated auction counterfactuals.,Auction-aware or paired bid-margin dataset with make/set or regret CIs by risk bucket and explicit separation of static hand strength from bid strategy.,Real bid margin and auction counterfactuals are missing from current fixed-bid artifacts.
ch02-risk-budget-threshold,count exposure,underpowered,phase3_context_limited,generated_partial,needs_new_bidding_count_exposure_bead,add_or_assign_risk_budget_followup,needs_generation,auction_or_bid_margin_data_needed,A 12-or-fewer at-risk point total is sufficient to justify bidding.,Static risk buckets showed lower make/profit rates as off/count exposure increased.,w42/claim_analysis_matrix/claim_analysis_matrix.csv; w42/claim_analysis_matrix/ready_powered_tests.csv; w42/claim_analysis_synthesis/claim_family_synthesis.csv; w42/claim_analysis_synthesis/summary.json; w42/bid_only_enough_claim_tests/summary.json; w42/bid_only_enough_claim_tests/margin_summary.csv; w42/auction_bid_discipline_claim_tests/summary.json; w42/auction_bid_discipline_claim_tests/bid_margin_summary.csv; w42/auction_bid_discipline_claim_tests/natural_bucket_summary.csv; w42/auction_bid_discipline_claim_tests/partner_signal_summary.csv; w42/auction_bid_discipline_claim_tests/risk_budget_summary.csv; w42/joined_claim_row_model_table/summary.json; w42/joined_claim_row_model_table/ablation_results.csv; w42/joined_claim_row_model_table/family_inventory.csv,w42/bidding_risk_budget_claim_validation/candidate_risk_bucket_distribution.csv; w42/bidding_risk_budget_claim_validation/best_candidate_risk_points_distribution.csv,wiki/experiments/w42-bidding-risk-budget-claim-validation.md,Risk buckets are coarse; exact bid margins and partner/opponent adaptation remain offline.,Run auction-aware make/set or forge E[Q] bidding counterfactuals.,Auction-aware or paired bid-margin dataset with make/set or regret CIs by risk bucket and explicit separation of static hand strength from bid strategy.,Real bid margin and auction counterfactuals are missing from current fixed-bid artifacts.
ch02-duplicate-count-exposure,count exposure,supported,complete_static_supported,deterministic_or_ruleset,none,close_as_already_supported,fixture_only,static_substrate_fixture_plus_auction_followup,Repeated side exposure can double-count the same count domino unless de-duplicated.,Ledger already has deterministic/ruleset support.,w42/claim_analysis_matrix/claim_analysis_matrix.csv; w42/claim_analysis_matrix/ready_powered_tests.csv; w42/claim_analysis_synthesis/claim_family_synthesis.csv; w42/claim_analysis_synthesis/summary.json; w42/bid_only_enough_claim_tests/summary.json; w42/bid_only_enough_claim_tests/margin_summary.csv; w42/auction_bid_discipline_claim_tests/summary.json; w42/auction_bid_discipline_claim_tests/bid_margin_summary.csv; w42/auction_bid_discipline_claim_tests/natural_bucket_summary.csv; w42/auction_bid_discipline_claim_tests/partner_signal_summary.csv; w42/auction_bid_discipline_claim_tests/risk_budget_summary.csv; w42/joined_claim_row_model_table/summary.json; w42/joined_claim_row_model_table/ablation_results.csv; w42/joined_claim_row_model_table/family_inventory.csv,w42/bidding_risk_budget_claim_validation/summary.json; w42/bidding_risk_budget_claim_validation/duplicate_overcount_points_distribution.csv,wiki/experiments/w42-bidding-risk-budget-claim-validation.md,Report-only support does not imply broad policy optimality.,Keep as a regression fixture for risk-budget detectors.,"Regenerate exact fixture, validate row count/percentages, and keep as report-only support unless a separate policy test exists.",Real bid margin and auction counterfactuals are missing from current fixed-bid artifacts.
ch02-strong-trump-bad-risk-trap,count exposure,context-limited,needs_phase4_or_new_scope,generated_partial,needs_new_bidding_count_exposure_bead,add_or_assign_count_exposure_followup,needs_generation,auction_or_bid_margin_data_needed,Strong-looking trump shape can still exceed the beginner risk budget because of offs.,"Auction/risk artifacts can route this, but no dedicated phase-4 child currently owns Ch02 count-exposure refinements.",w42/claim_analysis_matrix/claim_analysis_matrix.csv; w42/claim_analysis_matrix/ready_powered_tests.csv; w42/claim_analysis_synthesis/claim_family_synthesis.csv; w42/claim_analysis_synthesis/summary.json; w42/bid_only_enough_claim_tests/summary.json; w42/bid_only_enough_claim_tests/margin_summary.csv; w42/auction_bid_discipline_claim_tests/summary.json; w42/auction_bid_discipline_claim_tests/bid_margin_summary.csv; w42/auction_bid_discipline_claim_tests/natural_bucket_summary.csv; w42/auction_bid_discipline_claim_tests/partner_signal_summary.csv; w42/auction_bid_discipline_claim_tests/risk_budget_summary.csv; w42/joined_claim_row_model_table/summary.json; w42/joined_claim_row_model_table/ablation_results.csv; w42/joined_claim_row_model_table/family_inventory.csv,w42/bidding_risk_budget_claim_validation/summary.json; w42/bidding_risk_budget_claim_validation/strong_trump_bad_risk_points_distribution.csv,wiki/experiments/w42-bidding-risk-budget-claim-validation.md,Requires paired hand-shape contrasts where strong trump is separated from off/count liability.,"Split by actual declared suit, auction pressure, and E[Q] outcome.",Auction-aware or paired bid-margin dataset with make/set or regret CIs by risk bucket and explicit separation of static hand strength from bid strategy.,Real bid margin and auction counterfactuals are missing from current fixed-bid artifacts.
ch02-four-five-off-danger,count exposure,context-limited,needs_phase4_or_new_scope,generated_partial,needs_new_bidding_count_exposure_bead,add_or_assign_count_exposure_followup,needs_generation,auction_or_bid_margin_data_needed,Four and five offs create high count-exposure risk.,"Phase 3 has risk buckets, but this exact four/five off danger claim remains a shape-specific blocker.",w42/claim_analysis_matrix/claim_analysis_matrix.csv; w42/claim_analysis_matrix/ready_powered_tests.csv; w42/claim_analysis_synthesis/claim_family_synthesis.csv; w42/claim_analysis_synthesis/summary.json; w42/bid_only_enough_claim_tests/summary.json; w42/bid_only_enough_claim_tests/margin_summary.csv; w42/auction_bid_discipline_claim_tests/summary.json; w42/auction_bid_discipline_claim_tests/bid_margin_summary.csv; w42/auction_bid_discipline_claim_tests/natural_bucket_summary.csv; w42/auction_bid_discipline_claim_tests/partner_signal_summary.csv; w42/auction_bid_discipline_claim_tests/risk_budget_summary.csv; w42/joined_claim_row_model_table/summary.json; w42/joined_claim_row_model_table/ablation_results.csv; w42/joined_claim_row_model_table/family_inventory.csv,w42/bidding_risk_budget_claim_validation/summary.json,wiki/experiments/w42-bidding-risk-budget-claim-validation.md,Needs matched generated hands that isolate off-suit count exposure.,Run paired bidding/play outcomes for high-off exposure buckets.,Auction-aware or paired bid-margin dataset with make/set or regret CIs by risk bucket and explicit separation of static hand strength from bid strategy.,Real bid margin and auction counterfactuals are missing from current fixed-bid artifacts.
ch12-natural-bid-bucket-anomaly,bidding risk,underpowered,phase3_context_limited,generated_partial,needs_new_bidding_count_exposure_bead,add_or_assign_bid_bucket_followup,needs_generation,auction_or_bid_margin_data_needed,Natural bid buckets such as 30/31/35/36 can be validated from static exposed-count ceilings.,Natural max-profitable bid buckets appeared in 68/384 contracts (17.708%).,w42/claim_analysis_matrix/claim_analysis_matrix.csv; w42/claim_analysis_matrix/ready_powered_tests.csv; w42/claim_analysis_synthesis/claim_family_synthesis.csv; w42/claim_analysis_synthesis/summary.json; w42/bid_only_enough_claim_tests/summary.json; w42/bid_only_enough_claim_tests/margin_summary.csv; w42/auction_bid_discipline_claim_tests/summary.json; w42/auction_bid_discipline_claim_tests/bid_margin_summary.csv; w42/auction_bid_discipline_claim_tests/natural_bucket_summary.csv; w42/auction_bid_discipline_claim_tests/partner_signal_summary.csv; w42/auction_bid_discipline_claim_tests/risk_budget_summary.csv; w42/joined_claim_row_model_table/summary.json; w42/joined_claim_row_model_table/ablation_results.csv; w42/joined_claim_row_model_table/family_inventory.csv,w42/bidding_risk_budget_claim_validation/bid_ceiling_proxy_distribution.csv,wiki/experiments/w42-bidding-risk-budget-claim-validation.md,"The corpus measures max-profitable thresholds, not cultural/natural bid selection under live opponents.",Use generated auction logs or paired bidding rollouts.,Auction-aware or paired bid-margin dataset with make/set or regret CIs by risk bucket and explicit separation of static hand strength from bid strategy.,Real bid margin and auction counterfactuals are missing from current fixed-bid artifacts.
ch02-double-side-protection,count exposure,context-limited,needs_phase4_or_new_scope,generated_partial,needs_new_bidding_count_exposure_bead,add_or_assign_count_exposure_followup,needs_generation,auction_or_bid_margin_data_needed,"A double ahead of an off reduces risk, but only for the protected side of the off.",No direct paired double-side protection contrast exists yet.,w42/claim_analysis_matrix/claim_analysis_matrix.csv; w42/claim_analysis_matrix/ready_powered_tests.csv; w42/claim_analysis_synthesis/claim_family_synthesis.csv; w42/claim_analysis_synthesis/summary.json; w42/bid_only_enough_claim_tests/summary.json; w42/bid_only_enough_claim_tests/margin_summary.csv; w42/auction_bid_discipline_claim_tests/summary.json; w42/auction_bid_discipline_claim_tests/bid_margin_summary.csv; w42/auction_bid_discipline_claim_tests/natural_bucket_summary.csv; w42/auction_bid_discipline_claim_tests/partner_signal_summary.csv; w42/auction_bid_discipline_claim_tests/risk_budget_summary.csv; w42/joined_claim_row_model_table/summary.json; w42/joined_claim_row_model_table/ablation_results.csv; w42/joined_claim_row_model_table/family_inventory.csv,w42/bidding_risk_budget_claim_validation/summary.json,wiki/experiments/w42-bidding-risk-budget-claim-validation.md,Needs generated shape pairs or exact enumeration joined to make/set labels.,Add action-sequence and follow-pressure labels.,Auction-aware or paired bid-margin dataset with make/set or regret CIs by risk bucket and explicit separation of static hand strength from bid strategy.,Real bid margin and auction counterfactuals are missing from current fixed-bid artifacts.
ch02-bid-only-enough,bidding risk,supported,review_for_ledger_update,generated_direct,ledger_reconciliation,review_status_move_to_supported_or_context_limited,needs_generation,auction_or_bid_margin_data_needed,A bidder should bid only enough to win because excess bid amount only increases set risk.,Phase 3 found 0/14976 positive-margin rows where bidding above minimum improved over the minimum bid.,w42/claim_analysis_matrix/claim_analysis_matrix.csv; w42/claim_analysis_matrix/ready_powered_tests.csv; w42/claim_analysis_synthesis/claim_family_synthesis.csv; w42/claim_analysis_synthesis/summary.json; w42/bid_only_enough_claim_tests/summary.json; w42/bid_only_enough_claim_tests/margin_summary.csv; w42/auction_bid_discipline_claim_tests/summary.json; w42/auction_bid_discipline_claim_tests/bid_margin_summary.csv; w42/auction_bid_discipline_claim_tests/natural_bucket_summary.csv; w42/auction_bid_discipline_claim_tests/partner_signal_summary.csv; w42/auction_bid_discipline_claim_tests/risk_budget_summary.csv; w42/joined_claim_row_model_table/summary.json; w42/joined_claim_row_model_table/ablation_results.csv; w42/joined_claim_row_model_table/family_inventory.csv,not applicable,wiki/experiments/w42-bidding-risk-budget-claim-validation.md,Auction contexts are synthetic and use bidder-hand Monte Carlo labels rather than a full table auction policy.,Generate auction logs or paired bid-margin E[Q] rollouts.,Auction-aware or paired bid-margin dataset with make/set or regret CIs by risk bucket and explicit separation of static hand strength from bid strategy.,Real bid margin and auction counterfactuals are missing from current fixed-bid artifacts.
ch09-doubles-trump-doubles-leave-native-suits,doubles/no-trump rules,supported,complete_static_supported,deterministic_or_ruleset,none,close_as_already_supported,fixture_only,deterministic_ruleset_fixture,Under doubles-as-trump all doubles are called suit and non-doubles are not.,Ledger already has deterministic/ruleset support.,w42/claim_analysis_matrix/claim_analysis_matrix.csv; w42/claim_analysis_matrix/ready_powered_tests.csv; w42/claim_analysis_synthesis/claim_family_synthesis.csv; w42/claim_analysis_synthesis/summary.json; w42/doubles_no_trump_claim_validation/summary.json; w42/doubles_no_trump_claim_validation/claim_ledger_delta.json; w42/doubles_no_trump_legacy_mining/summary.json; w42/joined_claim_row_model_table/summary.json; w42/joined_claim_row_model_table/ablation_results.csv; w42/joined_claim_row_model_table/family_inventory.csv,w42/doubles_no_trump_claim_validation/ruleset_regime_checks.csv; w42/doubles_no_trump_claim_validation/summary.json,wiki/experiments/w42-doubles-no-trump-claim-validation.md,Report-only support does not imply broad policy optimality.,Keep as a regression fixture and add paired declaration rollouts for strategy choices.,"Regenerate exact fixture, validate row count/percentages, and keep as report-only support unless a separate policy test exists.",No blocker for fixture use; blocker only applies if promoted into policy advice.
ch09-doubles-trump-follow-suit-removal,doubles/no-trump rules,supported,complete_static_supported,deterministic_or_ruleset,none,close_as_already_supported,fixture_only,deterministic_ruleset_fixture,A native double cannot follow its old pip suit after doubles are trump.,Ledger already has deterministic/ruleset support.,w42/claim_analysis_matrix/claim_analysis_matrix.csv; w42/claim_analysis_matrix/ready_powered_tests.csv; w42/claim_analysis_synthesis/claim_family_synthesis.csv; w42/claim_analysis_synthesis/summary.json; w42/doubles_no_trump_claim_validation/summary.json; w42/doubles_no_trump_claim_validation/claim_ledger_delta.json; w42/doubles_no_trump_legacy_mining/summary.json; w42/joined_claim_row_model_table/summary.json; w42/joined_claim_row_model_table/ablation_results.csv; w42/joined_claim_row_model_table/family_inventory.csv,w42/doubles_no_trump_claim_validation/ruleset_regime_checks.csv; w42/doubles_no_trump_claim_validation/summary.json,wiki/experiments/w42-doubles-no-trump-claim-validation.md,Report-only support does not imply broad policy optimality.,Keep as a regression fixture and add paired declaration rollouts for strategy choices.,"Regenerate exact fixture, validate row count/percentages, and keep as report-only support unless a separate policy test exists.",No blocker for fixture use; blocker only applies if promoted into policy advice.
ch09-no-trump-doubles-remain-native-tops,doubles/no-trump rules,supported,complete_static_supported,deterministic_or_ruleset,none,close_as_already_supported,fixture_only,deterministic_ruleset_fixture,"Under no-trump, doubles remain in native suits and outrank non-doubles in that suit.",Ledger already has deterministic/ruleset support.,w42/claim_analysis_matrix/claim_analysis_matrix.csv; w42/claim_analysis_matrix/ready_powered_tests.csv; w42/claim_analysis_synthesis/claim_family_synthesis.csv; w42/claim_analysis_synthesis/summary.json; w42/doubles_no_trump_claim_validation/summary.json; w42/doubles_no_trump_claim_validation/claim_ledger_delta.json; w42/doubles_no_trump_legacy_mining/summary.json; w42/joined_claim_row_model_table/summary.json; w42/joined_claim_row_model_table/ablation_results.csv; w42/joined_claim_row_model_table/family_inventory.csv,w42/doubles_no_trump_claim_validation/ruleset_regime_checks.csv; w42/doubles_no_trump_claim_validation/summary.json,wiki/experiments/w42-doubles-no-trump-claim-validation.md,Report-only support does not imply broad policy optimality.,Keep as a regression fixture and add paired declaration rollouts for strategy choices.,"Regenerate exact fixture, validate row count/percentages, and keep as report-only support unless a separate policy test exists.",No blocker for fixture use; blocker only applies if promoted into policy advice.
ch09-dual-suit-top-protection,doubles/no-trump rules,supported,complete_static_supported,deterministic_or_ruleset,none,close_as_already_supported,fixture_only,deterministic_ruleset_fixture,Some non-doubles become top tiles in both native suits once doubles leave native suits.,Ledger already has deterministic/ruleset support.,w42/claim_analysis_matrix/claim_analysis_matrix.csv; w42/claim_analysis_matrix/ready_powered_tests.csv; w42/claim_analysis_synthesis/claim_family_synthesis.csv; w42/claim_analysis_synthesis/summary.json; w42/doubles_no_trump_claim_validation/summary.json; w42/doubles_no_trump_claim_validation/claim_ledger_delta.json; w42/doubles_no_trump_legacy_mining/summary.json; w42/joined_claim_row_model_table/summary.json; w42/joined_claim_row_model_table/ablation_results.csv; w42/joined_claim_row_model_table/family_inventory.csv,w42/doubles_no_trump_claim_validation/ruleset_regime_checks.csv; w42/doubles_no_trump_claim_validation/summary.json,wiki/experiments/w42-doubles-no-trump-claim-validation.md,Report-only support does not imply broad policy optimality.,Keep as a regression fixture and add paired declaration rollouts for strategy choices.,"Regenerate exact fixture, validate row count/percentages, and keep as report-only support unless a separate policy test exists.",No blocker for fixture use; blocker only applies if promoted into policy advice.
ch09-no-trump-separate-doubles-suit-variant,doubles/no-trump rules,supported,complete_static_supported,deterministic_or_ruleset,none,close_as_already_supported,fixture_only,deterministic_ruleset_fixture,"No-trump with doubles as a separate suit is a non-standard variant gate, not standard no-trump.",Ledger already has deterministic/ruleset support.,w42/claim_analysis_matrix/claim_analysis_matrix.csv; w42/claim_analysis_matrix/ready_powered_tests.csv; w42/claim_analysis_synthesis/claim_family_synthesis.csv; w42/claim_analysis_synthesis/summary.json; w42/doubles_no_trump_claim_validation/summary.json; w42/doubles_no_trump_claim_validation/claim_ledger_delta.json; w42/doubles_no_trump_legacy_mining/summary.json; w42/joined_claim_row_model_table/summary.json; w42/joined_claim_row_model_table/ablation_results.csv; w42/joined_claim_row_model_table/family_inventory.csv,w42/doubles_no_trump_claim_validation/ruleset_regime_checks.csv; w42/doubles_no_trump_claim_validation/summary.json,wiki/experiments/w42-doubles-no-trump-claim-validation.md,Report-only support does not imply broad policy optimality.,Keep as a regression fixture and add paired declaration rollouts for strategy choices.,"Regenerate exact fixture, validate row count/percentages, and keep as report-only support unless a separate policy test exists.",No blocker for fixture use; blocker only applies if promoted into policy advice.
ch09-doubles-trump-candidate-4plus,doubles/no-trump odds,context-limited,active_phase4,needs_generated_or_dynamic_evidence,t42-br7n.5,keep_open_under_phase4_5,needs_regime_generation,static_regime_substrate_needs_paired_regime_rollout,Four-plus doubles are a measurable candidate gate for doubles-as-trump hands.,Route to t42-br7n.5: doubles/no-trump paired-regime tests.,w42/claim_analysis_matrix/claim_analysis_matrix.csv; w42/claim_analysis_matrix/ready_powered_tests.csv; w42/claim_analysis_synthesis/claim_family_synthesis.csv; w42/claim_analysis_synthesis/summary.json; w42/doubles_no_trump_claim_validation/summary.json; w42/doubles_no_trump_claim_validation/claim_ledger_delta.json; w42/doubles_no_trump_legacy_mining/summary.json; w42/joined_claim_row_model_table/summary.json; w42/joined_claim_row_model_table/ablation_results.csv; w42/joined_claim_row_model_table/family_inventory.csv,w42/doubles_no_trump_claim_validation/hand_regime_proxy_slices.csv; w42/doubles_no_trump_claim_validation/summary.json,wiki/experiments/w42-doubles-no-trump-claim-validation.md,No central ledger promotion without the owning phase-4 artifact.,Run paired doubles-trump versus no-trump rollouts.,Paired doubles-trump/no-trump declaration or play rollouts with regime-specific slices and legal-rule fixtures unchanged.,"Ruleset facts exist, but declaration choice and tactical play need paired regime rollouts."
ch09-no-trump-support-proxy,doubles/no-trump odds,underpowered,active_phase4,needs_generated_or_dynamic_evidence,t42-br7n.5,keep_open_under_phase4_5,needs_regime_generation,static_regime_substrate_needs_paired_regime_rollout,No-trump support can be approximated by static double/off support buckets.,Route to t42-br7n.5: doubles/no-trump paired-regime tests.,w42/claim_analysis_matrix/claim_analysis_matrix.csv; w42/claim_analysis_matrix/ready_powered_tests.csv; w42/claim_analysis_synthesis/claim_family_synthesis.csv; w42/claim_analysis_synthesis/summary.json; w42/doubles_no_trump_claim_validation/summary.json; w42/doubles_no_trump_claim_validation/claim_ledger_delta.json; w42/doubles_no_trump_legacy_mining/summary.json; w42/joined_claim_row_model_table/summary.json; w42/joined_claim_row_model_table/ablation_results.csv; w42/joined_claim_row_model_table/family_inventory.csv,w42/doubles_no_trump_claim_validation/hand_regime_proxy_slices.csv; w42/doubles_no_trump_claim_validation/summary.json,wiki/experiments/w42-doubles-no-trump-claim-validation.md,No central ledger promotion without the owning phase-4 artifact.,Run paired doubles-trump versus no-trump rollouts.,Paired doubles-trump/no-trump declaration or play rollouts with regime-specific slices and legal-rule fixtures unchanged.,"Ruleset facts exist, but declaration choice and tactical play need paired regime rollouts."
ch09-regime-switch-proxy-nt-over-dt,doubles/no-trump odds,underpowered,active_phase4,needs_generated_or_dynamic_evidence,t42-br7n.5,keep_open_under_phase4_5,needs_regime_generation,static_regime_substrate_needs_paired_regime_rollout,Some four-plus-double hands are plausible no-trump-over-doubles-trump switch candidates.,Route to t42-br7n.5: doubles/no-trump paired-regime tests.,w42/claim_analysis_matrix/claim_analysis_matrix.csv; w42/claim_analysis_matrix/ready_powered_tests.csv; w42/claim_analysis_synthesis/claim_family_synthesis.csv; w42/claim_analysis_synthesis/summary.json; w42/doubles_no_trump_claim_validation/summary.json; w42/doubles_no_trump_claim_validation/claim_ledger_delta.json; w42/doubles_no_trump_legacy_mining/summary.json; w42/joined_claim_row_model_table/summary.json; w42/joined_claim_row_model_table/ablation_results.csv; w42/joined_claim_row_model_table/family_inventory.csv,w42/doubles_no_trump_claim_validation/hand_regime_proxy_slices.csv; w42/doubles_no_trump_claim_validation/summary.json,wiki/experiments/w42-doubles-no-trump-claim-validation.md,No central ledger promotion without the owning phase-4 artifact.,Run paired doubles-trump versus no-trump rollouts.,Paired doubles-trump/no-trump declaration or play rollouts with regime-specific slices and legal-rule fixtures unchanged.,"Ruleset facts exist, but declaration choice and tactical play need paired regime rollouts."
ch09-five-doubles-opponent-void-prior,doubles/no-trump odds,supported,complete_static_supported,deterministic_or_ruleset,none,close_as_already_supported,needs_regime_generation,static_regime_substrate_needs_paired_regime_rollout,"With five doubles as trumps and only two missing doubles, it is roughly 80% likely that at least one opponent cannot follow doubles.",Ledger already has deterministic/ruleset support.,w42/claim_analysis_matrix/claim_analysis_matrix.csv; w42/claim_analysis_matrix/ready_powered_tests.csv; w42/claim_analysis_synthesis/claim_family_synthesis.csv; w42/claim_analysis_synthesis/summary.json; w42/doubles_no_trump_claim_validation/summary.json; w42/doubles_no_trump_claim_validation/claim_ledger_delta.json; w42/doubles_no_trump_legacy_mining/summary.json; w42/joined_claim_row_model_table/summary.json; w42/joined_claim_row_model_table/ablation_results.csv; w42/joined_claim_row_model_table/family_inventory.csv,w42/statistics_claims_ledger/build_statistics_claims_ledger.py,wiki/experiments/w42-doubles-no-trump-claim-validation.md,Report-only support does not imply broad policy optimality.,Add paired declaration/play rollouts for the sample hand class.,Paired doubles-trump/no-trump declaration or play rollouts with regime-specific slices and legal-rule fixtures unchanged.,"Ruleset facts exist, but declaration choice and tactical play need paired regime rollouts."
ch10-score-mode-objective,scoring objective,supported,complete_static_supported,deterministic_or_ruleset,none,close_as_already_supported,fixture_only,deterministic_objective_fixture,Marks change the scoring objective from captured hand points to hand-level make/set marks.,Ledger already has deterministic/ruleset support.,w42/claim_analysis_matrix/claim_analysis_matrix.csv; w42/claim_analysis_matrix/ready_powered_tests.csv; w42/claim_analysis_synthesis/claim_family_synthesis.csv; w42/claim_analysis_synthesis/summary.json; w42/scoring_objective_drift_claim_validation/summary.json; w42/scoring_objective_drift_claim_validation/claim_ledger_delta.json,w42/scoring_objective_drift_claim_validation/summary.json; w42/scoring_objective_drift_claim_validation/terminal_objective_transform.csv; w42/scoring_objective_drift_claim_validation/objective_thresholds.csv,wiki/experiments/w42-scoring-objective-drift-claim-validation.md,Report-only support does not imply broad policy optimality.,"Use policy-population or tournament simulation for claims about skill, speed, or advancement.","Regenerate exact fixture, validate row count/percentages, and keep as report-only support unless a separate policy test exists.",No blocker for fixture use; blocker only applies if promoted into policy advice.
ch10-early-terminal-under-marks,scoring objective,supported,complete_static_supported,deterministic_or_ruleset,none,close_as_already_supported,fixture_only,deterministic_objective_fixture,Marks create early terminal states once an ordinary contract is already made or impossible.,Ledger already has deterministic/ruleset support.,w42/claim_analysis_matrix/claim_analysis_matrix.csv; w42/claim_analysis_matrix/ready_powered_tests.csv; w42/claim_analysis_synthesis/claim_family_synthesis.csv; w42/claim_analysis_synthesis/summary.json; w42/scoring_objective_drift_claim_validation/summary.json; w42/scoring_objective_drift_claim_validation/claim_ledger_delta.json,w42/scoring_objective_drift_claim_validation/summary.json; w42/scoring_objective_drift_claim_validation/terminal_objective_transform.csv; w42/scoring_objective_drift_claim_validation/objective_thresholds.csv,wiki/experiments/w42-scoring-objective-drift-claim-validation.md,Report-only support does not imply broad policy optimality.,"Use policy-population or tournament simulation for claims about skill, speed, or advancement.","Regenerate exact fixture, validate row count/percentages, and keep as report-only support unless a separate policy test exists.",No blocker for fixture use; blocker only applies if promoted into policy advice.
ch10-nonbidder-partial-points-erased,scoring objective,supported,complete_static_supported,deterministic_or_ruleset,none,close_as_already_supported,fixture_only,deterministic_objective_fixture,Marks erase defender partial-point rewards when the bidder makes an ordinary contract.,Ledger already has deterministic/ruleset support.,w42/claim_analysis_matrix/claim_analysis_matrix.csv; w42/claim_analysis_matrix/ready_powered_tests.csv; w42/claim_analysis_synthesis/claim_family_synthesis.csv; w42/claim_analysis_synthesis/summary.json; w42/scoring_objective_drift_claim_validation/summary.json; w42/scoring_objective_drift_claim_validation/claim_ledger_delta.json,w42/scoring_objective_drift_claim_validation/summary.json; w42/scoring_objective_drift_claim_validation/terminal_objective_transform.csv; w42/scoring_objective_drift_claim_validation/objective_thresholds.csv,wiki/experiments/w42-scoring-objective-drift-claim-validation.md,Report-only support does not imply broad policy optimality.,"Use policy-population or tournament simulation for claims about skill, speed, or advancement.","Regenerate exact fixture, validate row count/percentages, and keep as report-only support unless a separate policy test exists.",No blocker for fixture use; blocker only applies if promoted into policy advice.
ch10-set-severity-compression,scoring objective,supported,complete_static_supported,deterministic_or_ruleset,none,close_as_already_supported,fixture_only,deterministic_objective_fixture,Ordinary mark scoring compresses many point-set severities into the same one-mark result.,Ledger already has deterministic/ruleset support.,w42/claim_analysis_matrix/claim_analysis_matrix.csv; w42/claim_analysis_matrix/ready_powered_tests.csv; w42/claim_analysis_synthesis/claim_family_synthesis.csv; w42/claim_analysis_synthesis/summary.json; w42/scoring_objective_drift_claim_validation/summary.json; w42/scoring_objective_drift_claim_validation/claim_ledger_delta.json,w42/scoring_objective_drift_claim_validation/summary.json; w42/scoring_objective_drift_claim_validation/terminal_objective_transform.csv; w42/scoring_objective_drift_claim_validation/objective_thresholds.csv,wiki/experiments/w42-scoring-objective-drift-claim-validation.md,Report-only support does not imply broad policy optimality.,"Use policy-population or tournament simulation for claims about skill, speed, or advancement.","Regenerate exact fixture, validate row count/percentages, and keep as report-only support unless a separate policy test exists.",No blocker for fixture use; blocker only applies if promoted into policy advice.
ch10-special-bid-mark-multiplier,scoring objective,supported,complete_static_supported,deterministic_or_ruleset,none,close_as_already_supported,fixture_only,deterministic_objective_fixture,84/126/168 scale to two/three/four marks while ordinary bids collapse to one mark.,Ledger already has deterministic/ruleset support.,w42/claim_analysis_matrix/claim_analysis_matrix.csv; w42/claim_analysis_matrix/ready_powered_tests.csv; w42/claim_analysis_synthesis/claim_family_synthesis.csv; w42/claim_analysis_synthesis/summary.json; w42/scoring_objective_drift_claim_validation/summary.json; w42/scoring_objective_drift_claim_validation/claim_ledger_delta.json,w42/scoring_objective_drift_claim_validation/summary.json; w42/scoring_objective_drift_claim_validation/terminal_objective_transform.csv; w42/scoring_objective_drift_claim_validation/objective_thresholds.csv,wiki/experiments/w42-scoring-objective-drift-claim-validation.md,Report-only support does not imply broad policy optimality.,"Use policy-population or tournament simulation for claims about skill, speed, or advancement.","Regenerate exact fixture, validate row count/percentages, and keep as report-only support unless a separate policy test exists.",No blocker for fixture use; blocker only applies if promoted into policy advice.
ch10-low-bid-score-distortion,scoring objective,supported,complete_static_supported,deterministic_or_ruleset,none,close_as_already_supported,fixture_only,deterministic_objective_fixture,Low ordinary bids can create mark-score leads that overstate point-score separation.,Ledger already has deterministic/ruleset support.,w42/claim_analysis_matrix/claim_analysis_matrix.csv; w42/claim_analysis_matrix/ready_powered_tests.csv; w42/claim_analysis_synthesis/claim_family_synthesis.csv; w42/claim_analysis_synthesis/summary.json; w42/scoring_objective_drift_claim_validation/summary.json; w42/scoring_objective_drift_claim_validation/claim_ledger_delta.json,w42/scoring_objective_drift_claim_validation/summary.json; w42/scoring_objective_drift_claim_validation/terminal_objective_transform.csv; w42/scoring_objective_drift_claim_validation/objective_thresholds.csv,wiki/experiments/w42-scoring-objective-drift-claim-validation.md,Report-only support does not imply broad policy optimality.,"Use policy-population or tournament simulation for claims about skill, speed, or advancement.","Regenerate exact fixture, validate row count/percentages, and keep as report-only support unless a separate policy test exists.",No blocker for fixture use; blocker only applies if promoted into policy advice.
ch10-point-system-skill-signal,scoring objective,context-limited,active_phase4,needs_generated_or_dynamic_evidence,t42-br7n.3,keep_open_under_phase4_3,needs_simulation_design,policy_population_simulation_needed,Point scoring is a richer skill signal than marks.,Route to t42-br7n.3: scoring objective and tournament tests.,w42/claim_analysis_matrix/claim_analysis_matrix.csv; w42/claim_analysis_matrix/ready_powered_tests.csv; w42/claim_analysis_synthesis/claim_family_synthesis.csv; w42/claim_analysis_synthesis/summary.json; w42/scoring_objective_drift_claim_validation/summary.json; w42/scoring_objective_drift_claim_validation/claim_ledger_delta.json,w42/scoring_objective_drift_claim_validation/summary.json; w42/scoring_objective_drift_claim_validation/terminal_objective_transform.csv; w42/scoring_objective_drift_claim_validation/objective_thresholds.csv,wiki/experiments/w42-scoring-objective-drift-claim-validation.md,No central ledger promotion without the owning phase-4 artifact.,"Use policy-population or tournament simulation for claims about skill, speed, or advancement.",Tournament or match simulation showing skill/speed/advancement deltas with policy-population and schedule assumptions.,Objective transforms are deterministic; claims about skill/speed/advancement need policy-population tournament data.
ch10-tournament-speed-tradeoff,scoring objective,context-limited,active_phase4,needs_generated_or_dynamic_evidence,t42-br7n.3,keep_open_under_phase4_3,needs_simulation_design,policy_population_simulation_needed,Marks speed tournaments through early termination and shorter matches.,Route to t42-br7n.3: scoring objective and tournament tests.,w42/claim_analysis_matrix/claim_analysis_matrix.csv; w42/claim_analysis_matrix/ready_powered_tests.csv; w42/claim_analysis_synthesis/claim_family_synthesis.csv; w42/claim_analysis_synthesis/summary.json; w42/scoring_objective_drift_claim_validation/summary.json; w42/scoring_objective_drift_claim_validation/claim_ledger_delta.json,w42/scoring_objective_drift_claim_validation/summary.json; w42/scoring_objective_drift_claim_validation/terminal_objective_transform.csv; w42/scoring_objective_drift_claim_validation/objective_thresholds.csv,wiki/experiments/w42-scoring-objective-drift-claim-validation.md,No central ledger promotion without the owning phase-4 artifact.,"Use policy-population or tournament simulation for claims about skill, speed, or advancement.",Tournament or match simulation showing skill/speed/advancement deltas with policy-population and schedule assumptions.,Objective transforms are deterministic; claims about skill/speed/advancement need policy-population tournament data.
ch10-timed-marks-advancement-objective,scoring objective,context-limited,active_phase4,needs_generated_or_dynamic_evidence,t42-br7n.3,keep_open_under_phase4_3,needs_simulation_design,policy_population_simulation_needed,Timed competitions can make advancement probability the real objective.,Route to t42-br7n.3: scoring objective and tournament tests.,w42/claim_analysis_matrix/claim_analysis_matrix.csv; w42/claim_analysis_matrix/ready_powered_tests.csv; w42/claim_analysis_synthesis/claim_family_synthesis.csv; w42/claim_analysis_synthesis/summary.json; w42/scoring_objective_drift_claim_validation/summary.json; w42/scoring_objective_drift_claim_validation/claim_ledger_delta.json,w42/scoring_objective_drift_claim_validation/summary.json; w42/scoring_objective_drift_claim_validation/terminal_objective_transform.csv; w42/scoring_objective_drift_claim_validation/objective_thresholds.csv,wiki/experiments/w42-scoring-objective-drift-claim-validation.md,No central ledger promotion without the owning phase-4 artifact.,"Use policy-population or tournament simulation for claims about skill, speed, or advancement.",Tournament or match simulation showing skill/speed/advancement deltas with policy-population and schedule assumptions.,Objective transforms are deterministic; claims about skill/speed/advancement need policy-population tournament data.
ch07-84-contract-regime,84 bidder/defender,context-limited,active_phase4,needs_generated_or_dynamic_evidence,t42-br7n.2,keep_open_under_phase4_2,needs_84_generation,static_84_substrate_needs_dynamic_rollout,84 is an all-seven-tricks contract with special scoring semantics.,Route to t42-br7n.2: 84 dynamic mined-seed action tests.,w42/claim_analysis_matrix/claim_analysis_matrix.csv; w42/claim_analysis_matrix/ready_powered_tests.csv; w42/claim_analysis_synthesis/claim_family_synthesis.csv; w42/claim_analysis_synthesis/summary.json; w42/eighty_four_seed_mining/summary.json; w42/eighty_four_seed_mining/surface_summary.csv; w42/eighty_four_claim_validation/summary.json; w42/eighty_four_claim_validation/claim_ledger_delta.json; w42/joined_claim_row_model_table/summary.json; w42/joined_claim_row_model_table/ablation_results.csv; w42/joined_claim_row_model_table/family_inventory.csv,w42/eighty_four_claim_validation/claim_summary.csv; w42/eighty_four_claim_validation/summary.json,wiki/experiments/w42-84-claim-validation.md; wiki/experiments/w42-phase2-84-weapon-preservation-probe.md,No central ledger promotion without the owning phase-4 artifact.,Use 84-specific generated states and paired last-trick tests.,"84-specific paired preserve/break/abandon tests with stopper survival labels, hidden-holder diagnostics, public-evidence examples, and CIs.",Needs 84-specific dynamic states; static ownership/asset counts do not prove preservation or abandonment timing.
ch07-protected-one-off-84-shape,84 bidder/defender,underpowered,active_phase4,needs_generated_or_dynamic_evidence,t42-br7n.2,keep_open_under_phase4_2,needs_84_generation,static_84_substrate_needs_dynamic_rollout,Protected one-off 84 shapes are strong enough to justify the 84 bidding advice.,Route to t42-br7n.2: 84 dynamic mined-seed action tests.,w42/claim_analysis_matrix/claim_analysis_matrix.csv; w42/claim_analysis_matrix/ready_powered_tests.csv; w42/claim_analysis_synthesis/claim_family_synthesis.csv; w42/claim_analysis_synthesis/summary.json; w42/eighty_four_seed_mining/summary.json; w42/eighty_four_seed_mining/surface_summary.csv; w42/eighty_four_claim_validation/summary.json; w42/eighty_four_claim_validation/claim_ledger_delta.json; w42/joined_claim_row_model_table/summary.json; w42/joined_claim_row_model_table/ablation_results.csv; w42/joined_claim_row_model_table/family_inventory.csv,w42/eighty_four_claim_validation/claim_summary.csv; w42/eighty_four_claim_validation/summary.json,wiki/experiments/w42-84-claim-validation.md; wiki/experiments/w42-phase2-84-weapon-preservation-probe.md,No central ledger promotion without the owning phase-4 artifact.,Use 84-specific generated states and paired last-trick tests.,"84-specific paired preserve/break/abandon tests with stopper survival labels, hidden-holder diagnostics, public-evidence examples, and CIs.",Needs 84-specific dynamic states; static ownership/asset counts do not prove preservation or abandonment timing.
ch07-straight-off-two-to-one-double,84 bidder/defender,context-limited,active_phase4,needs_generated_or_dynamic_evidence,t42-br7n.2,keep_open_under_phase4_2,needs_84_generation,static_84_substrate_needs_dynamic_rollout,A straight-off 84 is exposed to a two-to-one missing-double ownership prior.,Route to t42-br7n.2: 84 dynamic mined-seed action tests.,w42/claim_analysis_matrix/claim_analysis_matrix.csv; w42/claim_analysis_matrix/ready_powered_tests.csv; w42/claim_analysis_synthesis/claim_family_synthesis.csv; w42/claim_analysis_synthesis/summary.json; w42/eighty_four_seed_mining/summary.json; w42/eighty_four_seed_mining/surface_summary.csv; w42/eighty_four_claim_validation/summary.json; w42/eighty_four_claim_validation/claim_ledger_delta.json; w42/joined_claim_row_model_table/summary.json; w42/joined_claim_row_model_table/ablation_results.csv; w42/joined_claim_row_model_table/family_inventory.csv,w42/eighty_four_claim_validation/claim_summary.csv; w42/eighty_four_claim_validation/summary.json,wiki/experiments/w42-84-claim-validation.md; wiki/experiments/w42-phase2-84-weapon-preservation-probe.md,No central ledger promotion without the owning phase-4 artifact.,Use 84-specific generated states and paired last-trick tests.,"84-specific paired preserve/break/abandon tests with stopper survival labels, hidden-holder diagnostics, public-evidence examples, and CIs.",Needs 84-specific dynamic states; static ownership/asset counts do not prove preservation or abandonment timing.
ch07-score-42-vs-84-gate,84 bidder/defender,not-yet-tested,active_phase4,needs_generated_or_dynamic_evidence,t42-br7n.2,keep_open_under_phase4_2,needs_84_generation,static_84_substrate_needs_dynamic_rollout,"Near 250 points, the decision between bidding 42 and 84 should be score-gated.",Route to t42-br7n.2: 84 dynamic mined-seed action tests.,w42/claim_analysis_matrix/claim_analysis_matrix.csv; w42/claim_analysis_matrix/ready_powered_tests.csv; w42/claim_analysis_synthesis/claim_family_synthesis.csv; w42/claim_analysis_synthesis/summary.json; w42/eighty_four_seed_mining/summary.json; w42/eighty_four_seed_mining/surface_summary.csv; w42/eighty_four_claim_validation/summary.json; w42/eighty_four_claim_validation/claim_ledger_delta.json; w42/joined_claim_row_model_table/summary.json; w42/joined_claim_row_model_table/ablation_results.csv; w42/joined_claim_row_model_table/family_inventory.csv,w42/eighty_four_claim_validation/claim_summary.csv; w42/eighty_four_claim_validation/summary.json,wiki/experiments/w42-84-claim-validation.md; wiki/experiments/w42-phase2-84-weapon-preservation-probe.md,No central ledger promotion without the owning phase-4 artifact.,Use 84-specific generated states and paired last-trick tests.,"84-specific paired preserve/break/abandon tests with stopper survival labels, hidden-holder diagnostics, public-evidence examples, and CIs.",Needs 84-specific dynamic states; static ownership/asset counts do not prove preservation or abandonment timing.
ch08-one-to-four-last-trick-weapons,84 bidder/defender,context-limited,active_phase4,needs_generated_or_dynamic_evidence,t42-br7n.2,keep_open_under_phase4_2,needs_84_generation,static_84_substrate_needs_dynamic_rollout,Each opponent usually starts an 84 defense with one to four possible last-trick weapons.,Route to t42-br7n.2: 84 dynamic mined-seed action tests.,w42/claim_analysis_matrix/claim_analysis_matrix.csv; w42/claim_analysis_matrix/ready_powered_tests.csv; w42/claim_analysis_synthesis/claim_family_synthesis.csv; w42/claim_analysis_synthesis/summary.json; w42/eighty_four_seed_mining/summary.json; w42/eighty_four_seed_mining/surface_summary.csv; w42/eighty_four_claim_validation/summary.json; w42/eighty_four_claim_validation/claim_ledger_delta.json; w42/joined_claim_row_model_table/summary.json; w42/joined_claim_row_model_table/ablation_results.csv; w42/joined_claim_row_model_table/family_inventory.csv,w42/eighty_four_claim_validation/claim_summary.csv; w42/eighty_four_claim_validation/summary.json,wiki/experiments/w42-84-claim-validation.md; wiki/experiments/w42-phase2-84-weapon-preservation-probe.md,No central ledger promotion without the owning phase-4 artifact.,Use 84-specific generated states and paired last-trick tests.,"84-specific paired preserve/break/abandon tests with stopper survival labels, hidden-holder diagnostics, public-evidence examples, and CIs.",Needs 84-specific dynamic states; static ownership/asset counts do not prove preservation or abandonment timing.
ch08-double-ahead-needs-same-suit-pair,84 bidder/defender,underpowered,active_phase4,needs_generated_or_dynamic_evidence,t42-br7n.2,keep_open_under_phase4_2,needs_84_generation,static_84_substrate_needs_dynamic_rollout,"When the bidder has the double ahead of the off, defenders need a same-suit pair line.",Route to t42-br7n.2: 84 dynamic mined-seed action tests.,w42/claim_analysis_matrix/claim_analysis_matrix.csv; w42/claim_analysis_matrix/ready_powered_tests.csv; w42/claim_analysis_synthesis/claim_family_synthesis.csv; w42/claim_analysis_synthesis/summary.json; w42/eighty_four_seed_mining/summary.json; w42/eighty_four_seed_mining/surface_summary.csv; w42/eighty_four_claim_validation/summary.json; w42/eighty_four_claim_validation/claim_ledger_delta.json; w42/joined_claim_row_model_table/summary.json; w42/joined_claim_row_model_table/ablation_results.csv; w42/joined_claim_row_model_table/family_inventory.csv,w42/eighty_four_claim_validation/claim_summary.csv; w42/eighty_four_claim_validation/summary.json,wiki/experiments/w42-84-claim-validation.md; wiki/experiments/w42-phase2-84-weapon-preservation-probe.md,No central ledger promotion without the owning phase-4 artifact.,Use 84-specific generated states and paired last-trick tests.,"84-specific paired preserve/break/abandon tests with stopper survival labels, hidden-holder diagnostics, public-evidence examples, and CIs.",Needs 84-specific dynamic states; static ownership/asset counts do not prove preservation or abandonment timing.
ch08-abandon-dead-assets,84 bidder/defender,not-yet-tested,active_phase4,needs_generated_or_dynamic_evidence,t42-br7n.2,keep_open_under_phase4_2,needs_84_generation,static_84_substrate_needs_dynamic_rollout,A defender should abandon stopper assets once public evidence proves they are dead.,Route to t42-br7n.2: 84 dynamic mined-seed action tests.,w42/claim_analysis_matrix/claim_analysis_matrix.csv; w42/claim_analysis_matrix/ready_powered_tests.csv; w42/claim_analysis_synthesis/claim_family_synthesis.csv; w42/claim_analysis_synthesis/summary.json; w42/eighty_four_seed_mining/summary.json; w42/eighty_four_seed_mining/surface_summary.csv; w42/eighty_four_claim_validation/summary.json; w42/eighty_four_claim_validation/claim_ledger_delta.json; w42/joined_claim_row_model_table/summary.json; w42/joined_claim_row_model_table/ablation_results.csv; w42/joined_claim_row_model_table/family_inventory.csv,w42/eighty_four_claim_validation/claim_summary.csv; w42/eighty_four_claim_validation/summary.json,wiki/experiments/w42-84-claim-validation.md; wiki/experiments/w42-phase2-84-weapon-preservation-probe.md,No central ledger promotion without the owning phase-4 artifact.,Use 84-specific generated states and paired last-trick tests.,"84-specific paired preserve/break/abandon tests with stopper survival labels, hidden-holder diagnostics, public-evidence examples, and CIs.",Needs 84-specific dynamic states; static ownership/asset counts do not prove preservation or abandonment timing.
ch08-throwaway-priority-ladder,84 bidder/defender,not-yet-tested,active_phase4,needs_generated_or_dynamic_evidence,t42-br7n.2,keep_open_under_phase4_2,needs_84_generation,static_84_substrate_needs_dynamic_rollout,The 84 throwaway priority ladder preserves the right final-trick stopper.,Route to t42-br7n.2: 84 dynamic mined-seed action tests.,w42/claim_analysis_matrix/claim_analysis_matrix.csv; w42/claim_analysis_matrix/ready_powered_tests.csv; w42/claim_analysis_synthesis/claim_family_synthesis.csv; w42/claim_analysis_synthesis/summary.json; w42/eighty_four_seed_mining/summary.json; w42/eighty_four_seed_mining/surface_summary.csv; w42/eighty_four_claim_validation/summary.json; w42/eighty_four_claim_validation/claim_ledger_delta.json; w42/joined_claim_row_model_table/summary.json; w42/joined_claim_row_model_table/ablation_results.csv; w42/joined_claim_row_model_table/family_inventory.csv,w42/eighty_four_claim_validation/claim_summary.csv; w42/eighty_four_claim_validation/summary.json,wiki/experiments/w42-84-claim-validation.md; wiki/experiments/w42-phase2-84-weapon-preservation-probe.md,No central ledger promotion without the owning phase-4 artifact.,Use 84-specific generated states and paired last-trick tests.,"84-specific paired preserve/break/abandon tests with stopper survival labels, hidden-holder diagnostics, public-evidence examples, and CIs.",Needs 84-specific dynamic states; static ownership/asset counts do not prove preservation or abandonment timing.
ch08-either-matching-double-not-two-to-one,stopper ownership,contradicted,complete_static_contradicted,direct_or_deterministic,none,close_as_contradicted,needs_84_generation,static_substrate_contradiction_then_dynamic_84_followup,The straight-off two-to-one ownership prior still holds when either of two matching doubles can set the bidder.,Ledger already marks this contradicted; keep as tested unless a new operational definition is proposed.,w42/claim_analysis_matrix/claim_analysis_matrix.csv; w42/claim_analysis_matrix/ready_powered_tests.csv; w42/claim_analysis_synthesis/claim_family_synthesis.csv; w42/claim_analysis_synthesis/summary.json; w42/eighty_four_seed_mining/summary.json; w42/eighty_four_seed_mining/surface_summary.csv; w42/eighty_four_claim_validation/summary.json; w42/eighty_four_claim_validation/claim_ledger_delta.json; w42/joined_claim_row_model_table/summary.json; w42/joined_claim_row_model_table/ablation_results.csv; w42/joined_claim_row_model_table/family_inventory.csv,w42/eighty_four_claim_validation/defender_last_trick_weapon_distribution.csv,wiki/experiments/w42-84-claim-validation.md; wiki/experiments/w42-phase2-84-weapon-preservation-probe.md,Contradiction should be preserved unless a phase-4 worker explicitly redefines the claim.,Model final-off cases explicitly and separate named stopper from any-stopper claims.,"84-specific paired preserve/break/abandon tests with stopper survival labels, hidden-holder diagnostics, public-evidence examples, and CIs.",Needs 84-specific dynamic states; static ownership/asset counts do not prove preservation or abandonment timing.
ch07-protected-one-off-shape-frequency,84 bidder/defender,underpowered,review_for_ledger_update,generated_seed_inventory,ledger_reconciliation,review_status_move_to_context_limited_or_supported_frequency,needs_84_generation,static_84_substrate_needs_dynamic_rollout,Typical 84 candidate shapes with one protected off are available often enough to support the bidding advice.,"Phase 3 mined 22,176 protected-one-off candidate rows in 50,000 seeds.",w42/claim_analysis_matrix/claim_analysis_matrix.csv; w42/claim_analysis_matrix/ready_powered_tests.csv; w42/claim_analysis_synthesis/claim_family_synthesis.csv; w42/claim_analysis_synthesis/summary.json; w42/eighty_four_seed_mining/summary.json; w42/eighty_four_seed_mining/surface_summary.csv; w42/eighty_four_claim_validation/summary.json; w42/eighty_four_claim_validation/claim_ledger_delta.json; w42/joined_claim_row_model_table/summary.json; w42/joined_claim_row_model_table/ablation_results.csv; w42/joined_claim_row_model_table/family_inventory.csv,w42/eighty_four_claim_validation/bidder_shape_summary.csv,wiki/experiments/w42-84-claim-validation.md; wiki/experiments/w42-phase2-84-weapon-preservation-probe.md,"This is seed frequency/surface inventory, not late-state action value.",Run make/set rollouts for score-gated 84 candidate states.,"84-specific paired preserve/break/abandon tests with stopper survival labels, hidden-holder diagnostics, public-evidence examples, and CIs.",Needs 84-specific dynamic states; static ownership/asset counts do not prove preservation or abandonment timing.
ch04-safe-partner-count-donation,partner support,context-limited,active_phase4,generated_direct,t42-br7n.1,keep_open_under_phase4_1,needs_label_refinement,direct_action_contrast_needs_stronger_labels,Safe count donation under current bidder-team trick control is better than same-decision alternatives.,Partner count when bidder side controls was +0.608 Q.,w42/claim_analysis_matrix/claim_analysis_matrix.csv; w42/claim_analysis_matrix/ready_powered_tests.csv; w42/claim_analysis_synthesis/claim_family_synthesis.csv; w42/claim_analysis_synthesis/summary.json; w42/sequence_seat_counterfactuals/summary.json; w42/sequence_seat_counterfactuals/paired_contrasts.csv; w42/sequence_seat_counterfactuals/label_metrics.csv; w42/seat_position_claim_tests/summary.json; w42/tactical_claim_replication/summary.json; w42/joined_claim_row_model_table/summary.json; w42/joined_claim_row_model_table/ablation_results.csv; w42/joined_claim_row_model_table/family_inventory.csv,w42/gus_corpus_claim_deep_dive/paired_contrasts.csv; w42/gus_corpus_claim_deep_dive/summary.json,wiki/experiments/w42-partner-support-claim-validation.md; wiki/experiments/w42-gus-corpus-tactical-claim-deep-dive.md,The effect is real but small and timing-gated.,Add guaranteed-win strength and later-seat overtake labels before broad partner-support promotion.,"Paired same-decision contrasts with bootstrap CIs, declaration/seat/trick slices, example decisions, W&B progress series, and conservative ledger update.","Needs the reusable harness plus stronger forcedness, guaranteed-control, later-seat-risk, and bid-margin slices."
ch04-low-trump-trap-against-count-dump,partner support,underpowered,active_phase4,needs_generated_or_dynamic_evidence,t42-br7n.1,keep_open_under_phase4_1,needs_detector_implementation,direct_detector_or_paired_contrast_needed,Partner donation without trump-in versus count dumped while trumping in,Route to t42-br7n.1: bidder/partner/setter hand-shape and sequence counterfactuals.,w42/claim_analysis_matrix/claim_analysis_matrix.csv; w42/claim_analysis_matrix/ready_powered_tests.csv; w42/claim_analysis_synthesis/claim_family_synthesis.csv; w42/claim_analysis_synthesis/summary.json; w42/sequence_seat_counterfactuals/summary.json; w42/sequence_seat_counterfactuals/paired_contrasts.csv; w42/sequence_seat_counterfactuals/label_metrics.csv; w42/seat_position_claim_tests/summary.json; w42/tactical_claim_replication/summary.json; w42/joined_claim_row_model_table/summary.json; w42/joined_claim_row_model_table/ablation_results.csv; w42/joined_claim_row_model_table/family_inventory.csv,w42/partner_support_claim_validation/claim_proxy_stats.csv; w42/partner_support_claim_validation/summary.json,wiki/experiments/w42-partner-support-claim-validation.md; wiki/experiments/w42-gus-corpus-tactical-claim-deep-dive.md,No central ledger promotion without the owning phase-4 artifact.,Implement direct partner-intent and forcedness detectors before moving statuses broadly.,"Paired same-decision contrasts with bootstrap CIs, declaration/seat/trick slices, example decisions, W&B progress series, and conservative ledger update.","Needs the reusable harness plus stronger forcedness, guaranteed-control, later-seat-risk, and bid-margin slices."
ch04-lead-capture-for-support,partner support,underpowered,active_phase4,needs_generated_or_dynamic_evidence,t42-br7n.1,keep_open_under_phase4_1,needs_detector_implementation,direct_detector_or_paired_contrast_needed,Winning the current trick versus non-winning alternatives,Route to t42-br7n.1: bidder/partner/setter hand-shape and sequence counterfactuals.,w42/claim_analysis_matrix/claim_analysis_matrix.csv; w42/claim_analysis_matrix/ready_powered_tests.csv; w42/claim_analysis_synthesis/claim_family_synthesis.csv; w42/claim_analysis_synthesis/summary.json; w42/sequence_seat_counterfactuals/summary.json; w42/sequence_seat_counterfactuals/paired_contrasts.csv; w42/sequence_seat_counterfactuals/label_metrics.csv; w42/seat_position_claim_tests/summary.json; w42/tactical_claim_replication/summary.json; w42/joined_claim_row_model_table/summary.json; w42/joined_claim_row_model_table/ablation_results.csv; w42/joined_claim_row_model_table/family_inventory.csv,w42/partner_support_claim_validation/claim_proxy_stats.csv; w42/partner_support_claim_validation/summary.json,wiki/experiments/w42-partner-support-claim-validation.md; wiki/experiments/w42-gus-corpus-tactical-claim-deep-dive.md,No central ledger promotion without the owning phase-4 artifact.,Implement direct partner-intent and forcedness detectors before moving statuses broadly.,"Paired same-decision contrasts with bootstrap CIs, declaration/seat/trick slices, example decisions, W&B progress series, and conservative ledger update.","Needs the reusable harness plus stronger forcedness, guaranteed-control, later-seat-risk, and bid-margin slices."
ch04-effective-double-highest-remaining,partner support,contradicted,complete_contradicted,direct_or_deterministic,none,close_as_contradicted,needs_detector_implementation,direct_detector_or_paired_contrast_needed,Virtual boss off-suit tile versus lower live off-suit tile,Ledger already marks this contradicted; keep as tested unless a new operational definition is proposed.,w42/claim_analysis_matrix/claim_analysis_matrix.csv; w42/claim_analysis_matrix/ready_powered_tests.csv; w42/claim_analysis_synthesis/claim_family_synthesis.csv; w42/claim_analysis_synthesis/summary.json; w42/sequence_seat_counterfactuals/summary.json; w42/sequence_seat_counterfactuals/paired_contrasts.csv; w42/sequence_seat_counterfactuals/label_metrics.csv; w42/seat_position_claim_tests/summary.json; w42/tactical_claim_replication/summary.json; w42/joined_claim_row_model_table/summary.json; w42/joined_claim_row_model_table/ablation_results.csv; w42/joined_claim_row_model_table/family_inventory.csv,w42/partner_support_claim_validation/claim_proxy_stats.csv; w42/partner_support_claim_validation/summary.json,wiki/experiments/w42-partner-support-claim-validation.md; wiki/experiments/w42-gus-corpus-tactical-claim-deep-dive.md,Contradiction should be preserved unless a phase-4 worker explicitly redefines the claim.,Implement direct partner-intent and forcedness detectors before moving statuses broadly.,"Paired same-decision contrasts with bootstrap CIs, declaration/seat/trick slices, example decisions, W&B progress series, and conservative ledger update.","Needs the reusable harness plus stronger forcedness, guaranteed-control, later-seat-risk, and bid-margin slices."
ch04-lead-away-from-count-damage,partner support,underpowered,active_phase4,needs_generated_or_dynamic_evidence,t42-br7n.1,keep_open_under_phase4_1,needs_detector_implementation,direct_detector_or_paired_contrast_needed,Low-liability off lead versus count-exposing off lead,Route to t42-br7n.1: bidder/partner/setter hand-shape and sequence counterfactuals.,w42/claim_analysis_matrix/claim_analysis_matrix.csv; w42/claim_analysis_matrix/ready_powered_tests.csv; w42/claim_analysis_synthesis/claim_family_synthesis.csv; w42/claim_analysis_synthesis/summary.json; w42/sequence_seat_counterfactuals/summary.json; w42/sequence_seat_counterfactuals/paired_contrasts.csv; w42/sequence_seat_counterfactuals/label_metrics.csv; w42/seat_position_claim_tests/summary.json; w42/tactical_claim_replication/summary.json; w42/joined_claim_row_model_table/summary.json; w42/joined_claim_row_model_table/ablation_results.csv; w42/joined_claim_row_model_table/family_inventory.csv,w42/partner_support_claim_validation/claim_proxy_stats.csv; w42/partner_support_claim_validation/summary.json,wiki/experiments/w42-partner-support-claim-validation.md; wiki/experiments/w42-gus-corpus-tactical-claim-deep-dive.md,No central ledger promotion without the owning phase-4 artifact.,Implement direct partner-intent and forcedness detectors before moving statuses broadly.,"Paired same-decision contrasts with bootstrap CIs, declaration/seat/trick slices, example decisions, W&B progress series, and conservative ledger update.","Needs the reusable harness plus stronger forcedness, guaranteed-control, later-seat-risk, and bid-margin slices."
ch04-avoid-disruptive-partner-trump-lead,partner support,underpowered,active_phase4,needs_generated_or_dynamic_evidence,t42-br7n.1,keep_open_under_phase4_1,needs_detector_implementation,direct_detector_or_paired_contrast_needed,Off lead versus trump lead from lead position,Route to t42-br7n.1: bidder/partner/setter hand-shape and sequence counterfactuals.,w42/claim_analysis_matrix/claim_analysis_matrix.csv; w42/claim_analysis_matrix/ready_powered_tests.csv; w42/claim_analysis_synthesis/claim_family_synthesis.csv; w42/claim_analysis_synthesis/summary.json; w42/sequence_seat_counterfactuals/summary.json; w42/sequence_seat_counterfactuals/paired_contrasts.csv; w42/sequence_seat_counterfactuals/label_metrics.csv; w42/seat_position_claim_tests/summary.json; w42/tactical_claim_replication/summary.json; w42/joined_claim_row_model_table/summary.json; w42/joined_claim_row_model_table/ablation_results.csv; w42/joined_claim_row_model_table/family_inventory.csv,w42/partner_support_claim_validation/claim_proxy_stats.csv; w42/partner_support_claim_validation/summary.json,wiki/experiments/w42-partner-support-claim-validation.md; wiki/experiments/w42-gus-corpus-tactical-claim-deep-dive.md,No central ledger promotion without the owning phase-4 artifact.,Implement direct partner-intent and forcedness detectors before moving statuses broadly.,"Paired same-decision contrasts with bootstrap CIs, declaration/seat/trick slices, example decisions, W&B progress series, and conservative ledger update.","Needs the reusable harness plus stronger forcedness, guaranteed-control, later-seat-risk, and bid-margin slices."
ch04-unsafe-partner-count-donation,partner support,supported,complete_direct_empirical,generated_direct,none,close_as_supported_negative_control,yes_after_harness,direct_action_contrast_ready_for_replication,The bidder's partner should not donate count into a defense-controlled trick that the candidate cannot win.,Partner count into defense was -8.351 Q in phase 3.,w42/claim_analysis_matrix/claim_analysis_matrix.csv; w42/claim_analysis_matrix/ready_powered_tests.csv; w42/claim_analysis_synthesis/claim_family_synthesis.csv; w42/claim_analysis_synthesis/summary.json; w42/sequence_seat_counterfactuals/summary.json; w42/sequence_seat_counterfactuals/paired_contrasts.csv; w42/sequence_seat_counterfactuals/label_metrics.csv; w42/seat_position_claim_tests/summary.json; w42/tactical_claim_replication/summary.json; w42/joined_claim_row_model_table/summary.json; w42/joined_claim_row_model_table/ablation_results.csv; w42/joined_claim_row_model_table/family_inventory.csv,w42/gus_corpus_claim_deep_dive/paired_contrasts.csv; w42/gus_corpus_claim_deep_dive/summary.json,wiki/experiments/w42-partner-support-claim-validation.md; wiki/experiments/w42-gus-corpus-tactical-claim-deep-dive.md,Directly operationalized as same-decision action contrast.,Add guaranteed-win strength labels for the positive safe-donation rule.,"Paired same-decision contrasts with bootstrap CIs, declaration/seat/trick slices, example decisions, W&B progress series, and conservative ledger update.","Needs the reusable harness plus stronger forcedness, guaranteed-control, later-seat-risk, and bid-margin slices."
ch05-pounce-count-before-certainty,setter defense,supported,complete_direct_empirical,generated_direct,none,close_as_supported,yes_after_harness,direct_action_contrast_ready_for_replication,"When a defender can take an offense-controlled trick with count, the pounce-count action is better than same-decision alternatives.",Setter pounce count was strongly positive; pounce-to-set-now was +5.930 Q in phase 3.,w42/claim_analysis_matrix/claim_analysis_matrix.csv; w42/claim_analysis_matrix/ready_powered_tests.csv; w42/claim_analysis_synthesis/claim_family_synthesis.csv; w42/claim_analysis_synthesis/summary.json; w42/sequence_seat_counterfactuals/summary.json; w42/sequence_seat_counterfactuals/paired_contrasts.csv; w42/sequence_seat_counterfactuals/label_metrics.csv; w42/seat_position_claim_tests/summary.json; w42/tactical_claim_replication/summary.json; w42/joined_claim_row_model_table/summary.json; w42/joined_claim_row_model_table/ablation_results.csv; w42/joined_claim_row_model_table/family_inventory.csv,w42/gus_corpus_claim_deep_dive/paired_contrasts.csv; w42/gus_corpus_claim_deep_dive/summary.json,wiki/experiments/w42-setter-defense-claim-validation.md; wiki/experiments/w42-gus-corpus-tactical-claim-deep-dive.md,"Still row-local, not full multi-trick plan simulation.",Add bid-margin/high-bid filters and bidder-off inference before broad Chapter 5 promotion.,"Paired same-decision contrasts with bootstrap CIs, declaration/seat/trick slices, example decisions, W&B progress series, and conservative ledger update.","Needs the reusable harness plus stronger forcedness, guaranteed-control, later-seat-risk, and bid-margin slices."
ch05-extra-count-to-set,setter defense,context-limited,active_phase4,generated_partial,t42-br7n.1,keep_open_under_phase4_1,needs_label_refinement,direct_action_contrast_needs_stronger_labels,Pounce count that immediately reaches the set threshold is better than same-decision alternatives.,"Pounce-to-set-now slices are positive, but extra-count-to-set needs bid-margin/set-accounting gates.",w42/claim_analysis_matrix/claim_analysis_matrix.csv; w42/claim_analysis_matrix/ready_powered_tests.csv; w42/claim_analysis_synthesis/claim_family_synthesis.csv; w42/claim_analysis_synthesis/summary.json; w42/sequence_seat_counterfactuals/summary.json; w42/sequence_seat_counterfactuals/paired_contrasts.csv; w42/sequence_seat_counterfactuals/label_metrics.csv; w42/seat_position_claim_tests/summary.json; w42/tactical_claim_replication/summary.json; w42/joined_claim_row_model_table/summary.json; w42/joined_claim_row_model_table/ablation_results.csv; w42/joined_claim_row_model_table/family_inventory.csv,w42/gus_corpus_claim_deep_dive/paired_contrasts.csv; w42/gus_corpus_claim_deep_dive/summary.json,wiki/experiments/w42-setter-defense-claim-validation.md; wiki/experiments/w42-gus-corpus-tactical-claim-deep-dive.md,Needs explicit set-now and remaining-count controls.,Add bid-margin and explicit five-count/ten-count loss-budget labels.,"Paired same-decision contrasts with bootstrap CIs, declaration/seat/trick slices, example decisions, W&B progress series, and conservative ledger update.","Needs the reusable harness plus stronger forcedness, guaranteed-control, later-seat-risk, and bid-margin slices."
ch05-count-calling-lead,setter defense,underpowered,active_phase4,needs_generated_or_dynamic_evidence,t42-br7n.1,keep_open_under_phase4_1,needs_detector_implementation,direct_detector_or_paired_contrast_needed,High-liability count-calling lead versus low-liability lead,Route to t42-br7n.1: bidder/partner/setter hand-shape and sequence counterfactuals.,w42/claim_analysis_matrix/claim_analysis_matrix.csv; w42/claim_analysis_matrix/ready_powered_tests.csv; w42/claim_analysis_synthesis/claim_family_synthesis.csv; w42/claim_analysis_synthesis/summary.json; w42/sequence_seat_counterfactuals/summary.json; w42/sequence_seat_counterfactuals/paired_contrasts.csv; w42/sequence_seat_counterfactuals/label_metrics.csv; w42/seat_position_claim_tests/summary.json; w42/tactical_claim_replication/summary.json; w42/joined_claim_row_model_table/summary.json; w42/joined_claim_row_model_table/ablation_results.csv; w42/joined_claim_row_model_table/family_inventory.csv,w42/setter_defense_claim_validation/claim_proxy_stats.csv; w42/setter_defense_claim_validation/summary.json,wiki/experiments/w42-setter-defense-claim-validation.md; wiki/experiments/w42-gus-corpus-tactical-claim-deep-dive.md,No central ledger promotion without the owning phase-4 artifact.,Implement direct setter-pounce labels and set-threshold accounting.,"Paired same-decision contrasts with bootstrap CIs, declaration/seat/trick slices, example decisions, W&B progress series, and conservative ledger update.","Needs the reusable harness plus stronger forcedness, guaranteed-control, later-seat-risk, and bid-margin slices."
ch05-count-protection,setter defense,underpowered,active_phase4,needs_generated_or_dynamic_evidence,t42-br7n.1,keep_open_under_phase4_1,needs_detector_implementation,direct_detector_or_paired_contrast_needed,Protected count action versus unprotected count action,Route to t42-br7n.1: bidder/partner/setter hand-shape and sequence counterfactuals.,w42/claim_analysis_matrix/claim_analysis_matrix.csv; w42/claim_analysis_matrix/ready_powered_tests.csv; w42/claim_analysis_synthesis/claim_family_synthesis.csv; w42/claim_analysis_synthesis/summary.json; w42/sequence_seat_counterfactuals/summary.json; w42/sequence_seat_counterfactuals/paired_contrasts.csv; w42/sequence_seat_counterfactuals/label_metrics.csv; w42/seat_position_claim_tests/summary.json; w42/tactical_claim_replication/summary.json; w42/joined_claim_row_model_table/summary.json; w42/joined_claim_row_model_table/ablation_results.csv; w42/joined_claim_row_model_table/family_inventory.csv,w42/setter_defense_claim_validation/claim_proxy_stats.csv; w42/setter_defense_claim_validation/summary.json,wiki/experiments/w42-setter-defense-claim-validation.md; wiki/experiments/w42-gus-corpus-tactical-claim-deep-dive.md,No central ledger promotion without the owning phase-4 artifact.,Implement direct setter-pounce labels and set-threshold accounting.,"Paired same-decision contrasts with bootstrap CIs, declaration/seat/trick slices, example decisions, W&B progress series, and conservative ledger update.","Needs the reusable harness plus stronger forcedness, guaranteed-control, later-seat-risk, and bid-margin slices."
ch05-trump-rich-count-intervention,setter defense,underpowered,active_phase4,needs_generated_or_dynamic_evidence,t42-br7n.1,keep_open_under_phase4_1,needs_detector_implementation,direct_detector_or_paired_contrast_needed,Trumping in on count versus holding count while opponent currently wins,Route to t42-br7n.1: bidder/partner/setter hand-shape and sequence counterfactuals.,w42/claim_analysis_matrix/claim_analysis_matrix.csv; w42/claim_analysis_matrix/ready_powered_tests.csv; w42/claim_analysis_synthesis/claim_family_synthesis.csv; w42/claim_analysis_synthesis/summary.json; w42/sequence_seat_counterfactuals/summary.json; w42/sequence_seat_counterfactuals/paired_contrasts.csv; w42/sequence_seat_counterfactuals/label_metrics.csv; w42/seat_position_claim_tests/summary.json; w42/tactical_claim_replication/summary.json; w42/joined_claim_row_model_table/summary.json; w42/joined_claim_row_model_table/ablation_results.csv; w42/joined_claim_row_model_table/family_inventory.csv,w42/setter_defense_claim_validation/claim_proxy_stats.csv; w42/setter_defense_claim_validation/summary.json,wiki/experiments/w42-setter-defense-claim-validation.md; wiki/experiments/w42-gus-corpus-tactical-claim-deep-dive.md,No central ledger promotion without the owning phase-4 artifact.,Implement direct setter-pounce labels and set-threshold accounting.,"Paired same-decision contrasts with bootstrap CIs, declaration/seat/trick slices, example decisions, W&B progress series, and conservative ledger update.","Needs the reusable harness plus stronger forcedness, guaranteed-control, later-seat-risk, and bid-margin slices."
ch12-setter-pounce-high-bid-off,setter defense,context-limited,active_phase4,needs_generated_or_dynamic_evidence,t42-br7n.1,keep_open_under_phase4_1,needs_detector_implementation,direct_detector_or_paired_contrast_needed,Opponent count pressure present versus absent,Route to t42-br7n.1: bidder/partner/setter hand-shape and sequence counterfactuals.,w42/claim_analysis_matrix/claim_analysis_matrix.csv; w42/claim_analysis_matrix/ready_powered_tests.csv; w42/claim_analysis_synthesis/claim_family_synthesis.csv; w42/claim_analysis_synthesis/summary.json; w42/sequence_seat_counterfactuals/summary.json; w42/sequence_seat_counterfactuals/paired_contrasts.csv; w42/sequence_seat_counterfactuals/label_metrics.csv; w42/seat_position_claim_tests/summary.json; w42/tactical_claim_replication/summary.json; w42/joined_claim_row_model_table/summary.json; w42/joined_claim_row_model_table/ablation_results.csv; w42/joined_claim_row_model_table/family_inventory.csv,w42/setter_defense_claim_validation/claim_proxy_stats.csv; w42/setter_defense_claim_validation/summary.json,wiki/experiments/w42-setter-defense-claim-validation.md; wiki/experiments/w42-gus-corpus-tactical-claim-deep-dive.md,No central ledger promotion without the owning phase-4 artifact.,Implement direct setter-pounce labels and set-threshold accounting.,"Paired same-decision contrasts with bootstrap CIs, declaration/seat/trick slices, example decisions, W&B progress series, and conservative ledger update.","Needs the reusable harness plus stronger forcedness, guaranteed-control, later-seat-risk, and bid-margin slices."
ch05-reckless-count-to-bidder,setter defense,supported,complete_direct_empirical,generated_direct,none,close_as_supported_negative_control,yes_after_harness,direct_action_contrast_ready_for_replication,A defender should not dump count into an offense-controlled trick when the candidate cannot win the trick.,Setter reckless count to bidder was -7.829 Q; Ch05 label replication was also strongly negative.,w42/claim_analysis_matrix/claim_analysis_matrix.csv; w42/claim_analysis_matrix/ready_powered_tests.csv; w42/claim_analysis_synthesis/claim_family_synthesis.csv; w42/claim_analysis_synthesis/summary.json; w42/sequence_seat_counterfactuals/summary.json; w42/sequence_seat_counterfactuals/paired_contrasts.csv; w42/sequence_seat_counterfactuals/label_metrics.csv; w42/seat_position_claim_tests/summary.json; w42/tactical_claim_replication/summary.json; w42/joined_claim_row_model_table/summary.json; w42/joined_claim_row_model_table/ablation_results.csv; w42/joined_claim_row_model_table/family_inventory.csv,w42/gus_corpus_claim_deep_dive/paired_contrasts.csv; w42/gus_corpus_claim_deep_dive/summary.json,wiki/experiments/w42-setter-defense-claim-validation.md; wiki/experiments/w42-gus-corpus-tactical-claim-deep-dive.md,Directly operationalized as an action-local negative-control claim.,Use this as a regression fixture for future pounce detectors.,"Paired same-decision contrasts with bootstrap CIs, declaration/seat/trick slices, example decisions, W&B progress series, and conservative ledger update.","Needs the reusable harness plus stronger forcedness, guaranteed-control, later-seat-risk, and bid-margin slices."
ch03-trump-pull-sequencing,bidder sequencing,underpowered,active_phase4,generated_partial,t42-br7n.1,keep_open_under_phase4_1,needs_sequence_counterfactuals,sequence_counterfactual_or_model_probe_needed,"Proxy evidence improves tiny-model oracle alignment, but no trump-first/off-first counterfactual was run.",Called double vs lower called-suit was +5.720 Q; pooled called-suit lead vs off-suit was -1.935 Q.,w42/claim_analysis_matrix/claim_analysis_matrix.csv; w42/claim_analysis_matrix/ready_powered_tests.csv; w42/claim_analysis_synthesis/claim_family_synthesis.csv; w42/claim_analysis_synthesis/summary.json; w42/sequence_seat_counterfactuals/summary.json; w42/sequence_seat_counterfactuals/paired_contrasts.csv; w42/sequence_seat_counterfactuals/label_metrics.csv; w42/seat_position_claim_tests/summary.json; w42/tactical_claim_replication/summary.json; w42/joined_claim_row_model_table/summary.json; w42/joined_claim_row_model_table/ablation_results.csv; w42/joined_claim_row_model_table/family_inventory.csv,w42/bidder_sequencing_claim_validation/claim_summary.csv; w42/bidder_sequencing_claim_validation/summary.json,wiki/experiments/w42-bidder-sequencing-claim-validation.md; wiki/experiments/w42-phase2-seat-position-strategy-map.md,"The broad book wording needs exception buckets, not a blanket promotion.",Run trump-first/off-first paired rollouts and late-endgame proof checks.,Sequence counterfactuals or proof-checker labels plus ablated w42 tag probes that show whether tags improve learning and where they fail.,Current evidence is tag/model-bucket proxy; no trump-first/off-first sequence counterfactual exists.
ch03-reentry-preservation,bidder sequencing,underpowered,active_phase4,needs_generated_or_dynamic_evidence,t42-br7n.1,keep_open_under_phase4_1,needs_sequence_counterfactuals,sequence_counterfactual_or_model_probe_needed,Available buckets touch hand/protection structure but do not encode final-trump-spent-before-off-clear.,Route to t42-br7n.1: bidder/partner/setter hand-shape and sequence counterfactuals.,w42/claim_analysis_matrix/claim_analysis_matrix.csv; w42/claim_analysis_matrix/ready_powered_tests.csv; w42/claim_analysis_synthesis/claim_family_synthesis.csv; w42/claim_analysis_synthesis/summary.json; w42/sequence_seat_counterfactuals/summary.json; w42/sequence_seat_counterfactuals/paired_contrasts.csv; w42/sequence_seat_counterfactuals/label_metrics.csv; w42/seat_position_claim_tests/summary.json; w42/tactical_claim_replication/summary.json; w42/joined_claim_row_model_table/summary.json; w42/joined_claim_row_model_table/ablation_results.csv; w42/joined_claim_row_model_table/family_inventory.csv,w42/bidder_sequencing_claim_validation/claim_summary.csv; w42/bidder_sequencing_claim_validation/summary.json,wiki/experiments/w42-bidder-sequencing-claim-validation.md; wiki/experiments/w42-phase2-seat-position-strategy-map.md,No central ledger promotion without the owning phase-4 artifact.,Run trump-first/off-first paired rollouts and late-endgame proof checks.,Sequence counterfactuals or proof-checker labels plus ablated w42 tag probes that show whether tags improve learning and where they fail.,Current evidence is tag/model-bucket proxy; no trump-first/off-first sequence counterfactual exists.
ch03-off-timing,bidder sequencing,underpowered,active_phase4,needs_generated_or_dynamic_evidence,t42-br7n.1,keep_open_under_phase4_1,needs_sequence_counterfactuals,sequence_counterfactual_or_model_probe_needed,Proxy buckets improve alignment; no paired early-off versus trump-first rollout exists in the artifacts.,Route to t42-br7n.1: bidder/partner/setter hand-shape and sequence counterfactuals.,w42/claim_analysis_matrix/claim_analysis_matrix.csv; w42/claim_analysis_matrix/ready_powered_tests.csv; w42/claim_analysis_synthesis/claim_family_synthesis.csv; w42/claim_analysis_synthesis/summary.json; w42/sequence_seat_counterfactuals/summary.json; w42/sequence_seat_counterfactuals/paired_contrasts.csv; w42/sequence_seat_counterfactuals/label_metrics.csv; w42/seat_position_claim_tests/summary.json; w42/tactical_claim_replication/summary.json; w42/joined_claim_row_model_table/summary.json; w42/joined_claim_row_model_table/ablation_results.csv; w42/joined_claim_row_model_table/family_inventory.csv,w42/bidder_sequencing_claim_validation/claim_summary.csv; w42/bidder_sequencing_claim_validation/summary.json,wiki/experiments/w42-bidder-sequencing-claim-validation.md; wiki/experiments/w42-phase2-seat-position-strategy-map.md,No central ledger promotion without the owning phase-4 artifact.,Run trump-first/off-first paired rollouts and late-endgame proof checks.,Sequence counterfactuals or proof-checker labels plus ablated w42 tag probes that show whether tags improve learning and where they fail.,Current evidence is tag/model-bucket proxy; no trump-first/off-first sequence counterfactual exists.
ch03-count-inventory,bidder sequencing,context-limited,active_phase4,generated_direct_negative_control,t42-br7n.1,keep_open_under_phase4_1,needs_sequence_counterfactuals,sequence_counterfactual_or_model_probe_needed,"Count buckets show the strongest proxy gains, but this validates tag usefulness rather than the book's full sequencing rule.",Bidder lead count vs noncount was -4.877 Q in phase 3.,w42/claim_analysis_matrix/claim_analysis_matrix.csv; w42/claim_analysis_matrix/ready_powered_tests.csv; w42/claim_analysis_synthesis/claim_family_synthesis.csv; w42/claim_analysis_synthesis/summary.json; w42/sequence_seat_counterfactuals/summary.json; w42/sequence_seat_counterfactuals/paired_contrasts.csv; w42/sequence_seat_counterfactuals/label_metrics.csv; w42/seat_position_claim_tests/summary.json; w42/tactical_claim_replication/summary.json; w42/joined_claim_row_model_table/summary.json; w42/joined_claim_row_model_table/ablation_results.csv; w42/joined_claim_row_model_table/family_inventory.csv,w42/bidder_sequencing_claim_validation/claim_summary.csv; w42/bidder_sequencing_claim_validation/summary.json,wiki/experiments/w42-bidder-sequencing-claim-validation.md; wiki/experiments/w42-phase2-seat-position-strategy-map.md,"This supports inventory caution, but not a complete bidder-plan proof.",Run trump-first/off-first paired rollouts and late-endgame proof checks.,Sequence counterfactuals or proof-checker labels plus ablated w42 tag probes that show whether tags improve learning and where they fail.,Current evidence is tag/model-bucket proxy; no trump-first/off-first sequence counterfactual exists.
ch03-laydown-correctness,bidder sequencing,not-yet-tested,active_phase4,blocked_or_fixture_needed,t42-br7n.4,keep_open_under_phase4_4,needs_sequence_counterfactuals,sequence_counterfactual_or_model_probe_needed,No deterministic laydown proof checker or late-endgame enumeration artifact exists in the available w42 outputs.,Phase 3 seed mining found one natural all-trump laydown seed; proof fixtures remain open.,w42/claim_analysis_matrix/claim_analysis_matrix.csv; w42/claim_analysis_matrix/ready_powered_tests.csv; w42/claim_analysis_synthesis/claim_family_synthesis.csv; w42/claim_analysis_synthesis/summary.json; w42/sequence_seat_counterfactuals/summary.json; w42/sequence_seat_counterfactuals/paired_contrasts.csv; w42/sequence_seat_counterfactuals/label_metrics.csv; w42/seat_position_claim_tests/summary.json; w42/tactical_claim_replication/summary.json; w42/joined_claim_row_model_table/summary.json; w42/joined_claim_row_model_table/ablation_results.csv; w42/joined_claim_row_model_table/family_inventory.csv; w42/eighty_four_seed_mining/summary.json; w42/eighty_four_seed_mining/surface_summary.csv; w42/eighty_four_claim_validation/summary.json; w42/eighty_four_claim_validation/claim_ledger_delta.json,w42/bidder_sequencing_claim_validation/claim_summary.csv; w42/bidder_sequencing_claim_validation/summary.json,wiki/experiments/w42-bidder-sequencing-claim-validation.md; wiki/experiments/w42-phase2-seat-position-strategy-map.md,"Needs deterministic remaining-trick proof/checker, not row-model evidence.",Run trump-first/off-first paired rollouts and late-endgame proof checks.,Sequence counterfactuals or proof-checker labels plus ablated w42 tag probes that show whether tags improve learning and where they fail.,Current evidence is tag/model-bucket proxy; no trump-first/off-first sequence counterfactual exists.
