base_contrast_id,contrast_id,slice_name,slice_value,paired_decision_n,mean_delta,mean_delta_ci95_low,mean_delta_ci95_high,regret_delta,threshold_mass_delta,lower_tail_mass_delta
ch05_pounce_count_vs_other_same_decision,ch05_pounce_count_vs_other_same_decision__candidate_beats_current=true,candidate_beats_current,true,43,4.22741942000467,1.9160697231618795,6.461057596818305,-4.22741942000467,0.05197674261276112,-0.040697674375287325
ch05_pounce_count_vs_other_same_decision,ch05_pounce_count_vs_other_same_decision__candidate_would_win_now=true,candidate_would_win_now,true,43,4.22741942000467,2.139021850377321,6.708219322506444,-4.22741942000467,0.05197674261276112,-0.040697674375287325
ch05_pounce_count_vs_other_same_decision,ch05_pounce_count_vs_other_same_decision__count_points=10,count_points,10,16,3.011333892500261,-1.4014391177675862,7.171250631473949,-3.011333892500261,0.034062497317790985,-0.03437500074505806
ch05_pounce_count_vs_other_same_decision,ch05_pounce_count_vs_other_same_decision__count_points=5,count_points,5,27,4.9480626955628395,1.394540121157964,7.936324731253637,-4.9480626955628395,0.06259259167644712,-0.0444444439339417
ch05_pounce_count_vs_other_same_decision,ch05_pounce_count_vs_other_same_decision__current_winner_team=offense,current_winner_team,offense,43,4.22741942000467,1.6038059406827183,6.967994386696006,-4.22741942000467,0.05197674261276112,-0.040697674375287325
ch05_pounce_count_vs_other_same_decision,ch05_pounce_count_vs_other_same_decision__decl=blanks,decl,blanks,8,2.9981463607400656,0.02858397364616395,6.39775860118679,-2.9981463607400656,0.03187500685453415,-0.036250001983717084
ch05_pounce_count_vs_other_same_decision,ch05_pounce_count_vs_other_same_decision__decl=fives,decl,fives,8,4.290936470031738,-0.5341688260436058,10.062284268438813,-4.290936470031738,0.07124999910593033,-0.0625
ch05_pounce_count_vs_other_same_decision,ch05_pounce_count_vs_other_same_decision__decl=fours,decl,fours,6,4.747775461291894,-6.212037149892422,17.929772693273843,-4.747775461291894,0.0716666579246521,-0.07083333283662796
ch05_pounce_count_vs_other_same_decision,ch05_pounce_count_vs_other_same_decision__decl=ones,decl,ones,6,4.638392448425293,0.3424981435139974,8.91858688990275,-4.638392448425293,0.07583333055178325,-0.07333333479861419
ch05_pounce_count_vs_other_same_decision,ch05_pounce_count_vs_other_same_decision__decl=sixes,decl,sixes,7,3.41226243440594,-2.133804210807596,9.532994549615037,-3.41226243440594,0.07571428694895335,-0.014285714498588018
ch05_pounce_count_vs_other_same_decision,ch05_pounce_count_vs_other_same_decision__decl=threes,decl,threes,5,5.1265902608633045,-4.559844548851252,15.699433659464102,-5.1265902608633045,-0.006000006198883056,0.004000002145767212
ch05_pounce_count_vs_other_same_decision,ch05_pounce_count_vs_other_same_decision__later_seats_remaining=0,later_seats_remaining,0,10,5.176733672618866,-3.9575868475437166,12.013443023860445,-5.176733672618866,0.02849999666213989,-0.02350000012665987
ch05_pounce_count_vs_other_same_decision,ch05_pounce_count_vs_other_same_decision__later_seats_remaining=1,later_seats_remaining,1,8,6.915922230109572,1.250180807337165,12.52979954592883,-6.915922230109572,0.051249995827674866,-0.048124996945261955
ch05_pounce_count_vs_other_same_decision,ch05_pounce_count_vs_other_same_decision__later_seats_remaining=2,later_seats_remaining,2,25,2.987372819725424,0.28780384550895544,6.007340410836039,-2.987372819725424,0.06159999996423721,-0.04520000085234642
ch05_pounce_count_vs_other_same_decision,ch05_pounce_count_vs_other_same_decision__seat_role=left_setter,seat_role,left_setter,23,3.1479564477568087,0.41625275780325355,5.838748444390034,-3.1479564477568087,0.04434782266616821,-0.043695651318715965
ch05_pounce_count_vs_other_same_decision,ch05_pounce_count_vs_other_same_decision__seat_role=right_setter,seat_role,right_setter,20,5.468801838089712,1.6437320091569565,10.254964776867997,-5.468801838089712,0.06075000055134296,-0.03725000089034438
ch05_pounce_count_vs_other_same_decision,ch05_pounce_count_vs_other_same_decision__sets_now_label=false,sets_now_label,false,22,1.9492724398997696,-0.14628900849175724,4.690775167408651,-1.9492724398997696,0.019772727381099354,-0.019318182444707913
ch05_pounce_count_vs_other_same_decision,ch05_pounce_count_vs_other_same_decision__sets_now_label=true,sets_now_label,true,21,6.614049589638377,2.655554380965242,10.765577608862488,-6.614049589638377,0.08571428237926393,-0.06309523735018004
ch05_pounce_count_vs_other_same_decision,ch05_pounce_count_vs_other_same_decision__team=defense,team,defense,43,4.22741942000467,2.154341743605179,6.945675268274092,-4.22741942000467,0.05197674261276112,-0.040697674375287325
ch05_pounce_count_vs_other_same_decision,ch05_pounce_count_vs_other_same_decision__trick_idx=0,trick_idx,0,8,9.412985315546393,4.489587460132316,17.118605786515392,-9.412985315546393,0.06812500208616257,-0.06437500286847353
ch05_pounce_count_vs_other_same_decision,ch05_pounce_count_vs_other_same_decision__trick_idx=1,trick_idx,1,5,0.11028947830200195,-0.919168450832367,1.271916940212248,-0.11028947830200195,0.001999986171722412,-0.0009999979287385941
ch05_pounce_count_vs_other_same_decision,ch05_pounce_count_vs_other_same_decision__trick_idx=2,trick_idx,2,8,5.689478427171707,2.3379280656576156,8.629356208443642,-5.689478427171707,0.08999998867511749,-0.08437499683350325
ch05_pounce_count_vs_other_same_decision,ch05_pounce_count_vs_other_same_decision__trick_idx=3,trick_idx,3,7,3.0867201260157993,-1.8085474405969892,6.509718428339276,-3.0867201260157993,0.09928571858576365,-0.03714285684483392
ch05_pounce_count_vs_other_same_decision,ch05_pounce_count_vs_other_same_decision__trick_idx=4,trick_idx,4,7,-1.1667595880239137,-7.486391270268776,5.458254415674934,1.1667595880239137,0.04499999965940203,-0.049285715711968284
ch05_pounce_count_vs_other_same_decision,ch05_pounce_count_vs_other_same_decision__trick_idx=5,trick_idx,5,8,5.871019245125353,-3.008922506286763,14.62799448978621,-5.871019245125353,-0.0062499940395355225,0.00624999962747097
ch05_pounce_count_vs_other_same_decision,ch05_pounce_count_vs_other_same_decision__trick_position=1,trick_position,1,25,2.987372819725424,-0.2965171655677259,5.570883268188217,-2.987372819725424,0.06159999996423721,-0.04520000085234642
ch05_pounce_count_vs_other_same_decision,ch05_pounce_count_vs_other_same_decision__trick_position=2,trick_position,2,8,6.915922230109572,0.3330333231948317,13.12903826204128,-6.915922230109572,0.051249995827674866,-0.048124996945261955
ch05_pounce_count_vs_other_same_decision,ch05_pounce_count_vs_other_same_decision__trick_position=3,trick_position,3,10,5.176733672618866,-1.852767330408096,13.759446780681595,-5.176733672618866,0.02849999666213989,-0.02350000012665987
ch05_pounce_sets_now_vs_other_same_decision,ch05_pounce_sets_now_vs_other_same_decision__candidate_beats_current=true,candidate_beats_current,true,21,6.614049589638377,2.8109509128423054,10.888201615640096,-6.614049589638377,0.08571428237926393,-0.06309523735018004
ch05_pounce_sets_now_vs_other_same_decision,ch05_pounce_sets_now_vs_other_same_decision__candidate_would_win_now=true,candidate_would_win_now,true,21,6.614049589638377,2.795207608318223,10.887983073284182,-6.614049589638377,0.08571428237926393,-0.06309523735018004
ch05_pounce_sets_now_vs_other_same_decision,ch05_pounce_sets_now_vs_other_same_decision__count_points=10,count_points,10,5,4.716979033965617,-2.4945938920602204,15.585566437432995,-4.716979033965617,0.03499999046325684,-0.03700000047683716
ch05_pounce_sets_now_vs_other_same_decision,ch05_pounce_sets_now_vs_other_same_decision__count_points=5,count_points,5,16,7.206884138286114,3.0766432486474513,13.001228080503639,-7.206884138286114,0.10156249860301614,-0.07124999887309968
ch05_pounce_sets_now_vs_other_same_decision,ch05_pounce_sets_now_vs_other_same_decision__current_winner_team=offense,current_winner_team,offense,21,6.614049589638377,3.119719978518385,10.42202607223409,-6.614049589638377,0.08571428237926393,-0.06309523735018004
ch05_pounce_sets_now_vs_other_same_decision,ch05_pounce_sets_now_vs_other_same_decision__decl=ones,decl,ones,5,3.6433431625366213,0.09471721649169922,10.096968245506286,-3.6433431625366213,0.07200000286102295,-0.07199999913573266
ch05_pounce_sets_now_vs_other_same_decision,ch05_pounce_sets_now_vs_other_same_decision__later_seats_remaining=0,later_seats_remaining,0,6,7.278385142485301,1.6388939221700032,17.00860981941223,-7.278385142485301,0.02583332856496175,-0.020833333333333332
ch05_pounce_sets_now_vs_other_same_decision,ch05_pounce_sets_now_vs_other_same_decision__later_seats_remaining=1,later_seats_remaining,1,5,10.26772165298462,4.502102375030518,17.220474162101745,-10.26772165298462,0.09499999284744262,-0.0879999965429306
ch05_pounce_sets_now_vs_other_same_decision,ch05_pounce_sets_now_vs_other_same_decision__later_seats_remaining=2,later_seats_remaining,2,10,4.3886122262571,-0.433236039688345,9.97843740880489,-4.3886122262571,0.11699999943375587,-0.07600000016391277
ch05_pounce_sets_now_vs_other_same_decision,ch05_pounce_sets_now_vs_other_same_decision__seat_role=left_setter,seat_role,left_setter,9,5.367615620295207,0.38473559816678365,9.414526447984908,-5.367615620295207,0.07388888465033637,-0.07111110786596934
ch05_pounce_sets_now_vs_other_same_decision,ch05_pounce_sets_now_vs_other_same_decision__seat_role=right_setter,seat_role,right_setter,12,7.548875066645754,2.665734361844564,14.419579079825773,-7.548875066645754,0.09458333067595959,-0.057083334463338055
ch05_pounce_sets_now_vs_other_same_decision,ch05_pounce_sets_now_vs_other_same_decision__sets_now_label=true,sets_now_label,true,21,6.614049589638377,2.666165808079365,10.787151765823364,-6.614049589638377,0.08571428237926393,-0.06309523735018004
ch05_pounce_sets_now_vs_other_same_decision,ch05_pounce_sets_now_vs_other_same_decision__team=defense,team,defense,21,6.614049589638377,2.887698106502649,10.76019040293869,-6.614049589638377,0.08571428237926393,-0.06309523735018004
ch05_pounce_sets_now_vs_other_same_decision,ch05_pounce_sets_now_vs_other_same_decision__trick_idx=2,trick_idx,2,7,5.092413527624948,1.5375102622168404,9.149682837724686,-5.092413527624948,0.0971428496497018,-0.09142856725624629
ch05_pounce_sets_now_vs_other_same_decision,ch05_pounce_sets_now_vs_other_same_decision__trick_idx=4,trick_idx,4,5,1.06772294761613,-4.878695254495833,8.664436452218794,-1.06772294761613,0.06299999952316285,-0.0690000019967556
ch05_pounce_sets_now_vs_other_same_decision,ch05_pounce_sets_now_vs_other_same_decision__trick_idx=5,trick_idx,5,5,11.807378768920898,4.232056365013123,19.693512129783628,-11.807378768920898,0.0,0.0
ch05_pounce_sets_now_vs_other_same_decision,ch05_pounce_sets_now_vs_other_same_decision__trick_position=1,trick_position,1,10,4.3886122262571,0.4249353988014628,9.848307527501598,-4.3886122262571,0.11699999943375587,-0.07600000016391277
ch05_pounce_sets_now_vs_other_same_decision,ch05_pounce_sets_now_vs_other_same_decision__trick_position=2,trick_position,2,5,10.26772165298462,3.4179598879814153,18.731749780178067,-10.26772165298462,0.09499999284744262,-0.0879999965429306
ch05_pounce_sets_now_vs_other_same_decision,ch05_pounce_sets_now_vs_other_same_decision__trick_position=3,trick_position,3,6,7.278385142485301,0.9666848421096801,17.007523997624713,-7.278385142485301,0.02583332856496175,-0.020833333333333332
ch05_reckless_count_vs_nonreckless_same_decision,ch05_reckless_count_vs_nonreckless_same_decision__candidate_beats_current=false,candidate_beats_current,false,160,-8.26225248569681,-9.604480983661414,-6.650628511744289,8.26225248569681,-0.12287499933736398,0.123031249869382
ch05_reckless_count_vs_nonreckless_same_decision,ch05_reckless_count_vs_nonreckless_same_decision__candidate_would_win_now=false,candidate_would_win_now,false,160,-8.26225248569681,-10.042881747435459,-7.104073435436003,8.26225248569681,-0.12287499933736398,0.123031249869382
ch05_reckless_count_vs_nonreckless_same_decision,ch05_reckless_count_vs_nonreckless_same_decision__count_points=10,count_points,10,47,-12.30720428329833,-15.845314843381972,-9.66166289516903,12.30720428329833,-0.19978723579898794,0.2010638291372898
ch05_reckless_count_vs_nonreckless_same_decision,ch05_reckless_count_vs_nonreckless_same_decision__count_points=5,count_points,5,113,-6.579838906163432,-8.462603306806795,-4.929913382381368,6.579838906163432,-0.09088495408341421,0.09057522132432302
ch05_reckless_count_vs_nonreckless_same_decision,ch05_reckless_count_vs_nonreckless_same_decision__current_winner_team=offense,current_winner_team,offense,160,-8.26225248569681,-10.176241806428878,-6.690839390053226,8.26225248569681,-0.12287499933736398,0.123031249869382
ch05_reckless_count_vs_nonreckless_same_decision,ch05_reckless_count_vs_nonreckless_same_decision__decl=blanks,decl,blanks,27,-11.246136796695215,-16.177833942406707,-7.4068995734331775,11.246136796695215,-0.1825925945131867,0.1874074081165923
ch05_reckless_count_vs_nonreckless_same_decision,ch05_reckless_count_vs_nonreckless_same_decision__decl=fives,decl,fives,11,-5.735652988607233,-10.60388807871125,-1.8986554606394352,5.735652988607233,-0.10318182679739865,0.1022727271033959
ch05_reckless_count_vs_nonreckless_same_decision,ch05_reckless_count_vs_nonreckless_same_decision__decl=fours,decl,fours,14,-9.261566939530894,-15.815154168722387,-4.368520522641486,9.261566939530894,-0.18607142567634583,0.18928571763847554
ch05_reckless_count_vs_nonreckless_same_decision,ch05_reckless_count_vs_nonreckless_same_decision__decl=ones,decl,ones,24,-8.072773069143295,-15.094439012308914,-3.0691906906664372,8.072773069143295,-0.12354166526347399,0.12062500490962218
ch05_reckless_count_vs_nonreckless_same_decision,ch05_reckless_count_vs_nonreckless_same_decision__decl=sixes,decl,sixes,31,-7.8670755331554725,-11.976663114094446,-4.671512444089018,7.8670755331554725,-0.08951612616017941,0.09209676964148399
ch05_reckless_count_vs_nonreckless_same_decision,ch05_reckless_count_vs_nonreckless_same_decision__decl=threes,decl,threes,23,-6.129413161588752,-8.164609773521837,-4.242289813705115,6.129413161588752,-0.11282608690469162,0.11260869289221971
ch05_reckless_count_vs_nonreckless_same_decision,ch05_reckless_count_vs_nonreckless_same_decision__decl=twos,decl,twos,30,-8.23193954229355,-11.167158800487716,-4.775156986316046,8.23193954229355,-0.08849999705950419,0.08366666672130425
ch05_reckless_count_vs_nonreckless_same_decision,ch05_reckless_count_vs_nonreckless_same_decision__later_seats_remaining=0,later_seats_remaining,0,68,-9.416154963128706,-12.356994195501594,-6.766902516639847,9.416154963128706,-0.14036764645510735,0.1409558812430238
ch05_reckless_count_vs_nonreckless_same_decision,ch05_reckless_count_vs_nonreckless_same_decision__later_seats_remaining=1,later_seats_remaining,1,17,-12.68037644554587,-16.809422659172732,-8.145510969442482,12.68037644554587,-0.17882352541474736,0.16970587762839653
ch05_reckless_count_vs_nonreckless_same_decision,ch05_reckless_count_vs_nonreckless_same_decision__later_seats_remaining=2,later_seats_remaining,2,75,-6.2146061419261,-7.950965137027359,-4.790182964861705,6.2146061419261,-0.09433333337306976,0.09620000179857016
ch05_reckless_count_vs_nonreckless_same_decision,ch05_reckless_count_vs_nonreckless_same_decision__seat_role=left_setter,seat_role,left_setter,75,-6.447092084089915,-8.450477625072002,-5.274292239904405,6.447092084089915,-0.09659999949236711,0.0979999986787637
ch05_reckless_count_vs_nonreckless_same_decision,ch05_reckless_count_vs_nonreckless_same_decision__seat_role=right_setter,seat_role,right_setter,85,-9.863864604761714,-12.293816997165765,-7.214640628301046,9.863864604761714,-0.14605882273000828,0.1451176479787511
ch05_reckless_count_vs_nonreckless_same_decision,ch05_reckless_count_vs_nonreckless_same_decision__sets_now_label=false,sets_now_label,false,160,-8.26225248569681,-10.073132648889803,-6.550411039378451,8.26225248569681,-0.12287499933736398,0.123031249869382
ch05_reckless_count_vs_nonreckless_same_decision,ch05_reckless_count_vs_nonreckless_same_decision__team=defense,team,defense,160,-8.26225248569681,-9.858484930284902,-6.652643426838914,8.26225248569681,-0.12287499933736398,0.123031249869382
ch05_reckless_count_vs_nonreckless_same_decision,ch05_reckless_count_vs_nonreckless_same_decision__trick_idx=0,trick_idx,0,33,-13.182582146290576,-16.554709642854604,-8.719064332002944,13.182582146290576,-0.22409090986757568,0.22833333469249986
ch05_reckless_count_vs_nonreckless_same_decision,ch05_reckless_count_vs_nonreckless_same_decision__trick_idx=1,trick_idx,1,30,-10.888693593939145,-14.20086071272691,-7.0019518895944,10.888693593939145,-0.15266666660706202,0.1549999979014198
ch05_reckless_count_vs_nonreckless_same_decision,ch05_reckless_count_vs_nonreckless_same_decision__trick_idx=2,trick_idx,2,29,-5.707121394317726,-8.902199474298236,-3.156897394641722,5.707121394317726,-0.10534482307989022,0.10120689785429116
ch05_reckless_count_vs_nonreckless_same_decision,ch05_reckless_count_vs_nonreckless_same_decision__trick_idx=3,trick_idx,3,28,-8.392478925841194,-12.501727023933615,-4.972557362062591,8.392478925841194,-0.10607142959322248,0.10142857152303415
ch05_reckless_count_vs_nonreckless_same_decision,ch05_reckless_count_vs_nonreckless_same_decision__trick_idx=4,trick_idx,4,26,-4.542439575611542,-9.06400348197382,-1.759694850782846,4.542439575611542,-0.06807692141200487,0.07346153689118531
ch05_reckless_count_vs_nonreckless_same_decision,ch05_reckless_count_vs_nonreckless_same_decision__trick_idx=5,trick_idx,5,14,-2.976787124361311,-6.043504099334989,-0.6102668106555948,2.976787124361311,0.007857141750199454,-0.0132142858845847
ch05_reckless_count_vs_nonreckless_same_decision,ch05_reckless_count_vs_nonreckless_same_decision__trick_position=1,trick_position,1,75,-6.2146061419261,-7.647419240113347,-4.929470857150543,6.2146061419261,-0.09433333337306976,0.09620000179857016
ch05_reckless_count_vs_nonreckless_same_decision,ch05_reckless_count_vs_nonreckless_same_decision__trick_position=2,trick_position,2,17,-12.68037644554587,-17.911671376228334,-8.291572920715108,12.68037644554587,-0.17882352541474736,0.16970587762839653
ch05_reckless_count_vs_nonreckless_same_decision,ch05_reckless_count_vs_nonreckless_same_decision__trick_position=3,trick_position,3,68,-9.416154963128706,-12.945457515766954,-6.994379326635425,9.416154963128706,-0.14036764645510735,0.1409558812430238
ch04_safe_partner_count_vs_other_same_decision,ch04_safe_partner_count_vs_other_same_decision__candidate_beats_current=false,candidate_beats_current,false,26,1.2662100723156562,0.03139110310719566,2.332260342286183,-1.2662100723156562,0.020961537957191467,-0.025769230730545063
ch04_safe_partner_count_vs_other_same_decision,ch04_safe_partner_count_vs_other_same_decision__candidate_beats_current=true,candidate_beats_current,true,7,-2.576752713748387,-7.165904058303152,3.8166154627289073,2.576752713748387,-0.07928570679255895,-0.017857143389327184
ch04_safe_partner_count_vs_other_same_decision,ch04_safe_partner_count_vs_other_same_decision__candidate_would_win_now=false,candidate_would_win_now,false,26,1.2662100723156562,-0.0758571408689022,2.6514680461241644,-1.2662100723156562,0.020961537957191467,-0.025769230730545063
ch04_safe_partner_count_vs_other_same_decision,ch04_safe_partner_count_vs_other_same_decision__candidate_would_win_now=true,candidate_would_win_now,true,7,-2.576752713748387,-7.119899589249066,2.7372591848884307,2.576752713748387,-0.07928570679255895,-0.017857143389327184
ch04_safe_partner_count_vs_other_same_decision,ch04_safe_partner_count_vs_other_same_decision__count_points=10,count_points,10,18,0.8585320512453715,-1.5093951314687728,3.0837031972077154,-0.8585320512453715,0.023888891769780055,-0.034444443674551115
ch04_safe_partner_count_vs_other_same_decision,ch04_safe_partner_count_vs_other_same_decision__count_points=5,count_points,5,15,-0.037958935896555586,-1.9256141023834545,2.1385560168822586,0.037958935896555586,-0.02933333416779836,-0.011666667771836121
ch04_safe_partner_count_vs_other_same_decision,ch04_safe_partner_count_vs_other_same_decision__current_winner_team=offense,current_winner_team,offense,33,0.451036147999041,-1.2349151367490943,1.8453324904947557,-0.451036147999041,-0.0003030291109374075,-0.024090909173317028
ch04_safe_partner_count_vs_other_same_decision,ch04_safe_partner_count_vs_other_same_decision__decl=fours,decl,fours,5,4.494977843761444,2.734520435333252,7.4058685302734375,-4.494977843761444,0.021999996900558472,-0.0869999997317791
ch04_safe_partner_count_vs_other_same_decision,ch04_safe_partner_count_vs_other_same_decision__decl=ones,decl,ones,8,-2.229707345366478,-6.26768996566534,2.1729592133313407,2.229707345366478,-0.010000001639127731,0.027499998221173882
ch04_safe_partner_count_vs_other_same_decision,ch04_safe_partner_count_vs_other_same_decision__decl=sixes,decl,sixes,5,1.2764282703399659,-0.5385276794433593,3.2961686134338377,-1.2764282703399659,-0.009999996423721314,-0.048999999463558194
ch04_safe_partner_count_vs_other_same_decision,ch04_safe_partner_count_vs_other_same_decision__decl=twos,decl,twos,5,1.4880875825881958,-1.7466736704111097,5.103350732922554,-1.4880875825881958,0.027999994158744813,-0.0529999990016222
ch04_safe_partner_count_vs_other_same_decision,ch04_safe_partner_count_vs_other_same_decision__later_seats_remaining=1,later_seats_remaining,1,31,0.07840290569490002,-1.4936123548015472,1.8977345380090855,-0.07840290569490002,-0.00806451516766702,-0.015967741638662353
ch04_safe_partner_count_vs_other_same_decision,ch04_safe_partner_count_vs_other_same_decision__seat_role=bidder_partner,seat_role,bidder_partner,33,0.451036147999041,-0.8499279800689582,1.920544256134466,-0.451036147999041,-0.0003030291109374075,-0.024090909173317028
ch04_safe_partner_count_vs_other_same_decision,ch04_safe_partner_count_vs_other_same_decision__sets_now_label=false,sets_now_label,false,33,0.451036147999041,-0.9851081345117453,1.8781595631530783,-0.451036147999041,-0.0003030291109374075,-0.024090909173317028
ch04_safe_partner_count_vs_other_same_decision,ch04_safe_partner_count_vs_other_same_decision__team=offense,team,offense,33,0.451036147999041,-0.8288010379581741,1.751695626703175,-0.451036147999041,-0.0003030291109374075,-0.024090909173317028
ch04_safe_partner_count_vs_other_same_decision,ch04_safe_partner_count_vs_other_same_decision__trick_idx=0,trick_idx,0,11,0.6369861689480868,-2.735426676815206,3.2047233288938344,-0.6369861689480868,0.02272728220982985,-0.004090906459499489
ch04_safe_partner_count_vs_other_same_decision,ch04_safe_partner_count_vs_other_same_decision__trick_idx=1,trick_idx,1,8,-0.24433189630508423,-1.819317674636841,0.9025833427906027,0.24433189630508423,-0.03187500685453415,-0.024999998742714524
ch04_safe_partner_count_vs_other_same_decision,ch04_safe_partner_count_vs_other_same_decision__trick_idx=2,trick_idx,2,6,0.6344489753246307,-2.5800148638586204,4.118213838587202,-0.6344489753246307,-0.023333335916201275,-0.04333334105710188
ch04_safe_partner_count_vs_other_same_decision,ch04_safe_partner_count_vs_other_same_decision__trick_position=2,trick_position,2,31,0.07840290569490002,-1.2518590619487147,1.9771112637173727,-0.07840290569490002,-0.00806451516766702,-0.015967741638662353
ch04_unsafe_partner_count_vs_nonunsafe_same_decision,ch04_unsafe_partner_count_vs_nonunsafe_same_decision__candidate_beats_current=false,candidate_beats_current,false,40,-12.167790047079325,-15.731321496721357,-8.80921286188066,12.167790047079325,-0.2268749994924292,0.13675000139046462
ch04_unsafe_partner_count_vs_nonunsafe_same_decision,ch04_unsafe_partner_count_vs_nonunsafe_same_decision__candidate_would_win_now=false,candidate_would_win_now,false,40,-12.167790047079325,-15.651374506428837,-8.638573621530085,12.167790047079325,-0.2268749994924292,0.13675000139046462
ch04_unsafe_partner_count_vs_nonunsafe_same_decision,ch04_unsafe_partner_count_vs_nonunsafe_same_decision__count_points=10,count_points,10,23,-15.852219471464986,-21.381060698207307,-10.571174022360992,15.852219471464986,-0.26108695578801894,0.1869565224598931
ch04_unsafe_partner_count_vs_nonunsafe_same_decision,ch04_unsafe_partner_count_vs_nonunsafe_same_decision__count_points=5,count_points,5,17,-7.182973767028136,-10.440368179889287,-4.19749490057721,7.182973767028136,-0.1805882350925137,0.06882353170829661
ch04_unsafe_partner_count_vs_nonunsafe_same_decision,ch04_unsafe_partner_count_vs_nonunsafe_same_decision__current_winner_team=defense,current_winner_team,defense,40,-12.167790047079325,-16.047953526917844,-8.691463275235147,12.167790047079325,-0.2268749994924292,0.13675000139046462
ch04_unsafe_partner_count_vs_nonunsafe_same_decision,ch04_unsafe_partner_count_vs_nonunsafe_same_decision__decl=blanks,decl,blanks,6,-13.936203534404436,-21.48079554053644,-6.334711659699697,13.936203534404436,-0.28666667143503827,0.13999999578421315
ch04_unsafe_partner_count_vs_nonunsafe_same_decision,ch04_unsafe_partner_count_vs_nonunsafe_same_decision__decl=fours,decl,fours,9,-10.034006569120619,-16.652442436085806,-3.114771197239583,10.034006569120619,-0.131111110560596,0.1672222295569049
ch04_unsafe_partner_count_vs_nonunsafe_same_decision,ch04_unsafe_partner_count_vs_nonunsafe_same_decision__decl=ones,decl,ones,6,-12.338834782441458,-21.36483895033598,-6.084910602867604,12.338834782441458,-0.23666666075587273,0.178333330899477
ch04_unsafe_partner_count_vs_nonunsafe_same_decision,ch04_unsafe_partner_count_vs_nonunsafe_same_decision__decl=sixes,decl,sixes,7,-13.823221777166639,-25.56782317097698,-2.3177133174879243,13.823221777166639,-0.31142857138599667,0.020000006471361433
ch04_unsafe_partner_count_vs_nonunsafe_same_decision,ch04_unsafe_partner_count_vs_nonunsafe_same_decision__decl=twos,decl,twos,6,-9.324443499247232,-18.833264032999676,-1.3759387135505683,9.324443499247232,-0.17333333504696688,0.13583333417773247
ch04_unsafe_partner_count_vs_nonunsafe_same_decision,ch04_unsafe_partner_count_vs_nonunsafe_same_decision__later_seats_remaining=1,later_seats_remaining,1,14,-13.343665199620384,-20.223733767441338,-8.133392941100258,13.343665199620384,-0.3232142876700631,0.11571429117715784
ch04_unsafe_partner_count_vs_nonunsafe_same_decision,ch04_unsafe_partner_count_vs_nonunsafe_same_decision__later_seats_remaining=2,later_seats_remaining,2,22,-10.983774973587556,-15.150378730893134,-7.840066125650303,10.983774973587556,-0.14931818030097269,0.15590909055688165
ch04_unsafe_partner_count_vs_nonunsafe_same_decision,ch04_unsafe_partner_count_vs_nonunsafe_same_decision__seat_role=bidder_partner,seat_role,bidder_partner,40,-12.167790047079325,-16.670610252600163,-8.854715173859152,12.167790047079325,-0.2268749994924292,0.13675000139046462
ch04_unsafe_partner_count_vs_nonunsafe_same_decision,ch04_unsafe_partner_count_vs_nonunsafe_same_decision__sets_now_label=false,sets_now_label,false,40,-12.167790047079325,-15.607282989826054,-8.856297047622505,12.167790047079325,-0.2268749994924292,0.13675000139046462
ch04_unsafe_partner_count_vs_nonunsafe_same_decision,ch04_unsafe_partner_count_vs_nonunsafe_same_decision__team=offense,team,offense,40,-12.167790047079325,-15.2124306531623,-9.163203295543791,12.167790047079325,-0.2268749994924292,0.13675000139046462
ch04_unsafe_partner_count_vs_nonunsafe_same_decision,ch04_unsafe_partner_count_vs_nonunsafe_same_decision__trick_idx=1,trick_idx,1,8,-18.36736772954464,-28.805696591734886,-8.302549967542294,18.36736772954464,-0.3299999972805381,0.17500000458676368
ch04_unsafe_partner_count_vs_nonunsafe_same_decision,ch04_unsafe_partner_count_vs_nonunsafe_same_decision__trick_idx=2,trick_idx,2,10,-16.054529094696044,-21.210576398372652,-9.591517286300661,16.054529094696044,-0.34049999974668027,0.16950000450015068
ch04_unsafe_partner_count_vs_nonunsafe_same_decision,ch04_unsafe_partner_count_vs_nonunsafe_same_decision__trick_idx=3,trick_idx,3,7,-8.654639205762319,-13.129149282936538,-5.3445630341768275,8.654639205762319,-0.16785714349576406,0.10142856942755836
ch04_unsafe_partner_count_vs_nonunsafe_same_decision,ch04_unsafe_partner_count_vs_nonunsafe_same_decision__trick_idx=4,trick_idx,4,8,-8.224492885172367,-11.833988798968495,-4.510625005327167,8.224492885172367,-0.12875000201165676,0.14124999567866325
ch04_unsafe_partner_count_vs_nonunsafe_same_decision,ch04_unsafe_partner_count_vs_nonunsafe_same_decision__trick_idx=5,trick_idx,5,6,-3.3870851596196494,-7.857185783982277,-0.29150909086068877,3.3870851596196494,-0.09583333134651184,-0.029166661202907562
ch04_unsafe_partner_count_vs_nonunsafe_same_decision,ch04_unsafe_partner_count_vs_nonunsafe_same_decision__trick_position=1,trick_position,1,22,-10.983774973587556,-14.299158142371612,-6.748767032948409,10.983774973587556,-0.14931818030097269,0.15590909055688165
ch04_unsafe_partner_count_vs_nonunsafe_same_decision,ch04_unsafe_partner_count_vs_nonunsafe_same_decision__trick_position=2,trick_position,2,14,-13.343665199620384,-21.060802955286846,-8.139579155615397,13.343665199620384,-0.3232142876700631,0.11571429117715784
