game_idx,hand_idx,seed,a_team,dealer,redeals,forced,bidder,bidder_is_a,bid_value,decl_id,team_a_pts,team_b_pts,made,marks_a_after,marks_b_after
0,0,4045842241,0,0,0,0,1,0,30,4,18,24,0,1,0
0,1,1562299012,0,1,0,0,2,1,30,4,24,18,0,1,1
0,2,420918581,0,2,0,0,2,1,31,3,25,17,0,1,2
0,3,3526887433,0,3,0,0,1,0,30,4,1,41,1,1,3
0,4,3190827852,0,0,0,0,0,1,31,1,41,1,1,2,3
0,5,2001829408,0,1,0,0,2,1,30,4,34,8,1,3,3
0,6,860448977,0,2,0,0,0,1,31,6,41,1,1,4,3
0,7,3966417829,0,3,0,0,1,0,30,2,13,29,0,5,3
0,8,3630358248,0,0,0,0,2,1,31,4,30,12,0,5,4
0,9,3294298667,0,1,0,0,3,0,30,4,23,19,0,6,4
0,10,2105300223,0,2,0,0,0,1,31,4,30,12,0,6,5
0,11,963919792,0,3,0,0,2,1,31,4,36,6,1,7,5
1,0,2257259890,0,0,0,0,0,1,31,2,36,6,1,1,0
1,1,1921200309,0,1,0,0,2,1,30,4,19,23,0,1,1
1,2,3732624376,0,2,0,0,3,0,30,4,25,17,0,2,1
1,3,2642964819,0,3,0,0,2,1,31,4,42,0,1,3,1
1,4,1402245501,0,0,0,0,1,0,30,4,40,2,0,4,1
1,5,2360730705,0,1,0,0,2,1,30,1,42,0,1,5,1
1,6,4172154772,0,2,0,0,2,1,31,4,20,22,0,5,2
1,7,3082495215,0,3,0,0,2,1,31,5,41,1,1,6,2
1,8,3989259545,0,0,0,0,1,0,30,2,7,35,1,6,3
1,9,1505716316,0,1,0,0,2,1,30,1,25,17,0,6,4
1,10,316717872,0,2,0,0,0,1,31,5,24,18,0,6,5
1,11,4275625587,0,3,0,0,2,1,31,1,42,0,1,7,5
2,0,270739541,0,0,0,0,0,1,31,5,31,11,1,1,0
2,1,4229647256,0,1,0,0,0,1,31,0,36,6,1,2,0
2,2,2235327962,0,2,0,0,3,0,30,5,24,18,0,3,0
2,3,1899268381,0,3,0,0,1,0,30,5,19,23,0,4,0
2,4,3710692448,0,0,0,0,2,1,31,5,31,11,1,5,0
2,5,374210356,0,1,0,0,3,0,30,5,13,29,0,6,0
2,6,3527797221,0,2,0,0,2,1,32,4,30,12,0,6,1
2,7,2338798777,0,3,0,0,2,1,31,3,42,0,1,7,1
3,0,3046224313,0,0,0,0,0,1,31,5,24,18,0,0,1
3,1,1857225869,0,1,0,0,3,0,30,6,6,36,1,0,2
3,2,1521166288,0,2,0,0,2,1,31,6,18,24,0,0,3
3,3,332167844,0,3,0,0,0,1,30,1,19,23,0,0,4
3,4,4291075559,0,0,0,0,1,0,30,4,17,25,0,1,4
3,5,2296756265,0,1,0,0,0,1,31,2,41,1,1,2,4
3,6,1960696684,0,2,0,0,0,1,31,4,35,7,1,3,4
3,7,1624637103,0,3,0,0,0,1,30,6,42,0,1,4,4
3,8,435638659,0,0,0,0,1,0,30,4,30,12,0,5,4
3,9,3589225524,0,1,0,0,0,1,31,3,14,28,0,5,5
3,10,2400227080,0,2,0,0,3,0,30,1,0,42,1,5,6
3,11,2064167499,0,3,0,0,1,0,30,6,8,34,1,5,7
4,0,2354248749,0,0,0,0,2,1,31,4,41,1,1,1,0
4,1,4165672816,0,1,0,0,2,1,30,4,42,0,1,2,0
4,2,3024292385,0,2,0,0,2,1,32,5,41,1,1,3,0
4,3,1835293941,0,3,0,0,1,0,30,5,23,19,0,4,0
4,4,1499234360,0,0,0,0,2,1,31,4,41,1,1,5,0
4,5,310235916,0,1,0,0,3,0,30,4,23,19,0,6,0
4,6,3463822781,0,2,0,0,3,0,30,6,19,23,0,7,0
5,0,565666398,0,0,0,0,0,1,31,2,29,13,0,0,1
5,1,229606817,0,1,0,0,3,0,30,6,7,35,1,0,2
5,2,2041030884,0,2,0,0,3,0,30,5,8,34,1,0,3
5,3,852032440,0,3,0,0,1,0,30,5,42,0,0,1,3
5,4,4005619305,0,0,0,0,1,0,30,6,0,42,1,1,4
5,5,669137213,0,1,0,0,0,1,31,5,42,0,1,2,4
5,6,2480561280,0,2,0,0,3,0,30,5,30,12,0,3,4
5,7,3439046484,0,3,0,0,0,1,30,4,19,23,0,3,5
5,8,150182405,0,0,0,0,1,0,30,4,21,21,0,4,5
5,9,4109090120,0,1,0,0,2,1,30,2,19,23,0,4,6
5,10,2920091676,0,2,0,0,2,1,31,5,42,0,1,5,6
5,11,2584032095,0,3,0,0,1,0,30,5,23,19,0,6,6
5,12,589712801,0,0,0,0,0,1,31,0,18,24,0,6,7
6,0,2874113345,0,0,0,0,0,1,32,6,15,27,0,0,1
6,1,3780877675,0,1,0,0,3,0,30,1,0,42,1,0,2
6,2,1297334446,0,2,0,0,3,0,30,4,8,34,1,0,3
6,3,207674889,0,3,0,0,0,1,30,1,35,7,1,1,3
6,4,2019098956,0,0,0,0,0,1,31,0,39,3,1,2,3
6,5,4220408071,0,1,0,0,3,0,30,4,18,24,0,3,3
6,6,1736864842,0,2,0,0,3,0,30,0,13,29,0,4,3
6,7,647205285,0,3,0,0,0,1,30,4,30,12,1,5,3
6,8,2458629352,0,0,0,0,1,0,30,4,7,35,1,5,4
6,9,2122569771,0,1,0,0,0,1,31,2,19,23,0,5,5
6,10,2176395238,0,2,0,0,0,1,31,5,35,7,1,6,5
6,11,1840335657,0,3,0,0,2,1,31,2,28,14,0,6,6
6,12,2898159748,0,0,0,0,2,1,31,6,11,31,0,6,7
7,0,2130416907,0,0,0,0,0,1,31,1,28,14,0,0,1
7,1,1794357326,0,1,0,0,2,1,30,6,36,6,1,1,1
7,2,3605781393,0,2,0,0,2,1,31,4,33,9,1,2,1
7,3,3758945747,0,3,0,0,2,1,31,5,42,0,1,3,1
7,4,1275402518,0,0,0,0,1,0,30,1,1,41,1,3,2
7,5,2233887722,0,1,0,0,2,1,30,5,41,1,1,4,2
7,6,4045311789,0,2,0,0,2,1,31,5,41,1,1,5,2
7,7,4198476143,0,3,0,0,2,1,31,6,30,12,0,5,3
7,8,1714932914,0,0,0,0,0,1,31,6,17,25,0,5,4
7,9,1378873333,0,1,0,0,2,1,30,4,30,12,1,6,4
7,10,189874889,0,2,0,0,3,0,30,0,0,42,1,6,5
7,11,3343461754,0,3,0,0,0,1,30,0,31,11,1,7,5
8,0,1416255233,0,0,0,0,0,1,31,6,30,12,0,0,1
8,1,2474079324,0,1,0,0,3,0,30,1,23,19,0,1,1
8,2,3380843654,0,2,0,0,3,0,30,4,20,22,0,2,1
8,3,2191845210,0,3,0,0,0,1,30,3,36,6,1,3,1
8,4,1855785629,0,0,0,0,1,0,30,3,16,26,0,4,1
8,5,2913609720,0,1,0,0,2,1,30,0,31,11,1,5,1
8,6,3820374050,0,2,0,0,3,0,30,3,12,30,1,5,2
8,7,3484314469,0,3,0,0,2,1,31,5,41,1,1,6,2
8,8,2295316025,0,0,0,0,0,1,31,0,30,12,0,6,3
8,9,1959256444,0,1,0,0,0,1,31,5,25,17,0,6,4
8,10,4259904446,0,2,0,0,3,0,30,5,29,13,0,7,4
9,0,2650281503,0,0,0,0,2,1,31,1,42,0,1,1,0
9,1,2314221922,0,1,0,0,2,1,30,0,35,7,1,2,0
9,2,319902628,0,2,0,0,2,1,31,5,24,18,0,2,1
9,3,4278810343,0,3,0,0,1,0,30,0,24,18,0,3,1
9,4,3942750762,0,0,0,0,2,1,31,4,35,7,1,4,1
9,5,2753752318,0,1,0,0,3,0,30,6,24,18,0,5,1
9,6,1612371887,0,2,0,0,3,0,30,4,18,24,0,6,1
9,7,423373443,0,3,0,0,2,1,31,0,36,6,1,7,1
10,0,3230664614,0,0,0,0,0,1,31,1,42,0,1,1,0
10,1,2089284183,0,1,0,0,2,1,30,0,24,18,0,1,1
10,2,3900708250,0,2,0,0,2,1,31,4,41,1,1,2,1
10,3,2711709806,0,3,0,0,2,1,31,4,42,0,1,3,1
10,4,2375650225,0,0,0,0,1,0,30,5,29,13,0,4,1
10,5,2528814579,0,1,0,0,3,0,30,4,7,35,1,4,2
10,6,45271350,0,2,0,0,3,0,30,6,8,34,1,4,3
10,7,1003756554,0,3,0,0,1,0,30,5,19,23,0,5,3
10,8,2815180621,0,0,0,0,1,0,30,6,11,31,1,5,4
10,9,1673800190,0,1,0,0,3,0,30,5,13,29,0,6,4
10,10,484801746,0,2,0,0,0,1,31,0,41,1,1,7,4
11,0,438823415,0,0,0,0,1,0,30,6,20,22,0,1,0
11,1,2250247482,0,1,0,0,3,0,30,5,19,23,0,2,0
11,2,1914187901,0,2,0,0,2,1,32,4,24,18,0,2,1
11,3,2067352255,0,3,0,0,2,1,31,6,42,0,1,3,1
11,4,3878776322,0,0,0,0,1,0,30,5,30,12,0,4,1
11,5,542294230,0,1,0,0,3,0,30,4,6,36,1,4,2
11,6,2353718297,0,2,0,0,0,1,31,0,3,39,0,4,3
11,7,2506882651,0,3,0,0,1,0,30,3,11,31,1,4,4
11,8,23339422,0,0,0,0,2,1,31,2,20,22,0,4,5
11,9,3982247137,0,1,0,0,3,0,30,5,39,3,0,5,5
11,10,2793248693,0,2,0,0,3,0,30,5,1,41,1,5,6
11,11,3700013023,0,3,0,0,2,1,31,5,17,25,0,5,7
12,0,4019629037,0,0,0,0,2,1,31,6,40,2,1,1,0
12,1,2025309743,0,1,0,0,0,1,31,3,36,6,1,2,0
12,2,1689250162,0,2,0,0,3,0,30,2,1,41,1,2,1
12,3,500251718,0,3,0,0,2,1,31,2,35,7,1,3,1
12,4,164192137,0,0,0,0,1,0,30,4,28,14,0,4,1
12,5,3270160989,0,1,0,0,3,0,30,4,19,23,0,5,1
12,6,2128780558,0,2,0,0,2,1,31,1,41,1,1,6,1
12,7,1792720977,0,3,0,0,2,1,31,4,17,25,0,6,2
12,8,603722533,0,0,0,0,2,1,31,6,26,16,0,6,3
12,9,2415146600,0,1,0,0,3,0,30,4,29,13,0,7,3
13,0,3275932599,0,0,0,0,1,0,30,3,6,36,1,0,1
13,1,38789394,0,1,0,0,0,1,31,6,25,17,0,0,2
13,2,1750874574,0,2,0,0,2,1,31,0,34,8,1,1,2
13,3,4051522576,0,3,0,0,0,1,30,4,21,21,0,1,3
13,4,3715462995,0,0,0,0,1,0,30,0,18,24,0,2,3
13,5,478319790,0,1,0,0,2,1,30,3,30,12,1,3,3
13,6,142260209,0,2,0,0,2,1,31,4,19,23,0,3,4
13,7,1049024539,0,3,0,0,2,1,31,1,29,13,0,3,5
13,8,4154993391,0,0,0,0,0,1,31,1,41,1,1,4,5
13,9,3818933810,0,1,0,0,3,0,30,5,41,1,0,5,5
13,10,581790605,0,2,0,0,2,1,32,5,20,22,0,5,6
13,11,1488554935,0,3,0,0,1,0,30,5,6,36,1,5,7
14,0,214991573,0,0,0,0,1,0,30,6,22,20,0,1,0
14,1,4173899288,0,1,0,0,3,0,30,4,19,23,0,2,0
14,2,2984900844,0,2,0,0,3,0,30,4,8,34,1,2,1
14,3,1843520413,0,3,0,0,1,0,30,4,0,42,1,2,2
14,4,1507460832,0,0,0,0,2,1,31,5,31,11,1,3,2
14,5,318462388,0,1,0,0,3,0,30,4,1,41,1,3,3
14,6,4277370103,0,2,0,0,2,1,31,5,42,0,1,4,3
14,7,3088371659,0,3,0,0,1,0,30,4,36,6,0,5,3
14,8,1946991228,0,0,0,0,1,0,30,5,1,41,1,5,4
14,9,757992784,0,1,0,0,0,1,31,6,31,11,1,6,4
14,10,421933203,0,2,0,0,3,0,30,4,0,42,1,6,5
14,11,2233357270,0,3,0,0,1,0,30,2,11,31,1,6,6
14,12,2386521624,0,0,0,0,1,0,30,5,12,30,1,6,7
15,0,795374684,0,0,0,0,0,1,31,3,31,11,1,1,0
15,1,2606798751,0,1,0,0,3,0,30,5,13,29,0,2,0
15,2,1465418320,0,2,0,0,3,0,30,4,26,16,0,3,0
15,3,2423903524,0,3,0,0,1,0,30,5,25,17,0,4,0
15,4,4235327591,0,0,0,0,1,0,30,5,23,19,0,5,0
15,5,3046329147,0,1,0,0,0,1,31,2,31,11,1,6,0
15,6,1904948716,0,2,0,0,3,0,30,1,6,36,1,6,1
15,7,2863433920,0,3,0,0,0,1,30,4,23,19,0,6,2
15,8,379890691,0,0,0,0,0,1,32,2,19,23,0,6,3
15,9,43831110,0,1,0,0,2,1,30,5,42,0,1,7,3
16,0,2298500781,0,0,0,0,2,1,31,6,30,12,0,0,1
16,1,4109924848,0,1,0,0,3,0,30,4,41,1,0,1,1
16,2,3773865267,0,2,0,0,3,0,30,4,12,30,1,1,2
16,3,2584866823,0,3,0,0,1,0,30,4,11,31,1,1,3
16,4,1443486392,0,0,0,0,0,1,32,6,8,34,0,1,4
16,5,2401971596,0,1,0,0,3,0,30,4,18,24,0,2,4
16,6,4213395663,0,2,0,0,3,0,30,4,1,41,1,2,5
16,7,3024397219,0,3,0,0,0,1,30,4,31,11,1,3,5
16,8,1883016788,0,0,0,0,0,1,31,6,24,18,0,3,6
16,9,1546957207,0,1,0,0,0,1,31,0,24,18,0,3,7
17,0,1584339107,0,0,0,0,0,1,31,4,42,0,1,1,0
17,1,395340663,0,1,0,0,0,1,31,6,29,13,0,1,1
17,2,59281082,0,2,0,0,2,1,31,2,31,11,1,2,1
17,3,2359929084,0,3,0,0,0,1,30,1,35,7,1,3,1
17,4,2023869503,0,0,0,0,1,0,30,4,42,0,0,4,1
17,5,834871059,0,1,0,0,3,0,30,4,20,22,0,5,1
17,6,498811478,0,2,0,0,2,1,31,6,34,8,1,6,1
17,7,3652398343,0,3,0,0,0,1,30,6,25,17,0,6,2
17,8,2463399899,0,0,0,0,0,1,31,2,29,13,0,6,3
17,9,4274823966,0,1,0,0,3,0,30,4,17,25,0,7,3
18,0,571542842,0,0,0,0,1,0,30,4,23,19,0,1,0
18,1,235483261,0,1,0,0,2,1,30,1,8,34,0,1,1
18,2,1293307352,0,2,0,0,3,0,30,4,26,16,0,2,1
18,3,2200071682,0,3,0,0,1,0,30,4,18,24,0,3,1
18,4,1864012101,0,0,0,0,0,1,31,3,30,12,0,3,2
18,5,675013657,0,1,0,0,0,1,31,0,28,14,0,3,3
18,6,2486437724,0,2,0,0,3,0,30,5,34,8,0,4,3
18,7,2639602078,0,3,0,0,0,1,30,5,30,12,1,5,3
18,8,2303542497,0,0,0,0,0,1,32,5,35,7,1,6,3
18,9,4114966564,0,1,0,0,0,1,31,5,42,0,1,7,3
19,0,3398748488,0,0,0,0,1,0,30,5,15,27,0,1,0
19,1,915205259,0,1,0,0,2,1,30,4,23,19,0,1,1
19,2,4068792124,0,2,0,0,3,0,30,4,19,23,0,2,1
19,3,2879793680,0,3,0,0,1,0,30,4,0,42,1,2,2
19,4,2543734099,0,0,0,0,1,0,30,5,6,36,1,2,3
19,5,1354735655,0,1,0,0,3,0,30,4,27,15,0,3,3
19,6,213355224,0,2,0,0,3,0,30,4,0,42,1,3,4
19,7,4172262939,0,3,0,0,0,1,30,6,24,18,0,3,5
19,8,2983264495,0,0,0,0,0,1,31,1,42,0,1,4,5
19,9,2647204914,0,1,0,0,2,1,30,2,40,2,1,5,5
19,10,652885620,0,2,0,0,0,1,31,6,23,19,0,5,6
19,11,316826039,0,3,0,0,0,1,30,2,42,0,1,6,6
19,12,3422794891,0,0,0,0,2,1,31,2,41,1,1,7,6
20,0,2655052050,0,0,0,0,1,0,30,1,33,9,0,1,0
20,1,171508821,0,1,0,0,3,0,30,4,9,33,1,1,1
20,2,4130416536,0,2,0,0,2,1,31,0,36,6,1,2,1
20,3,4283580890,0,3,0,0,0,1,30,4,25,17,0,2,2
20,4,1800037661,0,0,0,0,1,0,30,2,13,29,0,3,2
20,5,611039217,0,1,0,0,3,0,30,2,3,39,1,3,3
20,6,274979636,0,2,0,0,0,1,31,4,29,13,0,3,4
20,7,3380948488,0,3,0,0,0,1,30,6,9,33,0,3,5
20,8,2239568057,0,0,0,0,2,1,31,4,31,11,1,4,5
20,9,1903508476,0,1,0,0,2,1,30,3,42,0,1,5,5
20,10,714510032,0,2,0,0,0,1,31,3,41,1,1,6,5
20,11,378450451,0,3,0,0,1,0,30,4,7,35,1,6,6
20,12,2679098453,0,0,0,0,0,1,32,4,31,11,0,6,7
21,0,668531701,0,0,0,0,1,0,30,4,12,30,1,0,1
21,1,3822118566,0,1,0,0,3,0,30,2,28,14,0,1,1
21,2,1338575337,0,2,0,0,2,1,32,2,36,6,1,2,1
21,3,149576893,0,3,0,0,1,0,30,4,23,19,0,3,1
21,4,4108484608,0,0,0,0,1,0,30,5,34,8,0,4,1
21,5,4261648962,0,1,0,0,3,0,30,0,22,20,0,5,1
21,6,1778105733,0,2,0,0,3,0,30,1,7,35,1,5,2
21,7,589107289,0,3,0,0,0,1,30,4,23,19,0,5,3
21,8,253047708,0,0,0,0,1,0,30,1,14,28,0,6,3
21,9,3406634573,0,1,0,0,2,1,30,1,42,0,1,7,3
22,0,3174916646,0,0,0,0,1,0,30,4,1,41,1,0,1
22,1,2838857065,0,1,0,0,3,0,30,5,30,12,0,1,1
22,2,355313836,0,2,0,0,3,0,30,4,29,13,0,2,1
22,3,508478190,0,3,0,0,0,1,30,2,40,2,1,3,1
22,4,2319902257,0,0,0,0,0,1,31,3,40,2,1,4,1
22,5,3278387461,0,1,0,0,3,0,30,6,23,19,0,5,1
22,6,794844232,0,2,0,0,2,1,31,4,20,22,0,5,2
22,7,948008586,0,3,0,0,1,0,30,4,1,41,1,5,3
22,8,611949005,0,0,0,0,0,1,31,5,20,22,0,5,4
22,9,2423373072,0,1,0,0,3,0,30,0,7,35,1,5,5
22,10,1234374628,0,2,0,0,0,1,31,1,19,23,0,5,6
22,11,92994197,0,3,0,0,1,0,30,6,6,36,1,5,7
23,0,2431220208,0,0,0,0,2,1,31,0,30,12,0,0,1
23,1,2095160627,0,1,0,0,3,0,30,5,24,18,0,1,1
23,2,3152984718,0,2,0,0,3,0,30,4,11,31,1,1,2
23,3,2816925137,0,3,0,0,1,0,30,3,17,25,0,2,2
23,4,3723689467,0,0,0,0,1,0,30,4,20,22,0,3,2
23,5,2534691023,0,1,0,0,2,1,30,0,36,6,1,4,2
23,6,2198631442,0,2,0,0,2,1,32,6,24,18,0,4,3
23,7,3256455533,0,3,0,0,1,0,30,4,2,40,1,4,4
23,8,4163219863,0,0,0,0,0,1,31,4,25,17,0,4,5
23,9,1679676634,0,1,0,0,2,1,30,4,21,21,0,4,6
23,10,590017077,0,2,0,0,0,1,31,6,4,38,0,4,7
24,0,3963881069,0,0,0,0,1,0,30,4,40,2,0,1,0
24,1,2774882625,0,1,0,0,0,1,31,0,25,17,0,1,1
24,2,2438823044,0,2,0,0,3,0,30,4,34,8,0,2,1
24,3,444503750,0,3,0,0,2,1,31,5,20,22,0,2,2
24,4,108444169,0,0,0,0,0,1,32,4,35,7,1,3,2
24,5,3214413021,0,1,0,0,3,0,30,5,27,15,0,4,2
24,6,2878353440,0,2,0,0,2,1,31,0,31,11,1,5,2
24,7,1736973009,0,3,0,0,2,1,31,3,35,7,1,6,2
24,8,547974565,0,0,0,0,1,0,30,0,1,41,1,6,3
24,9,211914984,0,1,0,0,2,1,30,4,19,23,0,6,4
24,10,3317883836,0,2,0,0,2,1,31,0,15,27,0,6,5
24,11,2981824255,0,3,0,0,0,1,30,4,34,8,1,7,5
25,0,3271905505,0,0,0,0,0,1,31,5,25,17,0,0,1
25,1,2031186187,0,1,0,0,3,0,30,6,11,31,1,0,2
25,2,1695126606,0,2,0,0,2,1,31,6,31,11,1,1,2
25,3,506128162,0,3,0,0,1,0,30,4,7,35,1,1,3
25,4,170068581,0,0,0,0,2,1,31,4,9,33,0,1,4
25,5,2470716583,0,1,0,0,0,1,31,4,26,16,0,1,5
25,6,2134657002,0,2,0,0,0,1,31,1,42,0,1,2,5
25,7,1798597421,0,3,0,0,2,1,31,5,41,1,1,3,5
25,8,609598977,0,0,0,0,0,1,31,4,36,6,1,4,5
25,9,3763185842,0,1,0,0,2,1,30,3,36,6,1,5,5
25,10,2574187398,0,2,0,0,3,0,30,4,18,24,0,6,5
25,11,2238127817,0,3,0,0,1,0,30,4,6,36,1,6,6
25,12,1049129373,0,0,0,0,2,1,31,5,25,17,0,6,7
26,0,964564455,0,0,0,0,0,1,31,5,7,35,0,0,1
26,1,4118151320,0,1,0,0,2,1,30,0,19,23,0,0,2
26,2,2929152876,0,2,0,0,3,0,30,6,13,29,0,1,2
26,3,2593093295,0,3,0,0,1,0,30,4,30,12,0,2,2
26,4,1404094851,0,0,0,0,2,1,31,4,36,6,1,3,2
26,5,262714420,0,1,0,0,2,1,30,3,28,14,0,3,3
26,6,4221622135,0,2,0,0,0,1,31,4,21,21,0,3,4
26,7,3032623691,0,3,0,0,1,0,30,0,17,25,0,4,4
26,8,2696564110,0,0,0,0,1,0,30,6,13,29,0,5,4
26,9,702244816,0,1,0,0,0,1,31,2,20,22,0,5,5
26,10,366185235,0,2,0,0,0,1,31,6,39,3,1,6,5
26,11,30125654,0,3,0,0,1,0,30,6,0,42,1,6,6
26,12,3136094506,0,0,0,0,1,0,30,5,12,30,1,6,7
27,0,739626716,0,0,0,0,1,0,30,5,25,17,0,1,0
27,1,403567135,0,1,0,0,3,0,30,4,19,23,0,2,0
27,2,2214991202,0,2,0,0,3,0,30,4,0,42,1,2,1
27,3,3173476406,0,3,0,0,0,1,30,0,36,6,1,3,1
27,4,4179579623,0,0,0,0,2,1,31,4,42,0,1,4,1
27,5,843097531,0,1,0,0,3,0,30,5,18,24,0,5,1
27,6,2654521598,0,2,0,0,3,0,30,5,6,36,1,5,2
27,7,3613006802,0,3,0,0,1,0,30,5,42,0,0,6,2
27,8,2471626371,0,0,0,0,0,1,31,1,13,29,0,6,3
27,9,4283050438,0,1,0,0,0,1,31,1,40,2,1,7,3
28,0,3048073663,0,0,0,0,1,0,30,5,13,29,0,1,0
28,1,3954837993,0,1,0,0,2,1,30,5,30,12,1,2,0
28,2,717694788,0,2,0,0,3,0,30,5,29,13,0,3,0
28,3,381635207,0,3,0,0,2,1,31,4,40,2,1,4,0
28,4,2193059274,0,0,0,0,1,0,30,6,19,23,0,5,0
28,5,3151544478,0,1,0,0,3,0,30,5,22,20,0,6,0
28,6,4058308808,0,2,0,0,3,0,30,6,17,25,0,7,0
29,0,1528591139,0,0,0,0,2,1,31,5,30,12,0,0,1
29,1,339592695,0,1,0,0,0,1,31,4,29,13,0,0,2
29,2,3533114,0,2,0,0,3,0,30,4,13,29,0,1,2
29,3,3109501966,0,3,0,0,1,0,30,2,6,36,1,1,3
29,4,1968121535,0,0,0,0,2,1,31,6,30,12,0,1,4
29,5,779123091,0,1,0,0,0,1,31,3,41,1,1,2,4
29,6,443063510,0,2,0,0,2,1,31,0,30,12,0,2,5
29,7,107003929,0,3,0,0,1,0,30,5,42,0,0,3,5
29,8,3212972781,0,0,0,0,2,1,31,0,2,40,0,3,6
29,9,2071592350,0,1,0,0,2,1,30,5,42,0,1,4,6
29,10,882593906,0,2,0,0,3,0,30,5,40,2,0,5,6
29,11,546534325,0,3,0,0,0,1,30,4,41,1,1,6,6
29,12,3652503177,0,0,0,0,1,0,30,6,24,18,0,7,6
30,0,1321115724,0,0,0,0,2,1,31,4,41,1,1,1,0
30,1,179735293,0,1,0,0,3,0,30,4,12,30,1,1,1
30,2,3285704145,0,2,0,0,2,1,31,4,42,0,1,2,1
30,3,2949644564,0,3,0,0,0,1,30,3,20,22,0,2,2
30,4,2613584983,0,0,0,0,0,1,31,4,17,25,0,2,3
30,5,619265689,0,1,0,0,0,1,31,0,34,8,1,3,3
30,6,283206108,0,2,0,0,0,1,31,5,25,17,0,3,4
30,7,3389174960,0,3,0,0,0,1,30,3,42,0,1,4,4
30,8,3053115379,0,0,0,0,2,1,31,4,41,1,1,5,4
30,9,1058796085,0,1,0,0,3,0,30,4,1,41,1,5,5
30,10,722736504,0,2,0,0,2,1,32,0,23,19,0,5,6
30,11,386676923,0,3,0,0,2,1,31,4,41,1,1,6,6
30,12,3492645775,0,0,0,0,2,1,31,5,8,34,0,6,7
31,0,3343000520,0,0,0,0,2,1,31,1,26,16,0,0,1
31,1,3006940939,0,1,0,0,3,0,30,5,18,24,0,1,1
31,2,523397710,0,2,0,0,3,0,30,1,1,41,1,1,2
31,3,3629366562,0,3,0,0,1,0,30,4,7,35,1,1,3
31,4,241163596,0,0,0,0,1,0,30,4,34,8,0,2,3
31,5,3446471335,0,1,0,0,3,0,30,4,11,31,1,2,4
31,6,962928106,0,2,0,0,3,0,30,4,12,30,1,2,5
31,7,1921413310,0,3,0,0,2,1,31,5,25,17,0,2,6
31,8,680693992,0,0,0,0,0,1,31,6,28,14,0,2,7
32,0,3404624932,0,0,0,0,2,1,31,4,20,22,0,0,1
32,1,2263244501,0,1,0,0,3,0,30,4,1,41,1,0,2
32,2,4074668568,0,2,0,0,3,0,30,4,16,26,0,1,2
32,3,738186476,0,3,0,0,1,0,30,3,0,42,1,1,3
32,4,2549610543,0,0,0,0,0,1,31,0,19,23,0,1,4
32,5,2702774897,0,1,0,0,0,1,31,6,42,0,1,2,4
32,6,219231668,0,2,0,0,0,1,31,3,24,18,0,2,5
32,7,1177716872,0,3,0,0,0,1,30,5,24,18,0,2,6
32,8,2989140939,0,0,0,0,2,1,31,1,41,1,1,3,6
32,9,1847760508,0,1,0,0,2,1,30,6,25,17,0,3,7
33,0,612783733,0,0,0,0,1,0,30,5,24,18,0,1,0
33,1,276724152,0,1,0,0,2,1,30,2,30,12,1,2,0
33,2,3382693004,0,2,0,0,2,1,31,6,31,11,1,3,0
33,3,2241312573,0,3,0,0,1,0,30,4,13,29,0,4,0
33,4,4052736640,0,0,0,0,2,1,31,4,24,18,0,4,1
33,5,716254548,0,1,0,0,3,0,30,3,7,35,1,4,2
33,6,2527678615,0,2,0,0,0,1,31,6,42,0,1,5,2
33,7,2680842969,0,3,0,0,2,1,31,2,8,34,0,5,3
33,8,197299740,0,0,0,0,0,1,31,5,42,0,1,6,3
33,9,4156207455,0,1,0,0,0,1,31,6,24,18,0,6,4
33,10,2967209011,0,2,0,0,3,0,30,0,28,14,0,7,4
34,0,3119168678,0,0,0,0,2,1,31,4,23,19,0,0,1
34,1,2783109097,0,1,0,0,3,0,30,1,0,42,1,0,2
34,2,1594110653,0,2,0,0,3,0,30,3,31,11,0,1,2
34,3,1258051072,0,3,0,0,0,1,30,6,17,25,0,1,3
34,4,921991491,0,0,0,0,2,1,31,0,20,22,0,1,4
34,5,3222639493,0,1,0,0,3,0,30,5,17,25,0,2,4
34,6,2886579912,0,2,0,0,3,0,30,4,24,18,0,3,4
34,7,1697581468,0,3,0,0,1,0,30,5,23,19,0,4,4
34,8,1361521887,0,0,0,0,1,0,30,5,23,19,0,5,4
34,9,3662169889,0,1,0,0,3,0,30,0,1,41,1,5,5
34,10,3326110308,0,2,0,0,2,1,32,5,24,18,0,5,6
34,11,842567079,0,3,0,0,0,1,30,1,30,12,1,6,6
34,12,1801052283,0,0,0,0,1,0,30,1,19,23,0,7,6
35,0,3180793090,0,0,0,0,2,1,31,6,30,12,0,0,1
35,1,2844733509,0,1,0,0,0,1,31,0,12,30,0,0,2
35,2,850414215,0,2,0,0,0,1,31,4,24,18,0,0,3
35,3,514354634,0,3,0,0,1,0,30,5,41,1,0,1,3
35,4,178295053,0,0,0,0,1,0,30,4,35,7,0,2,3
35,5,1236119144,0,1,0,0,2,1,30,5,14,28,0,2,4
35,6,2142883474,0,2,0,0,2,1,32,4,41,1,1,3,4
35,7,953885030,0,3,0,0,1,0,30,4,0,42,1,3,5
35,8,617825449,0,0,0,0,1,0,30,3,25,17,0,4,5
35,9,1675649540,0,1,0,0,3,0,30,5,24,18,0,5,5
35,10,2582413870,0,2,0,0,2,1,32,4,23,19,0,5,6
35,11,2246354289,0,3,0,0,1,0,30,4,8,34,1,5,7
36,0,1713031440,0,0,0,0,1,0,30,0,18,24,0,1,0
36,1,571651009,0,1,0,0,3,0,30,5,22,20,0,2,0
36,2,2383075076,0,2,0,0,3,0,30,4,0,42,1,2,1
36,3,1194076632,0,3,0,0,2,1,31,5,24,18,0,2,2
36,4,858017051,0,0,0,0,0,1,31,3,9,33,0,2,3
36,5,1011181405,0,1,0,0,0,1,31,1,41,1,1,3,3
36,6,2822605472,0,2,0,0,3,0,30,5,35,7,0,4,3
36,7,3781090676,0,3,0,0,2,1,31,6,30,12,0,4,4
36,8,1297547447,0,0,0,0,0,1,31,6,35,7,1,5,4
36,9,2204311777,0,1,0,0,0,1,31,4,9,33,0,5,5
36,10,3262135868,0,2,0,0,0,1,31,5,42,0,1,6,5
36,11,2926076287,0,3,0,0,0,1,30,0,24,18,0,6,6
36,12,1737077843,0,0,0,0,0,1,31,3,40,2,1,7,6
37,0,969335002,0,0,0,0,2,1,31,3,42,0,1,1,0
37,1,2780759069,0,1,0,0,0,1,31,2,42,0,1,2,0
37,2,1639378638,0,2,0,0,0,1,31,4,42,0,1,3,0
37,3,2597863842,0,3,0,0,1,0,30,5,0,42,1,3,1
37,4,114320613,0,0,0,0,2,1,31,2,42,0,1,4,1
37,5,1072805817,0,1,0,0,2,1,30,3,24,18,0,4,2
37,6,2078909034,0,2,0,0,2,1,32,4,13,29,0,4,3
37,7,3037394238,0,3,0,0,0,1,30,4,41,1,1,5,3
37,8,553851009,0,0,0,0,0,1,31,4,22,20,0,5,4
37,9,217791428,0,1,0,0,3,0,30,5,1,41,1,5,5
37,10,3323760280,0,2,0,0,3,0,30,5,12,30,1,5,6
37,11,2182379849,0,3,0,0,0,1,30,6,41,1,1,6,6
37,12,993381405,0,0,0,0,2,1,31,6,34,8,1,7,6
38,0,255173328,0,0,0,0,2,1,31,5,42,0,1,1,0
38,1,2555821330,0,1,0,0,2,1,30,1,20,22,0,1,1
38,2,2219761749,0,2,0,0,2,1,32,5,41,1,1,2,1
38,3,3277585840,0,3,0,0,1,0,30,5,18,24,0,3,1
38,4,694703724,0,0,0,0,2,1,31,1,18,24,0,3,2
38,5,2995351726,0,1,0,0,3,0,30,4,12,30,1,3,3
38,6,2659292145,0,2,0,0,3,0,30,3,14,28,0,4,3
38,7,2323232564,0,3,0,0,0,1,30,1,20,22,0,4,4
38,8,3381056655,0,0,0,0,0,1,31,5,19,23,0,4,5
38,9,2945658187,0,1,0,0,3,0,30,5,18,24,0,5,5
38,10,3098822541,0,2,0,0,3,0,30,5,35,7,0,6,5
38,11,2762762960,0,3,0,0,1,0,30,2,12,30,1,6,6
38,12,3820587051,0,0,0,0,2,1,31,4,42,0,1,7,6
39,0,1489199598,0,0,0,0,0,1,31,6,40,2,1,1,0
39,1,1153140017,0,1,0,0,2,1,30,0,31,11,1,2,0
39,2,3453788019,0,2,0,0,3,0,30,5,19,23,0,3,0
39,3,3117728438,0,3,0,0,2,1,31,2,35,7,1,4,0
39,4,2781668857,0,0,0,0,0,1,31,4,29,13,0,4,1
39,5,1592670413,0,1,0,0,3,0,30,1,0,42,1,4,2
39,6,451289982,0,2,0,0,3,0,30,6,6,36,1,4,3
39,7,3557258834,0,3,0,0,1,0,30,4,12,30,1,4,4
39,8,3221199253,0,0,0,0,1,0,30,5,34,8,0,5,4
39,9,2032200809,0,1,0,0,2,1,30,0,29,13,0,5,5
39,10,890820378,0,2,0,0,0,1,31,0,24,18,0,5,6
39,11,2702244445,0,3,0,0,2,1,31,3,35,7,1,6,6
39,12,3660729649,0,0,0,0,1,0,30,3,7,35,1,6,7
40,0,2992325695,0,0,0,0,0,1,31,3,19,23,0,0,1
40,1,409443579,0,1,0,0,3,0,30,5,12,30,1,0,2
40,2,1467267670,0,2,0,0,3,0,30,3,1,41,1,0,3
40,3,2374032000,0,3,0,0,0,1,30,4,41,1,1,1,3
40,4,2037972419,0,0,0,0,1,0,30,3,35,7,0,2,3
40,5,3095796510,0,1,0,0,3,0,30,4,17,25,0,3,3
40,6,512914394,0,2,0,0,2,1,31,4,24,18,0,3,4
40,7,2813562396,0,3,0,0,0,1,30,6,38,4,1,4,4
40,8,2477502815,0,0,0,0,1,0,30,6,24,18,0,5,4
40,9,3535326906,0,1,0,0,3,0,30,5,31,11,0,6,4
40,10,3199267325,0,2,0,0,2,1,31,5,31,11,1,7,4
41,0,3572708806,0,0,0,0,1,0,30,4,30,12,0,1,0
41,1,1089165577,0,1,0,0,0,1,31,0,36,6,1,2,0
41,2,4242752442,0,2,0,0,2,1,31,4,30,12,0,2,1
41,3,906270350,0,3,0,0,1,0,30,6,7,35,1,2,2
41,4,2717694417,0,0,0,0,1,0,30,1,8,34,1,2,3
41,5,1528695973,0,1,0,0,0,1,31,4,35,7,1,3,3
41,6,387315542,0,2,0,0,0,1,31,2,30,12,0,3,4
41,7,1345800746,0,3,0,0,2,1,31,1,24,18,0,3,5
41,8,3157224813,0,0,0,0,0,1,31,0,25,17,0,3,6
41,9,2821165232,0,1,0,0,2,1,30,0,30,12,1,4,6
41,10,826845938,0,2,0,0,3,0,30,6,2,40,1,4,7
42,0,2829012368,0,0,0,0,1,0,30,5,6,36,1,0,1
42,1,345469139,0,1,0,0,3,0,30,4,9,33,1,0,2
42,2,9409558,0,2,0,0,2,1,32,5,30,12,0,0,3
42,3,3115378410,0,3,0,0,2,1,31,4,34,8,1,1,3
42,4,1973997979,0,0,0,0,0,1,31,4,35,7,1,2,3
42,5,2932483183,0,1,0,0,2,1,30,4,19,23,0,2,4
42,6,448939954,0,2,0,0,2,1,31,0,36,6,1,3,4
42,7,3554908806,0,3,0,0,2,1,31,4,20,22,0,3,5
42,8,2413528375,0,0,0,0,2,1,31,0,25,17,0,3,6
42,9,2077468794,0,1,0,0,2,1,30,4,34,8,1,4,6
42,10,888470350,0,2,0,0,0,1,31,6,18,24,0,4,7
43,0,4092573402,0,0,0,0,0,1,31,5,42,0,1,1,0
43,1,704370436,0,1,0,0,2,1,30,4,31,11,1,2,0
43,2,3810339288,0,2,0,0,3,0,30,5,20,22,0,3,0
43,3,3474279707,0,3,0,0,1,0,30,4,13,29,0,4,0
43,4,990736478,0,0,0,0,0,1,31,4,42,0,1,5,0
43,5,4196044217,0,1,0,0,2,1,30,4,35,7,1,6,0
43,6,807841251,0,2,0,0,0,1,31,0,42,0,1,7,0
44,0,3348876964,0,0,0,0,2,1,31,6,30,12,0,0,1
44,1,3012817383,0,1,0,0,0,1,31,5,18,24,0,0,2
44,2,1823818939,0,2,0,0,3,0,30,4,29,13,0,1,2
44,3,682438508,0,3,0,0,2,1,31,4,13,29,0,1,3
44,4,346378927,0,0,0,0,1,0,30,3,13,29,0,2,3
44,5,3452347779,0,1,0,0,3,0,30,4,25,17,0,3,3
44,6,968804550,0,2,0,0,2,1,31,0,41,1,1,4,3
44,7,1121968904,0,3,0,0,0,1,30,6,31,11,1,5,3
44,8,785909323,0,0,0,0,0,1,31,6,36,6,1,6,3
44,9,3891878175,0,1,0,0,3,0,30,4,0,42,1,6,4
44,10,3555818594,0,2,0,0,0,1,31,5,13,29,0,6,5
44,11,266954515,0,3,0,0,2,1,31,4,31,11,1,7,5
45,0,557035765,0,0,0,0,1,0,30,5,23,19,0,1,0
45,1,2269120945,0,1,0,0,3,0,30,5,26,16,0,2,0
45,2,3326945036,0,2,0,0,3,0,30,4,6,36,1,2,1
45,3,2990885455,0,3,0,0,1,0,30,5,7,35,1,2,2
45,4,3897649785,0,0,0,0,2,1,31,1,40,2,1,3,2
45,5,660506580,0,1,0,0,0,1,31,0,12,30,0,3,3
45,6,2372591760,0,2,0,0,3,0,30,3,0,42,1,3,4
45,7,3430415851,0,3,0,0,1,0,30,6,0,42,1,3,5
45,8,3094356270,0,0,0,0,0,1,31,5,26,16,0,3,6
45,9,1100036976,0,1,0,0,3,0,30,0,0,42,1,3,7
46,0,1137418876,0,0,0,0,1,0,30,0,23,19,0,1,0
46,1,2948842943,0,1,0,0,3,0,30,5,23,19,0,2,0
46,2,2612783362,0,2,0,0,2,1,31,3,20,22,0,2,1
46,3,2765947716,0,3,0,0,1,0,30,0,23,19,0,3,1
46,4,282404487,0,0,0,0,1,0,30,4,18,24,0,4,1
46,5,3388373339,0,1,0,0,3,0,30,6,7,35,1,4,2
46,6,3052313758,0,2,0,0,3,0,30,5,30,12,0,5,2
46,7,3205478112,0,3,0,0,1,0,30,5,1,41,1,5,3
46,8,721934883,0,0,0,0,2,1,31,3,35,7,1,6,3
46,9,385875302,0,1,0,0,2,1,30,1,36,6,1,7,3
47,0,977561474,0,0,0,0,0,1,31,4,40,2,1,1,0
47,1,2788985541,0,1,0,0,0,1,31,0,35,7,1,2,0
47,2,1599987097,0,2,0,0,0,1,31,4,33,9,1,3,0
47,3,1263927516,0,3,0,0,0,1,30,6,29,13,0,3,1
47,4,1417091870,0,0,0,0,2,1,31,4,27,15,0,3,2
47,5,3228515937,0,1,0,0,2,1,30,4,19,23,0,3,3
47,6,2892456356,0,2,0,0,0,1,31,6,41,1,1,4,3
47,7,1703457912,0,3,0,0,2,1,31,0,42,0,1,5,3
47,8,562077481,0,0,0,0,1,0,30,5,18,24,0,6,3
47,9,3668046333,0,1,0,0,3,0,30,5,11,31,1,6,4
47,10,3331986752,0,2,0,0,0,1,31,5,24,18,0,6,5
47,11,2142988308,0,3,0,0,1,0,30,6,0,42,1,6,6
47,12,1001607877,0,0,0,0,2,1,31,6,35,7,1,7,6
48,0,1657283472,0,0,0,0,0,1,31,0,30,12,0,0,1
48,1,1321223891,0,1,0,0,0,1,31,2,8,34,0,0,2
48,2,132225447,0,2,0,0,2,1,31,3,20,22,0,0,3
48,3,1038989777,0,3,0,0,2,1,31,0,30,12,0,0,4
48,4,2850413844,0,0,0,0,0,1,31,2,19,23,0,0,5
48,5,1760754287,0,1,0,0,3,0,30,4,0,42,1,0,6
48,6,3572178354,0,2,0,0,0,1,31,0,24,18,0,0,7
49,0,913587034,0,0,0,0,1,0,30,5,9,33,1,0,1
49,1,577527453,0,1,0,0,0,1,31,1,42,0,1,1,1
49,2,3683496305,0,2,0,0,2,1,31,6,42,0,1,2,1
49,3,3347436724,0,3,0,0,2,1,31,5,28,14,0,2,2
49,4,2206056293,0,0,0,0,0,1,31,5,42,0,1,3,2
49,5,1017057849,0,1,0,0,3,0,30,3,17,25,0,4,2
49,6,680998268,0,2,0,0,2,1,31,0,17,25,0,4,3
49,7,3786967120,0,3,0,0,1,0,30,5,17,25,0,5,3
49,8,2645586689,0,0,0,0,0,1,31,5,42,0,1,6,3
49,9,1456588245,0,1,0,0,3,0,30,3,23,19,0,7,3
50,0,1493970145,0,0,0,0,1,0,30,4,17,25,0,1,0
50,1,3305394212,0,1,0,0,2,1,30,5,9,33,0,1,1
50,2,2969334631,0,2,0,0,3,0,30,5,35,7,0,2,1
50,3,975015337,0,3,0,0,0,1,30,4,41,1,1,3,1
50,4,638955756,0,0,0,0,0,1,31,2,24,18,0,3,2
50,5,3744924608,0,1,0,0,2,1,30,4,24,18,0,3,3
50,6,3408865027,0,2,0,0,2,1,31,4,13,29,0,3,4
50,7,2267484596,0,3,0,0,2,1,31,5,28,14,0,3,5
50,8,1078486152,0,0,0,0,1,0,30,5,0,42,1,3,6
50,9,742426571,0,1,0,0,3,0,30,4,6,36,1,3,7
51,0,1433451630,0,0,0,0,1,0,30,4,17,25,0,1,0
51,1,1097392049,0,1,0,0,3,0,30,4,23,19,0,2,0
51,2,4203360901,0,2,0,0,2,1,31,4,39,3,1,3,0
51,3,3061980470,0,3,0,0,1,0,30,2,0,42,1,3,1
51,4,4020465674,0,0,0,0,0,1,31,6,30,12,0,3,2
51,5,1536922445,0,1,0,0,2,1,30,5,29,13,0,3,3
51,6,1200862864,0,2,0,0,0,1,31,3,36,6,1,4,3
51,7,11864420,0,3,0,0,0,1,30,6,41,1,1,5,3
51,8,3165451285,0,0,0,0,0,1,32,4,23,19,0,5,4
51,9,1976452841,0,1,0,0,3,0,30,0,36,6,0,6,4
51,10,1640393260,0,2,0,0,0,1,31,0,29,13,0,6,5
51,11,1304333679,0,3,0,0,0,1,30,4,42,0,1,7,5
52,0,3741898577,0,0,0,0,0,1,31,6,42,0,1,1,0
52,1,353695611,0,1,0,0,0,1,31,6,41,1,1,2,0
52,2,3459664463,0,2,0,0,3,0,30,0,11,31,1,2,1
52,3,3123604882,0,3,0,0,1,0,30,2,1,41,1,2,2
52,4,4181428973,0,0,0,0,0,1,32,6,42,0,1,3,2
52,5,793226007,0,1,0,0,0,1,31,4,42,0,1,4,2
52,6,457166426,0,2,0,0,0,1,31,5,25,17,0,4,3
52,7,3563135278,0,3,0,0,1,0,30,5,1,41,1,4,4
52,8,3227075697,0,0,0,0,1,0,30,4,14,28,0,5,4
52,9,1232756403,0,1,0,0,3,0,30,5,30,12,0,6,4
52,10,896696822,0,2,0,0,2,1,31,5,26,16,0,6,5
52,11,4002665674,0,3,0,0,1,0,30,5,19,23,0,7,5
53,0,3516960838,0,0,0,0,1,0,30,0,18,24,0,1,0
53,1,3180901257,0,1,0,0,2,1,30,6,40,2,1,2,0
53,2,1991902813,0,2,0,0,3,0,30,6,0,42,1,2,1
53,3,1655843232,0,3,0,0,0,1,30,4,24,18,0,2,2
53,4,415123914,0,0,0,0,1,0,30,4,3,39,1,2,3
53,5,3620431653,0,1,0,0,2,1,30,4,36,6,1,3,3
53,6,1136888424,0,2,0,0,0,1,31,0,36,6,1,4,3
53,7,2095373628,0,3,0,0,2,1,31,3,19,23,0,4,4
53,8,3002137958,0,0,0,0,0,1,32,2,29,13,0,4,5
53,9,518594729,0,1,0,0,3,0,30,5,23,19,0,5,5
53,10,1576418820,0,2,0,0,0,1,31,3,25,17,0,5,6
53,11,1240359239,0,3,0,0,2,1,31,5,30,12,0,5,7
54,0,3578585250,0,0,0,0,2,1,31,1,42,0,1,1,0
54,1,2437204819,0,1,0,0,0,1,31,5,20,22,0,1,1
54,2,1248206375,0,2,0,0,2,1,32,6,35,7,1,2,1
54,3,912146794,0,3,0,0,0,1,30,1,35,7,1,3,1
54,4,2723570861,0,0,0,0,0,1,31,6,12,30,0,3,2
54,5,2876735215,0,1,0,0,3,0,30,5,29,13,0,4,2
54,6,2540675634,0,2,0,0,0,1,31,4,42,0,1,5,2
54,7,1351677190,0,3,0,0,1,0,30,1,0,42,1,5,3
54,8,3163101257,0,0,0,0,2,1,31,2,18,24,0,5,4
54,9,3316265611,0,1,0,0,0,1,31,2,35,7,1,6,4
54,10,2980206030,0,2,0,0,3,0,30,1,13,29,0,7,4
55,0,1790002899,0,0,0,0,1,0,30,1,9,33,1,0,1
55,1,1453943318,0,1,0,0,0,1,31,5,42,0,1,1,1
55,2,2511767409,0,2,0,0,2,1,32,1,35,7,1,2,1
55,3,3418531739,0,3,0,0,2,1,31,6,31,11,1,3,1
55,4,3082472158,0,0,0,0,0,1,32,5,29,13,0,3,2
55,5,1893473714,0,1,0,0,2,1,30,5,31,11,1,4,2
55,6,1557414133,0,2,0,0,3,0,30,4,34,8,0,5,2
55,7,3858062135,0,3,0,0,1,0,30,4,23,19,0,6,2
55,8,3522002554,0,0,0,0,1,0,30,4,1,41,1,6,3
55,9,2333004110,0,1,0,0,0,1,31,4,28,14,0,6,4
55,10,1996944529,0,2,0,0,3,0,30,4,17,25,0,7,4
56,0,3293128996,0,0,0,0,1,0,30,4,9,33,1,0,1
56,1,2957069415,0,1,0,0,3,0,30,1,17,25,0,1,1
56,2,1768070971,0,2,0,0,3,0,30,5,18,24,0,2,1
56,3,1432011390,0,3,0,0,2,1,31,4,25,17,0,2,2
56,4,243012946,0,0,0,0,1,0,30,2,11,31,1,2,3
56,5,3396599811,0,1,0,0,3,0,30,4,24,18,0,3,3
56,6,3060540230,0,2,0,0,2,1,31,5,26,16,0,3,4
56,7,1871541786,0,3,0,0,0,1,30,4,36,6,1,4,4
56,8,1535482205,0,0,0,0,1,0,30,3,0,42,1,4,5
56,9,3836130207,0,1,0,0,2,1,30,6,17,25,0,4,6
56,10,3500070626,0,2,0,0,3,0,30,5,12,30,1,4,7
57,0,3873512107,0,0,0,0,1,0,30,6,0,42,1,0,1
57,1,3537452526,0,1,0,0,3,0,30,4,39,3,0,1,1
57,2,1053909297,0,2,0,0,3,0,30,4,26,16,0,2,1
57,3,4159878149,0,3,0,0,2,1,31,3,40,2,1,3,1
57,4,3018497718,0,0,0,0,0,1,31,1,40,2,1,4,1
57,5,3976982922,0,1,0,0,3,0,30,5,25,17,0,5,1
57,6,1493439693,0,2,0,0,2,1,31,0,42,0,1,6,1
57,7,2451924897,0,3,0,0,0,1,30,5,20,22,0,6,2
57,8,3458028114,0,0,0,0,2,1,31,3,42,0,1,7,2
58,0,1886991758,0,0,0,0,1,0,30,4,13,29,0,1,0
58,1,745611327,0,1,0,0,3,0,30,4,8,34,1,1,1
58,2,3851580179,0,2,0,0,2,1,31,2,42,0,1,2,1
58,3,3515520598,0,3,0,0,1,0,30,4,2,40,1,2,2
58,4,1031977369,0,0,0,0,2,1,31,2,23,19,0,2,3
58,5,1185141723,0,1,0,0,0,1,31,5,25,17,0,2,4
58,6,2996565790,0,2,0,0,3,0,30,1,29,13,0,3,4
58,7,3955050994,0,3,0,0,1,0,30,0,0,42,1,3,5
58,8,1471507765,0,0,0,0,1,0,30,0,13,29,0,4,5
58,9,2378272095,0,1,0,0,2,1,30,5,42,0,1,5,5
58,10,3436096186,0,2,0,0,2,1,31,5,29,13,0,5,6
58,11,3100036605,0,3,0,0,1,0,30,4,35,7,0,6,6
58,12,1911038161,0,0,0,0,1,0,30,2,12,30,1,6,7
59,0,1727134356,0,0,0,0,0,1,31,4,23,19,0,0,1
59,1,585753925,0,1,0,0,2,1,30,1,35,7,1,1,1
59,2,3691722777,0,2,0,0,3,0,30,4,25,17,0,2,1
59,3,1208179548,0,3,0,0,1,0,30,4,1,41,1,2,2
59,4,2166664752,0,0,0,0,2,1,31,5,42,0,1,3,2
59,5,3978088819,0,1,0,0,0,1,31,0,29,13,0,3,3
59,6,2836708388,0,2,0,0,2,1,32,2,35,7,1,4,3
59,7,1647709944,0,3,0,0,0,1,30,5,29,13,0,4,4
59,8,1311650363,0,0,0,0,1,0,30,5,40,2,0,5,4
59,9,122651919,0,1,0,0,0,1,31,4,40,2,1,6,4
59,10,3276238784,0,2,0,0,2,1,31,4,42,0,1,7,4
60,0,3649680265,0,0,0,0,1,0,30,5,41,1,0,1,0
60,1,3313620684,0,1,0,0,3,0,30,4,0,42,1,1,1
60,2,76477479,0,2,0,0,3,0,30,1,29,13,0,2,1
60,3,1788562659,0,3,0,0,0,1,30,3,23,19,0,2,2
60,4,647182228,0,0,0,0,0,1,31,6,14,28,0,2,3
60,5,3753151080,0,1,0,0,2,1,30,5,41,1,1,3,3
60,6,3417091499,0,2,0,0,3,0,30,3,7,35,1,3,4
60,7,179948294,0,3,0,0,0,1,30,5,24,18,0,3,5
60,8,1892033474,0,0,0,0,0,1,31,5,31,11,1,4,5
60,9,4192681476,0,1,0,0,0,1,31,4,42,0,1,5,5
60,10,3856621895,0,2,0,0,0,1,31,6,41,1,1,6,5
60,11,1373078666,0,3,0,0,2,1,31,3,42,0,1,7,5
61,0,1663159916,0,0,0,0,1,0,30,4,12,30,1,0,1
61,1,1327100335,0,1,0,0,3,0,30,4,18,24,0,1,1
61,2,3627748337,0,2,0,0,2,1,31,6,23,19,0,1,2
61,3,3291688756,0,3,0,0,1,0,30,4,14,28,0,2,2
61,4,2955629175,0,0,0,0,1,0,30,3,7,35,1,2,3
61,5,1766630731,0,1,0,0,3,0,30,5,40,2,0,3,3
61,6,625250300,0,2,0,0,0,1,31,0,42,0,1,4,3
61,7,3731219152,0,3,0,0,2,1,31,6,14,28,0,4,4
61,8,3395159571,0,0,0,0,1,0,30,3,0,42,1,4,5
61,9,2206161127,0,1,0,0,3,0,30,4,19,23,0,5,5
61,10,1064780696,0,2,0,0,2,1,31,5,14,28,0,5,6
61,11,728721115,0,3,0,0,0,1,30,6,42,0,1,6,6
61,12,3834689967,0,0,0,0,2,1,31,6,42,0,1,7,6
62,0,2243543027,0,0,0,0,1,0,30,6,29,13,0,1,0
62,1,1102162596,0,1,0,0,0,1,31,5,30,12,0,1,1
62,2,2913586663,0,2,0,0,0,1,31,0,41,1,1,2,1
62,3,1724588219,0,3,0,0,1,0,30,6,29,13,0,3,1
62,4,1388528638,0,0,0,0,1,0,30,6,18,24,0,4,1
62,5,1541692992,0,1,0,0,3,0,30,5,12,30,1,4,2
62,6,3353117059,0,2,0,0,3,0,30,5,40,2,0,5,2
62,7,16634967,0,3,0,0,2,1,31,4,28,14,0,5,3
62,8,1828059034,0,0,0,0,2,1,31,5,42,0,1,6,3
62,9,686678603,0,1,0,0,2,1,30,5,25,17,0,6,4
62,10,3792647455,0,2,0,0,3,0,30,6,35,7,0,7,4
63,0,3746669124,0,0,0,0,2,1,31,3,42,0,1,1,0
63,1,1263125895,0,1,0,0,2,1,30,0,35,7,1,2,0
63,2,1416290249,0,2,0,0,0,1,31,4,24,18,0,2,1
63,3,1080230668,0,3,0,0,2,1,31,2,42,0,1,3,1
63,4,2891654735,0,0,0,0,2,1,31,4,35,7,1,4,1
63,5,3850139939,0,1,0,0,3,0,30,5,18,24,0,5,1
63,6,561275860,0,2,0,0,3,0,30,5,30,12,0,6,1
63,7,1519761064,0,3,0,0,0,1,30,0,24,18,0,6,2
63,8,3331185131,0,0,0,0,0,1,31,0,42,0,1,7,2
64,0,1958086773,0,0,0,0,0,1,31,6,19,23,0,0,1
64,1,1622027192,0,1,0,0,0,1,31,1,35,7,1,1,1
64,2,433028748,0,2,0,0,0,1,31,0,41,1,1,2,1
64,3,96969167,0,3,0,0,0,1,30,6,36,6,1,3,1
64,4,3250556032,0,0,0,0,0,1,32,2,20,22,0,3,2
64,5,2061557588,0,1,0,0,3,0,30,5,7,35,1,3,3
64,6,1725498007,0,2,0,0,3,0,30,6,0,42,1,3,4
64,7,536499563,0,3,0,0,2,1,31,6,36,6,1,4,4
64,8,3690086428,0,0,0,0,2,1,31,3,34,8,1,5,4
64,9,2501087984,0,1,0,0,3,0,30,4,23,19,0,6,4
64,10,2165028403,0,2,0,0,0,1,31,3,30,12,0,6,5
64,11,3976452470,0,3,0,0,2,1,31,5,9,33,0,6,6
64,12,4129616824,0,0,0,0,0,1,31,3,42,0,1,7,6
65,0,4266533720,0,0,0,0,1,0,30,5,7,35,1,0,1
65,1,878330754,0,1,0,0,0,1,31,3,41,1,1,1,1
65,2,1936154845,0,2,0,0,2,1,32,0,40,2,1,2,1
65,3,3648240025,0,3,0,0,0,1,30,4,42,0,1,3,1
65,4,3312180444,0,0,0,0,0,1,32,5,42,0,1,4,1
65,5,75037239,0,1,0,0,0,1,31,5,26,16,0,4,2
65,6,981801569,0,2,0,0,2,1,31,5,42,0,1,5,2
65,7,2039625660,0,3,0,0,0,1,30,0,18,24,0,5,3
65,8,3751710840,0,0,0,0,1,0,30,0,7,35,1,5,4
65,9,514567635,0,1,0,0,0,1,31,5,30,12,0,5,5
65,10,1421331965,0,2,0,0,3,0,30,5,36,6,0,6,5
65,11,3232756032,0,3,0,0,0,1,30,5,42,0,1,7,5
66,0,3522837282,0,0,0,0,0,1,31,3,36,6,1,1,0
66,1,3186777701,0,1,0,0,3,0,30,6,28,14,0,2,0
66,2,1997779257,0,2,0,0,3,0,30,5,24,18,0,3,0
66,3,856398826,0,3,0,0,2,1,31,4,18,24,0,3,1
66,4,520339245,0,0,0,0,1,0,30,4,15,27,0,4,1
66,5,3626308097,0,1,0,0,2,1,30,3,31,11,1,5,1
66,6,3290248516,0,2,0,0,0,1,31,4,15,27,0,5,2
66,7,1295929222,0,3,0,0,0,1,30,4,41,1,1,6,2
66,8,959869641,0,0,0,0,0,1,32,2,42,0,1,7,2
67,0,4103220393,0,0,0,0,2,1,31,4,41,1,1,1,0
67,1,1619677164,0,1,0,0,3,0,30,6,6,36,1,1,1
67,2,478296733,0,2,0,0,3,0,30,4,30,12,0,2,1
67,3,1436781937,0,3,0,0,1,0,30,2,22,20,0,3,1
67,4,3248206004,0,0,0,0,1,0,30,0,16,26,0,4,1
67,5,2059207560,0,1,0,0,3,0,30,5,0,42,1,4,2
67,6,917827129,0,2,0,0,0,1,31,4,41,1,1,5,2
67,7,1876312333,0,3,0,0,1,0,30,5,0,42,1,5,3
67,8,3687736400,0,0,0,0,0,1,31,0,34,8,1,6,3
67,9,3351676819,0,1,0,0,0,1,31,4,42,0,1,7,3
68,0,1895218230,0,0,0,0,0,1,31,5,36,6,1,1,0
68,1,3706642297,0,1,0,0,0,1,31,1,35,7,1,2,0
68,2,3859806651,0,2,0,0,3,0,30,5,23,19,0,3,0
68,3,1376263422,0,3,0,0,0,1,30,4,41,1,1,4,0
68,4,2334748626,0,0,0,0,0,1,32,4,41,1,1,5,0
68,5,4146172693,0,1,0,0,3,0,30,4,31,11,0,6,0
68,6,3004792262,0,2,0,0,3,0,30,0,0,42,1,6,1
68,7,1815793818,0,3,0,0,1,0,30,4,7,35,1,6,2
68,8,1479734237,0,0,0,0,0,1,31,4,40,2,1,7,2
69,0,328117693,0,0,0,0,2,1,31,4,40,2,1,1,0
69,1,3481704558,0,1,0,0,0,1,31,5,24,18,0,1,1
69,2,2292706114,0,2,0,0,2,1,32,4,42,0,1,2,1
69,3,1956646533,0,3,0,0,0,1,30,2,25,17,0,2,2
69,4,3768070600,0,0,0,0,1,0,30,6,19,23,0,3,2
69,5,3921234954,0,1,0,0,3,0,30,5,33,9,0,4,2
69,6,3585175373,0,2,0,0,0,1,31,4,40,2,1,5,2
69,7,2396176929,0,3,0,0,2,1,31,1,14,28,0,5,3
69,8,2060117348,0,0,0,0,0,1,32,4,39,3,1,6,3
69,9,871118904,0,1,0,0,3,0,30,4,13,29,0,7,3
70,0,1831243790,0,0,0,0,1,0,30,5,29,13,0,1,0
70,1,1495184209,0,1,0,0,0,1,31,4,25,17,0,1,1
70,2,306185765,0,2,0,0,3,0,30,0,39,3,0,2,1
70,3,1212950095,0,3,0,0,2,1,31,5,19,23,0,2,2
70,4,876890514,0,0,0,0,2,1,31,1,36,6,1,3,2
70,5,1934714605,0,1,0,0,3,0,30,1,12,30,1,3,3
70,6,3746138672,0,2,0,0,2,1,31,0,42,0,1,4,3
70,7,3899303026,0,3,0,0,1,0,30,5,18,24,0,5,3
70,8,1316420910,0,0,0,0,0,1,31,4,42,0,1,6,3
70,9,2374245001,0,1,0,0,3,0,30,0,7,35,1,6,4
70,10,2038185420,0,2,0,0,2,1,31,2,14,28,0,6,5
70,11,797466102,0,3,0,0,1,0,30,5,9,33,1,6,6
70,12,4002773841,0,0,0,0,2,1,31,5,42,0,1,7,6
71,0,1087547352,0,0,0,0,2,1,31,4,29,13,0,0,1
71,1,751487771,0,1,0,0,3,0,30,5,28,14,0,1,1
71,2,3857456623,0,2,0,0,2,1,31,6,42,0,1,2,1
71,3,3521397042,0,3,0,0,2,1,31,6,19,23,0,2,2
71,4,2380016611,0,0,0,0,0,1,32,6,24,18,0,2,3
71,5,1191018167,0,1,0,0,3,0,30,0,12,30,1,2,4
71,6,854958586,0,2,0,0,0,1,31,2,42,0,1,3,4
71,7,3960927438,0,3,0,0,1,0,30,4,30,12,0,4,4
71,8,2819547007,0,0,0,0,1,0,30,4,2,40,1,4,5
71,9,1630548563,0,1,0,0,0,1,31,4,20,22,0,4,6
71,10,1294488982,0,2,0,0,0,1,31,5,26,16,0,4,7
72,0,104285851,0,0,0,0,2,1,31,6,42,0,1,1,0
72,1,4063193566,0,1,0,0,3,0,30,0,0,42,1,1,1
72,2,4216357920,0,2,0,0,2,1,31,2,18,24,0,1,2
72,3,1732814691,0,3,0,0,2,1,31,5,31,11,1,2,2
72,4,543816247,0,0,0,0,2,1,31,6,30,12,0,2,3
72,5,207756666,0,1,0,0,3,0,30,2,16,26,0,3,3
72,6,3361343531,0,2,0,0,3,0,30,3,28,14,0,4,3
72,7,2172345087,0,3,0,0,0,1,30,4,41,1,1,5,3
72,8,1836285506,0,0,0,0,1,0,30,5,18,24,0,6,3
72,9,647287062,0,1,0,0,3,0,30,4,12,30,1,6,4
72,10,3800873927,0,2,0,0,3,0,30,1,0,42,1,6,5
72,11,2611875483,0,3,0,0,0,1,30,4,21,21,0,6,6
72,12,2275815902,0,0,0,0,1,0,30,4,13,29,0,7,6
73,0,3754895596,0,0,0,0,2,1,31,2,42,0,1,1,0
73,1,1271352367,0,1,0,0,3,0,30,5,0,42,1,1,1
73,2,82353923,0,2,0,0,3,0,30,5,39,3,0,2,1
73,3,3235940788,0,3,0,0,0,1,30,4,35,7,1,3,1
73,4,4194425992,0,0,0,0,1,0,30,4,8,34,1,3,2
73,5,1710882763,0,1,0,0,3,0,30,6,12,30,1,3,3
73,6,1374823182,0,2,0,0,0,1,31,0,7,35,0,3,4
73,7,185824738,0,3,0,0,1,0,30,4,14,28,0,4,4
73,8,3339411603,0,0,0,0,1,0,30,1,33,9,0,5,4
73,9,2150413159,0,1,0,0,3,0,30,6,1,41,1,5,5
73,10,1814353578,0,2,0,0,2,1,32,4,7,35,0,5,6
73,11,625355134,0,3,0,0,1,0,30,4,8,34,1,5,7
74,0,2187795059,0,0,0,0,0,1,31,0,18,24,0,0,1
74,1,1851735478,0,1,0,0,3,0,30,5,12,30,1,0,2
74,2,4152383480,0,2,0,0,3,0,30,6,29,13,0,1,2
74,3,3816323899,0,3,0,0,0,1,30,2,12,30,0,1,3
74,4,1332780670,0,0,0,0,0,1,31,6,36,6,1,2,3
74,5,2291265874,0,1,0,0,3,0,30,2,24,18,0,3,3
74,6,4102689941,0,2,0,0,2,1,31,5,42,0,1,4,3
74,7,4255854295,0,3,0,0,1,0,30,4,6,36,1,4,4
74,8,3919794714,0,0,0,0,1,0,30,5,8,34,1,4,5
74,9,2730796270,0,1,0,0,0,1,31,4,31,11,1,5,5
74,10,247253041,0,2,0,0,0,1,31,4,41,1,1,6,5
74,11,3400839906,0,3,0,0,1,0,30,6,25,17,0,7,5
75,0,3690921156,0,0,0,0,2,1,31,4,41,1,1,1,0
75,1,3354861575,0,1,0,0,0,1,31,2,36,6,1,2,0
75,2,2165863131,0,2,0,0,0,1,31,6,26,16,0,2,1
75,3,1829803550,0,3,0,0,2,1,31,4,29,13,0,2,2
75,4,2736567880,0,0,0,0,1,0,30,3,0,42,1,2,3
75,5,3794391971,0,1,0,0,0,1,31,4,33,9,1,3,3
75,6,3458332390,0,2,0,0,3,0,30,3,23,19,0,4,3
75,7,2269333946,0,3,0,0,2,1,31,4,18,24,0,4,4
75,8,1127953515,0,0,0,0,0,1,31,6,41,1,1,5,4
75,9,4233922367,0,1,0,0,3,0,30,2,39,3,0,6,4
75,10,3897862786,0,2,0,0,3,0,30,5,18,24,0,7,4
76,0,2707659655,0,0,0,0,0,1,32,5,41,1,1,1,0
76,1,2371600074,0,1,0,0,3,0,30,5,17,25,0,2,0
76,2,377280780,0,2,0,0,0,1,31,4,8,34,0,2,1
76,3,41221199,0,3,0,0,1,0,30,5,7,35,1,2,2
76,4,4000128914,0,0,0,0,1,0,30,4,35,7,0,3,2
76,5,2811130470,0,1,0,0,3,0,30,4,13,29,0,4,2
76,6,1669750039,0,2,0,0,2,1,32,4,36,6,1,5,2
76,7,480751595,0,3,0,0,1,0,30,1,17,25,0,6,2
76,8,144692014,0,0,0,0,0,1,31,6,18,24,0,6,3
76,9,3250660866,0,1,0,0,3,0,30,4,13,29,0,7,3
77,0,1963963217,0,0,0,0,1,0,30,4,7,35,1,0,1
77,1,1627903636,0,1,0,0,3,0,30,4,6,36,1,0,2
77,2,2685727727,0,2,0,0,0,1,31,6,29,13,0,0,3
77,3,3592492057,0,3,0,0,2,1,31,4,24,18,0,0,4
77,4,256009965,0,0,0,0,2,1,31,4,18,24,0,0,5
77,5,2067434032,0,1,0,0,3,0,30,6,25,17,0,1,5
77,6,1731374451,0,2,0,0,3,0,30,5,18,24,0,2,5
77,7,4032022453,0,3,0,0,2,1,31,5,14,28,0,2,6
77,8,3695962872,0,0,0,0,1,0,30,4,1,41,1,2,7
78,0,4272410164,0,0,0,0,1,0,30,0,7,35,1,0,1
78,1,3131029733,0,1,0,0,0,1,31,3,36,6,1,1,1
78,2,1942031289,0,2,0,0,2,1,31,6,25,17,0,1,2
78,3,1605971708,0,3,0,0,1,0,30,5,16,26,0,2,2
78,4,416973264,0,0,0,0,1,0,30,4,20,22,0,3,2
78,5,3570560129,0,1,0,0,2,1,30,5,42,0,1,4,2
78,6,3234500548,0,2,0,0,3,0,30,4,18,24,0,5,2
78,7,2045502104,0,3,0,0,1,0,30,4,22,20,0,6,2
78,8,1709442523,0,0,0,0,1,0,30,2,12,30,1,6,3
78,9,4010090525,0,1,0,0,0,1,31,0,42,0,1,7,3
79,0,4047472425,0,0,0,0,1,0,30,4,19,23,0,1,0
79,1,3711412844,0,1,0,0,2,1,30,5,24,18,0,1,1
79,2,2522414400,0,2,0,0,3,0,30,4,22,20,0,2,1
79,3,2186354819,0,3,0,0,1,0,30,3,1,41,1,2,2
79,4,3192458036,0,0,0,0,1,0,30,5,11,31,1,2,3
79,5,4150943240,0,1,0,0,2,1,30,4,31,11,1,3,3
79,6,1667400011,0,2,0,0,3,0,30,4,40,2,0,4,3
79,7,2625885215,0,3,0,0,2,1,31,6,26,16,0,4,4
79,8,1484504784,0,0,0,0,0,1,31,2,31,11,1,5,4
79,9,295506340,0,1,0,0,2,1,30,2,42,0,1,6,4
79,10,2106930407,0,2,0,0,3,0,30,4,18,24,0,7,4
80,0,1839470262,0,0,0,0,0,1,32,4,33,9,1,1,0
80,1,1503410681,0,1,0,0,2,1,30,0,42,0,1,2,0
80,2,314412237,0,2,0,0,0,1,31,1,13,29,0,2,1
80,3,2125836304,0,3,0,0,0,1,30,3,12,30,0,2,2
80,4,2279000658,0,0,0,0,1,0,30,3,28,14,0,3,2
80,5,1942941077,0,1,0,0,0,1,31,1,25,17,0,3,3
80,6,753942633,0,2,0,0,0,1,31,2,42,0,1,4,3
80,7,2565366700,0,3,0,0,1,0,30,4,1,41,1,4,4
80,8,3472131030,0,0,0,0,1,0,30,2,0,42,1,4,5
80,9,2382471473,0,1,0,0,2,1,30,2,12,30,0,4,6
80,10,4193895540,0,2,0,0,0,1,31,6,36,6,1,5,6
80,11,857413448,0,3,0,0,1,0,30,3,16,26,0,6,6
80,12,3911661426,0,0,0,0,0,1,32,4,19,23,0,6,7
81,0,272369725,0,0,0,0,1,0,30,5,24,18,0,1,0
81,1,4231277440,0,1,0,0,0,1,31,1,35,7,1,2,0
81,2,3042278996,0,2,0,0,0,1,31,4,23,19,0,2,1
81,3,1900898565,0,3,0,0,0,1,30,5,40,2,1,3,1
81,4,1564838984,0,0,0,0,2,1,31,5,31,11,1,4,1
81,5,375840540,0,1,0,0,2,1,30,0,9,33,0,4,2
81,6,39780959,0,2,0,0,0,1,31,2,23,19,0,4,3
81,7,2340428961,0,3,0,0,2,1,31,4,36,6,1,5,3
81,8,2004369380,0,0,0,0,0,1,31,3,29,13,0,5,4
81,9,815370936,0,1,0,0,0,1,31,5,26,16,0,5,5
81,10,479311355,0,2,0,0,0,1,31,4,23,19,0,5,6
81,11,3632898220,0,3,0,0,1,0,30,4,0,42,1,5,7
82,0,3823640583,0,0,0,0,1,0,30,6,12,30,1,0,1
82,1,3487581002,0,1,0,0,3,0,30,4,3,39,1,0,2
82,2,250437797,0,2,0,0,3,0,30,4,18,24,0,1,2
82,3,1962522977,0,3,0,0,1,0,30,4,41,1,0,2,2
82,4,2115687331,0,0,0,0,1,0,30,3,15,27,0,3,2
82,5,3927111398,0,1,0,0,3,0,30,5,19,23,0,4,2
82,6,3591051817,0,2,0,0,2,1,32,1,24,18,0,4,3
82,7,353908612,0,3,0,0,0,1,30,6,25,17,0,4,4
82,8,17849031,0,0,0,0,2,1,31,6,14,28,0,4,5
82,9,71674498,0,1,0,0,3,0,30,0,7,35,1,4,6
82,10,4030582213,0,2,0,0,3,0,30,3,25,17,0,5,6
82,11,3694522632,0,3,0,0,1,0,30,4,3,39,1,5,7
83,0,2355878933,0,0,0,0,0,1,31,4,30,12,0,0,1
83,1,2019819352,0,1,0,0,3,0,30,4,18,24,0,1,1
83,2,3831243419,0,2,0,0,3,0,30,5,0,42,1,1,2
83,3,3984407773,0,3,0,0,1,0,30,4,2,40,1,1,3
83,4,1500864544,0,0,0,0,2,1,31,3,36,6,1,2,3
83,5,2459349748,0,1,0,0,2,1,30,4,18,24,0,2,4
83,6,4270773815,0,2,0,0,3,0,30,2,6,36,1,2,5
83,7,128970873,0,3,0,0,1,0,30,2,18,24,0,3,5
83,8,1940394940,0,0,0,0,1,0,30,5,28,14,0,4,5
83,9,1604335359,0,1,0,0,3,0,30,5,22,20,0,5,5
83,10,415336915,0,2,0,0,2,1,32,6,20,22,0,5,6
83,11,79277334,0,3,0,0,2,1,31,5,26,16,0,5,7
84,0,2417503345,0,0,0,0,1,0,30,4,3,39,1,0,1
84,1,1276122914,0,1,0,0,3,0,30,4,6,36,1,0,2
84,2,87124470,0,2,0,0,3,0,30,4,11,31,1,0,3
84,3,4046032185,0,3,0,0,1,0,30,1,12,30,1,0,4
84,4,1562488956,0,0,0,0,2,1,31,1,42,0,1,1,4
84,5,1715653310,0,1,0,0,0,1,31,4,19,23,0,1,5
84,6,3527077377,0,2,0,0,3,0,30,3,0,42,1,1,6
84,7,190595285,0,3,0,0,1,0,30,4,9,33,1,1,7
85,0,209501182,0,0,0,0,0,1,31,0,42,0,1,1,0
85,1,3363088047,0,1,0,0,0,1,31,4,18,24,0,1,1
85,2,2174089603,0,2,0,0,2,1,31,3,41,1,1,2,1
85,3,3985513670,0,3,0,0,2,1,31,6,25,17,0,2,2
85,4,649031578,0,0,0,0,0,1,31,5,16,26,0,2,3
85,5,3802618443,0,1,0,0,3,0,30,5,17,25,0,3,3
85,6,2613619999,0,2,0,0,0,1,31,4,12,30,0,3,4
85,7,2277560418,0,3,0,0,0,1,30,5,42,0,1,4,4
85,8,4088984485,0,0,0,0,0,1,31,1,14,28,0,4,5
85,9,4242148839,0,1,0,0,2,1,30,6,26,16,0,4,6
85,10,1758605610,0,2,0,0,2,1,31,4,25,17,0,4,7
86,0,2132047091,0,0,0,0,1,0,30,5,12,30,1,0,1
86,1,1795987510,0,1,0,0,0,1,31,6,42,0,1,1,1
86,2,606989066,0,2,0,0,3,0,30,4,28,14,0,2,1
86,3,270929485,0,3,0,0,1,0,30,5,12,30,1,2,2
86,4,3424516350,0,0,0,0,1,0,30,5,28,14,0,3,2
86,5,2235517906,0,1,0,0,0,1,31,4,35,7,1,4,2
86,6,1899458325,0,2,0,0,2,1,31,6,29,13,0,4,3
86,7,710459881,0,3,0,0,0,1,30,6,18,24,0,4,4
86,8,3864046746,0,0,0,0,0,1,31,3,36,6,1,5,4
86,9,2675048302,0,1,0,0,3,0,30,2,14,28,0,6,4
86,10,2338988721,0,2,0,0,0,1,31,4,42,0,1,7,4
87,0,145526742,0,0,0,0,2,1,31,4,41,1,1,1,0
87,1,1052291072,0,1,0,0,3,0,30,0,0,42,1,1,1
87,2,2110115163,0,2,0,0,0,1,31,3,35,7,1,2,1
87,3,1774055582,0,3,0,0,1,0,30,5,13,29,0,3,1
87,4,585057138,0,0,0,0,2,1,31,3,35,7,1,4,1
87,5,248997557,0,1,0,0,2,1,30,2,35,7,1,5,1
87,6,1155761887,0,2,0,0,0,1,31,6,42,0,1,6,1
87,7,2213585978,0,3,0,0,2,1,31,6,13,29,0,6,2
87,8,1877526397,0,0,0,0,2,1,31,3,30,12,0,6,3
87,9,688527953,0,1,0,0,0,1,31,2,19,23,0,6,4
87,10,1595292283,0,2,0,0,3,0,30,2,34,8,0,7,4
88,0,4215556299,0,0,0,0,0,1,31,4,29,13,0,0,1
88,1,3879496718,0,1,0,0,3,0,30,5,14,28,0,1,1
88,2,1395953489,0,2,0,0,3,0,30,4,12,30,1,1,2
88,3,2354438693,0,3,0,0,1,0,30,1,7,35,1,1,3
88,4,4165862760,0,0,0,0,1,0,30,1,12,30,1,1,4
88,5,24059818,0,1,0,0,3,0,30,0,0,42,1,1,5
88,6,1835483885,0,2,0,0,3,0,30,0,35,7,0,2,5
88,7,2793969089,0,3,0,0,0,1,30,5,36,6,1,3,5
88,8,310425860,0,0,0,0,0,1,31,6,42,0,1,4,5
88,9,3464012725,0,1,0,0,3,0,30,6,6,36,1,4,6
88,10,2275014281,0,2,0,0,0,1,31,4,32,10,1,5,6
88,11,1938954700,0,3,0,0,1,0,30,4,40,2,0,6,6
88,12,749956256,0,0,0,0,1,0,30,4,8,34,1,6,7
89,0,566052451,0,0,0,0,1,0,30,5,36,6,0,1,0
89,1,1572155668,0,1,0,0,3,0,30,5,36,6,0,2,0
89,2,2530640872,0,2,0,0,3,0,30,1,8,34,1,2,1
89,3,47097643,0,3,0,0,1,0,30,2,2,40,1,2,2
89,4,1005582847,0,0,0,0,0,1,32,5,35,7,1,3,2
89,5,2011686064,0,1,0,0,0,1,31,3,12,30,0,3,3
89,6,1675626483,0,2,0,0,3,0,30,4,14,28,0,4,3
89,7,486628039,0,3,0,0,1,0,30,5,12,30,1,4,4
89,8,150568458,0,0,0,0,1,0,30,4,0,42,1,4,5
89,9,303732812,0,1,0,0,3,0,30,5,19,23,0,5,5
89,10,2115156879,0,2,0,0,2,1,31,1,13,29,0,5,6
89,11,926158435,0,3,0,0,1,0,30,6,0,42,1,5,7
90,0,2069178548,0,0,0,0,1,0,30,4,34,8,0,1,0
90,1,3880602615,0,1,0,0,0,1,31,1,41,1,1,2,0
90,2,4033766969,0,2,0,0,0,1,31,0,41,1,1,3,0
90,3,1550223740,0,3,0,0,1,0,30,6,0,42,1,3,1
90,4,2508708944,0,0,0,0,0,1,32,6,35,7,1,4,1
90,5,25165715,0,1,0,0,2,1,30,6,42,0,1,5,1
90,6,178330069,0,2,0,0,2,1,31,4,41,1,1,6,1
90,7,4137237784,0,3,0,0,2,1,31,4,25,17,0,6,2
90,8,1653694555,0,0,0,0,1,0,30,4,18,24,0,7,2
91,0,502078011,0,0,0,0,2,1,31,4,42,0,1,1,0
91,1,3655664876,0,1,0,0,0,1,31,1,25,17,0,1,1
91,2,2466666432,0,2,0,0,2,1,32,2,29,13,0,1,2
91,3,2130606851,0,3,0,0,0,1,30,6,36,6,1,2,2
91,4,1794547270,0,0,0,0,0,1,31,5,36,6,1,3,2
91,5,4095195272,0,1,0,0,0,1,31,2,13,29,0,3,3
91,6,3759135691,0,2,0,0,2,1,31,5,30,12,0,3,4
91,7,2570137247,0,3,0,0,0,1,30,0,25,17,0,3,5
91,8,2234077666,0,0,0,0,0,1,31,5,35,7,1,4,5
91,9,1045079222,0,1,0,0,0,1,31,0,25,17,0,4,6
91,10,4198666087,0,2,0,0,2,1,31,4,41,1,1,5,6
91,11,1715122858,0,3,0,0,1,0,30,5,29,13,0,6,6
91,12,2673608062,0,0,0,0,0,1,32,5,7,35,0,6,7
92,0,2005204108,0,0,0,0,1,0,30,4,19,23,0,1,0
92,1,1669144527,0,1,0,0,3,0,30,5,6,36,1,1,1
92,2,480146083,0,2,0,0,0,1,31,6,41,1,1,2,1
92,3,3633732948,0,3,0,0,2,1,31,5,41,1,1,3,1
92,4,2444734504,0,0,0,0,1,0,30,6,23,19,0,4,1
92,5,2108674923,0,1,0,0,0,1,31,5,25,17,0,4,2
92,6,1772615342,0,2,0,0,3,0,30,3,26,16,0,5,2
92,7,4073263344,0,3,0,0,1,0,30,4,10,32,1,5,3
92,8,3737203763,0,0,0,0,2,1,31,4,20,22,0,5,4
92,9,2548205319,0,1,0,0,2,1,30,3,20,22,0,5,5
92,10,2212145738,0,2,0,0,2,1,32,5,29,13,0,5,6
92,11,3118910068,0,3,0,0,1,0,30,1,23,19,0,6,6
92,12,4176734159,0,0,0,0,2,1,31,6,41,1,1,7,6
93,0,1021942607,0,0,0,0,0,1,31,4,24,18,0,0,1
93,1,4175529472,0,1,0,0,3,0,30,4,13,29,0,1,1
93,2,839047380,0,2,0,0,2,1,31,1,25,17,0,1,2
93,3,2650471447,0,3,0,0,1,0,30,3,2,40,1,1,3
93,4,1461473003,0,0,0,0,0,1,31,6,30,12,0,1,4
93,5,320092572,0,1,0,0,2,1,30,4,41,1,1,2,4
93,6,4279000287,0,2,0,0,3,0,30,2,18,24,0,3,4
93,7,3090001843,0,3,0,0,2,1,31,1,42,0,1,4,4
93,8,2753942262,0,0,0,0,1,0,30,2,12,30,1,4,5
93,9,759622968,0,1,0,0,0,1,31,5,8,34,0,4,6
93,10,423563387,0,2,0,0,2,1,32,1,13,29,0,4,7
94,0,2425729817,0,0,0,0,0,1,32,2,35,7,1,1,0
94,1,4237153884,0,1,0,0,0,1,31,3,42,0,1,2,0
94,2,95350942,0,2,0,0,2,1,31,1,42,0,1,3,0
94,3,1906775009,0,3,0,0,0,1,30,6,25,17,0,3,1
94,4,2865260213,0,0,0,0,1,0,30,1,7,35,1,3,2
94,5,381716984,0,1,0,0,0,1,31,0,30,12,0,3,3
94,6,3535303849,0,2,0,0,3,0,30,4,6,36,1,3,4
94,7,2346305405,0,3,0,0,1,0,30,5,18,24,0,4,4
94,8,2010245824,0,0,0,0,0,1,31,4,7,35,0,4,5
94,9,821247380,0,1,0,0,2,1,30,3,40,2,1,5,5
94,10,3974834245,0,2,0,0,2,1,31,4,41,1,1,6,5
94,11,2785835801,0,3,0,0,1,0,30,4,7,35,1,6,6
94,12,2449776220,0,0,0,0,1,0,30,5,2,40,1,6,7
95,0,3105451815,0,0,0,0,2,1,31,4,42,0,1,1,0
95,1,4012216145,0,1,0,0,3,0,30,5,36,6,0,2,0
95,2,775072940,0,2,0,0,2,1,32,5,36,6,1,3,0
95,3,439013359,0,3,0,0,2,1,31,4,29,13,0,3,1
95,4,2250437426,0,0,0,0,0,1,31,2,24,18,0,3,2
95,5,2403601780,0,1,0,0,3,0,30,0,0,42,1,3,3
95,6,4115686960,0,2,0,0,0,1,31,2,41,1,1,4,3
95,7,878543755,0,3,0,0,0,1,30,4,24,18,0,4,4
95,8,542484174,0,0,0,0,0,1,31,0,19,23,0,4,5
95,9,2843132176,0,1,0,0,2,1,30,0,31,11,1,5,5
95,10,2507072595,0,2,0,0,0,1,31,3,42,0,1,6,5
95,11,2071674127,0,3,0,0,1,0,30,2,0,42,1,6,6
95,12,982014570,0,0,0,0,2,1,31,6,34,8,1,7,6
0,0,4045842241,1,0,0,0,3,1,31,4,36,6,1,1,0
0,1,1562299012,1,1,0,0,3,1,31,1,29,13,0,1,1
0,2,420918581,1,2,0,0,3,1,30,5,31,11,1,2,1
0,3,3526887433,1,3,0,0,1,1,31,4,31,11,1,3,1
0,4,3190827852,1,0,0,0,3,1,31,3,28,14,0,3,2
0,5,2001829408,1,1,0,0,3,1,31,5,31,11,1,4,2
0,6,860448977,1,2,0,0,0,0,30,6,6,36,1,4,3
0,7,3966417829,1,3,0,0,1,1,31,2,18,24,0,4,4
0,8,3630358248,1,0,0,0,2,0,30,0,35,7,0,5,4
0,9,3294298667,1,1,0,0,2,0,30,5,30,12,0,6,4
0,10,2105300223,1,2,0,0,0,0,30,4,12,30,1,6,5
0,11,963919792,1,3,0,0,3,1,31,6,18,24,0,6,6
0,12,4069888644,1,0,0,0,3,1,31,5,30,12,0,6,7
1,0,2257259890,1,0,0,0,3,1,31,5,41,1,1,1,0
1,1,1921200309,1,1,0,0,1,1,31,5,42,0,1,2,0
1,2,3732624376,1,2,0,0,3,1,30,4,4,38,0,2,1
1,3,2642964819,1,3,0,0,0,0,30,6,3,39,1,2,2
1,4,1402245501,1,0,0,0,2,0,30,5,36,6,0,3,2
1,5,2360730705,1,1,0,0,2,0,30,1,6,36,1,3,3
1,6,4172154772,1,2,0,0,0,0,30,5,22,20,0,4,3
1,7,3082495215,1,3,0,0,0,0,30,4,7,35,1,4,4
1,8,3989259545,1,0,0,0,1,1,30,2,41,1,1,5,4
1,9,1505716316,1,1,0,0,2,0,30,0,13,29,0,6,4
1,10,316717872,1,2,0,0,1,1,31,4,40,2,1,7,4
2,0,270739541,1,0,0,0,3,1,31,0,42,0,1,1,0
2,1,4229647256,1,1,0,0,2,0,30,5,8,34,1,1,1
2,2,2235327962,1,2,0,0,0,0,30,4,13,29,0,2,1
2,3,1899268381,1,3,0,0,3,1,32,4,42,0,1,3,1
2,4,3710692448,1,0,0,0,2,0,30,5,13,29,0,4,1
2,5,374210356,1,1,0,0,2,0,30,5,18,24,0,5,1
2,6,3527797221,1,2,0,0,0,0,30,3,17,25,0,6,1
2,7,2338798777,1,3,0,0,1,1,31,1,39,3,1,7,1
3,0,3046224313,1,0,0,0,1,1,30,4,42,0,1,1,0
3,1,1857225869,1,1,0,0,3,1,31,6,25,17,0,1,1
3,2,1521166288,1,2,0,0,1,1,31,5,10,32,0,1,2
3,3,332167844,1,3,0,0,0,0,30,1,7,35,1,1,3
3,4,4291075559,1,0,0,0,2,0,30,4,29,13,0,2,3
3,5,2296756265,1,1,0,0,3,1,31,0,13,29,0,2,4
3,6,1960696684,1,2,0,0,3,1,30,1,26,16,0,2,5
3,7,1624637103,1,3,0,0,1,1,31,1,40,2,1,3,5
3,8,435638659,1,0,0,0,2,0,30,5,19,23,0,4,5
3,9,3589225524,1,1,0,0,1,1,32,4,41,1,1,5,5
3,10,2400227080,1,2,0,0,1,1,31,0,20,22,0,5,6
3,11,2064167499,1,3,0,0,1,1,31,6,35,7,1,6,6
3,12,875169055,1,0,0,0,2,0,30,4,0,42,1,6,7
4,0,2354248749,1,0,0,0,2,0,30,5,36,6,0,1,0
4,1,4165672816,1,1,0,0,3,1,31,0,42,0,1,2,0
4,2,3024292385,1,2,0,0,0,0,30,4,0,42,1,2,1
4,3,1835293941,1,3,0,0,3,1,31,5,42,0,1,3,1
4,4,1499234360,1,0,0,0,1,1,30,1,42,0,1,4,1
4,5,310235916,1,1,0,0,1,1,31,6,35,7,1,5,1
4,6,3463822781,1,2,0,0,1,1,31,0,0,42,0,5,2
4,7,3127763200,1,3,0,0,0,0,30,4,7,35,1,5,3
4,8,1938764756,1,0,0,0,3,1,31,4,41,1,1,6,3
4,9,1602705175,1,1,0,0,1,1,31,5,42,0,1,7,3
5,0,565666398,1,0,0,0,1,1,30,6,31,11,1,1,0
5,1,229606817,1,1,0,0,1,1,32,4,39,3,1,2,0
5,2,2041030884,1,2,0,0,0,0,30,5,30,12,0,3,0
5,3,852032440,1,3,0,0,0,0,30,5,11,31,1,3,1
5,4,4005619305,1,0,0,0,1,1,30,6,42,0,1,4,1
5,5,669137213,1,1,0,0,2,0,30,0,28,14,0,5,1
5,6,2480561280,1,2,0,0,0,0,30,4,22,20,0,6,1
5,7,3439046484,1,3,0,0,1,1,31,0,31,11,1,7,1
6,0,2874113345,1,0,0,0,1,1,30,2,29,13,0,0,1
6,1,3780877675,1,1,0,0,3,1,31,1,42,0,1,1,1
6,2,1297334446,1,2,0,0,3,1,30,4,28,14,0,1,2
6,3,207674889,1,3,0,0,0,0,30,1,7,35,1,1,3
6,4,2019098956,1,0,0,0,1,1,30,4,30,12,1,2,3
6,5,4220408071,1,1,0,0,3,1,31,4,41,1,1,3,3
6,6,1736864842,1,2,0,0,0,0,30,4,17,25,0,4,3
6,7,647205285,1,3,0,0,1,1,31,1,20,22,0,4,4
6,8,2458629352,1,0,0,0,2,0,30,4,42,0,0,5,4
6,9,2122569771,1,1,0,0,2,0,30,4,19,23,0,6,4
6,10,2176395238,1,2,0,0,3,1,30,4,24,18,0,6,5
6,11,1840335657,1,3,0,0,3,1,31,4,30,12,0,6,6
6,12,2898159748,1,0,0,0,1,1,30,4,41,1,1,7,6
7,0,2130416907,1,0,0,0,3,1,31,6,19,23,0,0,1
7,1,1794357326,1,1,0,0,2,0,30,6,7,35,1,0,2
7,2,3605781393,1,2,0,0,0,0,30,4,24,18,0,1,2
7,3,3758945747,1,3,0,0,0,0,30,2,7,35,1,1,3
7,4,1275402518,1,0,0,0,1,1,30,1,41,1,1,2,3
7,5,2233887722,1,1,0,0,3,1,31,6,18,24,0,2,4
7,6,4045311789,1,2,0,0,0,0,30,5,1,41,1,2,5
7,7,4198476143,1,3,0,0,0,0,30,4,6,36,1,2,6
7,8,1714932914,1,0,0,0,3,1,31,1,24,18,0,2,7
8,0,1416255233,1,0,0,0,2,0,30,4,35,7,0,1,0
8,1,2474079324,1,1,0,0,2,0,30,6,42,0,0,2,0
8,2,3380843654,1,2,0,0,0,0,30,3,12,30,1,2,1
8,3,2191845210,1,3,0,0,0,0,30,3,1,41,1,2,2
8,4,1855785629,1,0,0,0,3,1,31,5,42,0,1,3,2
8,5,2913609720,1,1,0,0,3,1,31,4,21,21,0,3,3
8,6,3820374050,1,2,0,0,3,1,30,3,14,28,0,3,4
8,7,3484314469,1,3,0,0,0,0,30,3,6,36,1,3,5
8,8,2295316025,1,0,0,0,1,1,30,4,13,29,0,3,6
8,9,1959256444,1,1,0,0,2,0,30,6,8,34,1,3,7
9,0,2650281503,1,0,0,0,2,0,30,1,16,26,0,1,0
9,1,2314221922,1,1,0,0,1,1,31,5,41,1,1,2,0
9,2,319902628,1,2,0,0,0,0,30,1,24,18,0,3,0
9,3,4278810343,1,3,0,0,1,1,31,0,24,18,0,3,1
9,4,3942750762,1,0,0,0,1,1,30,5,36,6,1,4,1
9,5,2753752318,1,1,0,0,2,0,30,5,42,0,0,5,1
9,6,1612371887,1,2,0,0,1,1,31,5,30,12,0,5,2
9,7,423373443,1,3,0,0,0,0,30,4,40,2,0,6,2
9,8,87313862,1,0,0,0,2,0,30,2,0,42,1,6,3
9,9,3193282714,1,1,0,0,2,0,30,4,0,42,1,6,4
9,10,2857223133,1,2,0,0,3,1,30,3,42,0,1,7,4
10,0,3230664614,1,0,0,0,2,0,30,5,18,24,0,1,0
10,1,2089284183,1,1,0,0,2,0,30,0,7,35,1,1,1
10,2,3900708250,1,2,0,0,1,1,31,6,31,11,1,2,1
10,3,2711709806,1,3,0,0,3,1,32,6,17,25,0,2,2
10,4,2375650225,1,0,0,0,2,0,30,5,1,41,1,2,3
10,5,2528814579,1,1,0,0,1,1,31,1,25,17,0,2,4
10,6,45271350,1,2,0,0,1,1,31,2,25,17,0,2,5
10,7,1003756554,1,3,0,0,0,0,30,2,23,19,0,3,5
10,8,2815180621,1,0,0,0,3,1,31,2,25,17,0,3,6
10,9,1673800190,1,1,0,0,2,0,30,4,13,29,0,4,6
10,10,484801746,1,2,0,0,1,1,31,5,39,3,1,5,6
10,11,148742165,1,3,0,0,1,1,31,1,30,12,0,5,7
11,0,438823415,1,0,0,0,3,1,31,4,35,7,1,1,0
11,1,2250247482,1,1,0,0,1,1,31,4,42,0,1,2,0
11,2,1914187901,1,2,0,0,1,1,31,6,19,23,0,2,1
11,3,2067352255,1,3,0,0,0,0,30,5,27,15,0,3,1
11,4,3878776322,1,0,0,0,1,1,30,5,7,35,0,3,2
11,5,542294230,1,1,0,0,1,1,31,4,42,0,1,4,2
11,6,2353718297,1,2,0,0,0,0,30,0,29,13,0,5,2
11,7,2506882651,1,3,0,0,1,1,31,3,23,19,0,5,3
11,8,23339422,1,0,0,0,3,1,31,5,18,24,0,5,4
11,9,3982247137,1,1,0,0,2,0,30,4,31,11,0,6,4
11,10,2793248693,1,2,0,0,3,1,30,4,42,0,1,7,4
12,0,4019629037,1,0,0,0,3,1,31,3,30,12,0,0,1
12,1,2025309743,1,1,0,0,3,1,31,1,29,13,0,0,2
12,2,1689250162,1,2,0,0,3,1,30,2,19,23,0,0,3
12,3,500251718,1,3,0,0,0,0,30,5,1,41,1,0,4
12,4,164192137,1,0,0,0,2,0,30,4,13,29,0,1,4
12,5,3270160989,1,1,0,0,3,1,31,4,13,29,0,1,5
12,6,2128780558,1,2,0,0,0,0,30,5,13,29,0,2,5
12,7,1792720977,1,3,0,0,0,0,30,1,11,31,1,2,6
12,8,603722533,1,0,0,0,3,1,31,4,41,1,1,3,6
12,9,2415146600,1,1,0,0,1,1,31,6,15,27,0,3,7
13,0,3275932599,1,0,0,0,1,1,30,3,24,18,0,0,1
13,1,38789394,1,1,0,0,1,1,31,5,18,24,0,0,2
13,2,1750874574,1,2,0,0,0,0,30,5,17,25,0,1,2
13,3,4051522576,1,3,0,0,3,1,31,5,23,19,0,1,3
13,4,3715462995,1,0,0,0,3,1,31,5,13,29,0,1,4
13,5,478319790,1,1,0,0,3,1,31,4,40,2,1,2,4
13,6,142260209,1,2,0,0,0,0,30,5,8,34,1,2,5
13,7,1049024539,1,3,0,0,0,0,30,3,6,36,1,2,6
13,8,4154993391,1,0,0,0,3,1,31,6,36,6,1,3,6
13,9,3818933810,1,1,0,0,2,0,30,5,11,31,1,3,7
14,0,214991573,1,0,0,0,2,0,30,5,13,29,0,1,0
14,1,4173899288,1,1,0,0,2,0,30,5,26,16,0,2,0
14,2,2984900844,1,2,0,0,1,1,31,6,36,6,1,3,0
14,3,1843520413,1,3,0,0,3,1,32,4,41,1,1,4,0
14,4,1507460832,1,0,0,0,2,0,30,5,22,20,0,5,0
14,5,318462388,1,1,0,0,1,1,31,4,40,2,1,6,0
14,6,4277370103,1,2,0,0,1,1,31,6,30,12,0,6,1
14,7,3088371659,1,3,0,0,0,0,30,5,41,1,0,7,1
15,0,795374684,1,0,0,0,2,0,30,4,21,21,0,1,0
15,1,2606798751,1,1,0,0,1,1,31,5,31,11,1,2,0
15,2,1465418320,1,2,0,0,0,0,30,4,21,21,0,3,0
15,3,2423903524,1,3,0,0,0,0,30,4,19,23,0,4,0
15,4,4235327591,1,0,0,0,3,1,31,6,40,2,1,5,0
15,5,3046329147,1,1,0,0,1,1,31,3,42,0,1,6,0
15,6,1904948716,1,2,0,0,1,1,31,0,18,24,0,6,1
15,7,2863433920,1,3,0,0,3,1,31,5,42,0,1,7,1
16,0,2298500781,1,0,0,0,2,0,30,6,17,25,0,1,0
16,1,4109924848,1,1,0,0,2,0,30,5,23,19,0,2,0
16,2,3773865267,1,2,0,0,3,1,30,4,30,12,1,3,0
16,3,2584866823,1,3,0,0,3,1,31,2,31,11,1,4,0
16,4,1443486392,1,0,0,0,3,1,31,4,35,7,1,5,0
16,5,2401971596,1,1,0,0,2,0,30,5,24,18,0,6,0
16,6,4213395663,1,2,0,0,3,1,30,4,40,2,1,7,0
17,0,1584339107,1,0,0,0,3,1,31,5,19,23,0,0,1
17,1,395340663,1,1,0,0,2,0,30,4,12,30,1,0,2
17,2,59281082,1,2,0,0,3,1,30,6,8,34,0,0,3
17,3,2359929084,1,3,0,0,3,1,31,3,30,12,0,0,4
17,4,2023869503,1,0,0,0,3,1,31,6,23,19,0,0,5
17,5,834871059,1,1,0,0,2,0,30,5,23,19,0,1,5
17,6,498811478,1,2,0,0,0,0,30,5,2,40,1,1,6
17,7,3652398343,1,3,0,0,3,1,31,2,29,13,0,1,7
18,0,571542842,1,0,0,0,2,0,30,5,35,7,0,1,0
18,1,235483261,1,1,0,0,2,0,30,1,19,23,0,2,0
18,2,1293307352,1,2,0,0,3,1,30,4,19,23,0,2,1
18,3,2200071682,1,3,0,0,0,0,30,5,13,29,0,3,1
18,4,1864012101,1,0,0,0,2,0,30,6,0,42,1,3,2
18,5,675013657,1,1,0,0,1,1,31,2,42,0,1,4,2
18,6,2486437724,1,2,0,0,1,1,31,4,35,7,1,5,2
18,7,2639602078,1,3,0,0,3,1,31,4,36,6,1,6,2
18,8,2303542497,1,0,0,0,2,0,30,4,2,40,1,6,3
18,9,4114966564,1,1,0,0,2,0,30,4,29,13,0,7,3
19,0,3398748488,1,0,0,0,3,1,31,3,41,1,1,1,0
19,1,915205259,1,1,0,0,3,1,31,6,25,17,0,1,1
19,2,4068792124,1,2,0,0,3,1,30,6,24,18,0,1,2
19,3,2879793680,1,3,0,0,0,0,30,6,13,29,0,2,2
19,4,2543734099,1,0,0,0,2,0,30,5,36,6,0,3,2
19,5,1354735655,1,1,0,0,2,0,30,5,31,11,0,4,2
19,6,213355224,1,2,0,0,1,1,31,4,20,22,0,4,3
19,7,4172262939,1,3,0,0,0,0,30,6,13,29,0,5,3
19,8,2983264495,1,0,0,0,2,0,30,3,18,24,0,6,3
19,9,2647204914,1,1,0,0,3,1,31,5,25,17,0,6,4
19,10,652885620,1,2,0,0,0,0,30,4,20,22,0,7,4
20,0,2655052050,1,0,0,0,1,1,30,5,36,6,1,1,0
20,1,171508821,1,1,0,0,1,1,32,6,36,6,1,2,0
20,2,4130416536,1,2,0,0,0,0,30,5,23,19,0,3,0
20,3,4283580890,1,3,0,0,0,0,30,4,17,25,0,4,0
20,4,1800037661,1,0,0,0,3,1,31,5,36,6,1,5,0
20,5,611039217,1,1,0,0,1,1,32,4,39,3,1,6,0
20,6,274979636,1,2,0,0,0,0,30,4,29,13,0,7,0
21,0,668531701,1,0,0,0,1,1,30,4,30,12,1,1,0
21,1,3822118566,1,1,0,0,2,0,30,4,8,34,1,1,1
21,2,1338575337,1,2,0,0,0,0,30,2,6,36,1,1,2
21,3,149576893,1,3,0,0,3,1,31,6,30,12,0,1,3
21,4,4108484608,1,0,0,0,1,1,30,5,9,33,0,1,4
21,5,4261648962,1,1,0,0,1,1,31,5,35,7,1,2,4
21,6,1778105733,1,2,0,0,1,1,31,2,26,16,0,2,5
21,7,589107289,1,3,0,0,1,1,31,6,30,12,0,2,6
21,8,253047708,1,0,0,0,3,1,31,4,30,12,0,2,7
22,0,3174916646,1,0,0,0,3,1,31,5,30,12,0,0,1
22,1,2838857065,1,1,0,0,2,0,30,5,0,42,1,0,2
22,2,355313836,1,2,0,0,3,1,30,4,19,23,0,0,3
22,3,508478190,1,3,0,0,0,0,30,2,1,41,1,0,4
22,4,2319902257,1,0,0,0,2,0,30,5,30,12,0,1,4
22,5,3278387461,1,1,0,0,1,1,32,5,25,17,0,1,5
22,6,794844232,1,2,0,0,3,1,30,6,12,30,0,1,6
22,7,948008586,1,3,0,0,1,1,31,4,31,11,1,2,6
22,8,611949005,1,0,0,0,3,1,31,6,42,0,1,3,6
22,9,2423373072,1,1,0,0,2,0,30,2,2,40,1,3,7
23,0,2431220208,1,0,0,0,1,1,30,3,36,6,1,1,0
23,1,2095160627,1,1,0,0,2,0,30,5,24,18,0,2,0
23,2,3152984718,1,2,0,0,3,1,30,4,41,1,1,3,0
23,3,2816925137,1,3,0,0,0,0,30,5,29,13,0,4,0
23,4,3723689467,1,0,0,0,2,0,30,5,11,31,1,4,1
23,5,2534691023,1,1,0,0,2,0,30,0,0,42,1,4,2
23,6,2198631442,1,2,0,0,1,1,31,1,31,11,1,5,2
23,7,3256455533,1,3,0,0,1,1,31,4,35,7,1,6,2
23,8,4163219863,1,0,0,0,2,0,30,5,24,18,0,7,2
24,0,3963881069,1,0,0,0,2,0,30,5,18,24,0,1,0
24,1,2774882625,1,1,0,0,2,0,30,5,8,34,1,1,1
24,2,2438823044,1,2,0,0,0,0,30,3,3,39,1,1,2
24,3,444503750,1,3,0,0,0,0,30,4,17,25,0,2,2
24,4,108444169,1,0,0,0,2,0,30,4,7,35,1,2,3
24,5,3214413021,1,1,0,0,2,0,30,4,1,41,1,2,4
24,6,2878353440,1,2,0,0,3,1,30,6,18,24,0,2,5
24,7,1736973009,1,3,0,0,0,0,30,5,8,34,1,2,6
24,8,547974565,1,0,0,0,3,1,31,4,42,0,1,3,6
24,9,211914984,1,1,0,0,2,0,30,4,13,29,0,4,6
24,10,3317883836,1,2,0,0,1,1,31,5,36,6,1,5,6
24,11,2981824255,1,3,0,0,0,0,30,4,2,40,1,5,7
25,0,3271905505,1,0,0,0,3,1,31,4,41,1,1,1,0
25,1,2031186187,1,1,0,0,1,1,31,2,25,17,0,1,1
25,2,1695126606,1,2,0,0,1,1,31,1,40,2,1,2,1
25,3,506128162,1,3,0,0,3,1,32,0,30,12,0,2,2
25,4,170068581,1,0,0,0,1,1,30,5,35,7,1,3,2
25,5,2470716583,1,1,0,0,2,0,30,5,24,18,0,4,2
25,6,2134657002,1,2,0,0,3,1,30,4,41,1,1,5,2
25,7,1798597421,1,3,0,0,0,0,30,4,36,6,0,6,2
25,8,609598977,1,0,0,0,1,1,30,3,19,23,0,6,3
25,9,3763185842,1,1,0,0,3,1,31,5,3,39,0,6,4
25,10,2574187398,1,2,0,0,3,1,30,3,19,23,0,6,5
25,11,2238127817,1,3,0,0,3,1,31,4,30,12,0,6,6
25,12,1049129373,1,0,0,0,1,1,30,4,42,0,1,7,6
26,0,964564455,1,0,0,0,3,1,31,4,42,0,1,1,0
26,1,4118151320,1,1,0,0,3,1,31,2,42,0,1,2,0
26,2,2929152876,1,2,0,0,0,0,30,5,29,13,0,3,0
26,3,2593093295,1,3,0,0,3,1,31,2,30,12,0,3,1
26,4,1404094851,1,0,0,0,2,0,30,4,6,36,1,3,2
26,5,262714420,1,1,0,0,2,0,30,3,34,8,0,4,2
26,6,4221622135,1,2,0,0,0,0,30,4,22,20,0,5,2
26,7,3032623691,1,3,0,0,1,1,31,0,35,7,1,6,2
26,8,2696564110,1,0,0,0,3,1,31,5,7,35,0,6,3
26,9,702244816,1,1,0,0,1,1,31,0,19,23,0,6,4
26,10,366185235,1,2,0,0,0,0,30,6,2,40,1,6,5
26,11,30125654,1,3,0,0,3,1,32,4,25,17,0,6,6
26,12,3136094506,1,0,0,0,3,1,31,5,31,11,1,7,6
27,0,739626716,1,0,0,0,2,0,30,4,17,25,0,1,0
27,1,403567135,1,1,0,0,3,1,31,4,18,24,0,1,1
27,2,2214991202,1,2,0,0,1,1,31,5,41,1,1,2,1
27,3,3173476406,1,3,0,0,1,1,31,3,41,1,1,3,1
27,4,4179579623,1,0,0,0,2,0,30,4,0,42,1,3,2
27,5,843097531,1,1,0,0,2,0,30,4,14,28,0,4,2
27,6,2654521598,1,2,0,0,1,1,31,0,23,19,0,4,3
27,7,3613006802,1,3,0,0,0,0,30,4,18,24,0,5,3
27,8,2471626371,1,0,0,0,3,1,31,2,23,19,0,5,4
27,9,4283050438,1,1,0,0,2,0,30,4,0,42,1,5,5
27,10,3094051994,1,2,0,0,0,0,30,4,0,42,1,5,6
27,11,2757992413,1,3,0,0,3,1,31,0,42,0,1,6,6
27,12,2911156767,1,0,0,0,2,0,30,5,29,13,0,7,6
28,0,3048073663,1,0,0,0,3,1,31,0,41,1,1,1,0
28,1,3954837993,1,1,0,0,3,1,31,3,31,11,1,2,0
28,2,717694788,1,2,0,0,1,1,31,4,39,3,1,3,0
28,3,381635207,1,3,0,0,3,1,32,6,20,22,0,3,1
28,4,2193059274,1,0,0,0,3,1,31,5,25,17,0,3,2
28,5,3151544478,1,1,0,0,2,0,30,4,19,23,0,4,2
28,6,4058308808,1,2,0,0,1,1,31,2,28,14,0,4,3
28,7,821165603,1,3,0,0,0,0,30,4,0,42,1,4,4
28,8,2632589670,1,0,0,0,1,1,30,0,42,0,1,5,4
28,9,2296530089,1,1,0,0,2,0,30,5,12,30,1,5,5
28,10,2449694443,1,2,0,0,1,1,31,4,34,8,1,6,5
28,11,2014295975,1,3,0,0,1,1,31,5,19,23,0,6,6
28,12,3072120066,1,0,0,0,2,0,30,1,17,25,0,7,6
29,0,1528591139,1,0,0,0,1,1,30,3,18,24,0,0,1
29,1,339592695,1,1,0,0,2,0,30,2,28,14,0,1,1
29,2,3533114,1,2,0,0,1,1,31,3,3,39,0,1,2
29,3,3109501966,1,3,0,0,3,1,31,0,42,0,1,2,2
29,4,1968121535,1,0,0,0,1,1,30,5,24,18,0,2,3
29,5,779123091,1,1,0,0,1,1,31,6,20,22,0,2,4
29,6,443063510,1,2,0,0,1,1,31,2,20,22,0,2,5
29,7,107003929,1,3,0,0,3,1,31,2,8,34,0,2,6
29,8,3212972781,1,0,0,0,1,1,30,5,42,0,1,3,6
29,9,2071592350,1,1,0,0,1,1,31,6,41,1,1,4,6
29,10,882593906,1,2,0,0,1,1,31,2,36,6,1,5,6
29,11,546534325,1,3,0,0,0,0,30,4,1,41,1,5,7
30,0,1321115724,1,0,0,0,3,1,31,1,42,0,1,1,0
30,1,179735293,1,1,0,0,1,1,31,5,2,40,0,1,1
30,2,3285704145,1,2,0,0,0,0,30,4,0,42,1,1,2
30,3,2949644564,1,3,0,0,3,1,31,4,25,17,0,1,3
30,4,2613584983,1,0,0,0,1,1,30,5,31,11,1,2,3
30,5,619265689,1,1,0,0,1,1,31,2,31,11,1,3,3
30,6,283206108,1,2,0,0,1,1,31,0,35,7,1,4,3
30,7,3389174960,1,3,0,0,1,1,31,0,29,13,0,4,4
30,8,3053115379,1,0,0,0,2,0,30,5,6,36,1,4,5
30,9,1058796085,1,1,0,0,1,1,32,5,14,28,0,4,6
30,10,722736504,1,2,0,0,1,1,31,5,31,11,1,5,6
30,11,386676923,1,3,0,0,0,0,30,4,1,41,1,5,7
31,0,3343000520,1,0,0,0,1,1,30,0,30,12,1,1,0
31,1,3006940939,1,1,0,0,2,0,30,6,6,36,1,1,1
31,2,523397710,1,2,0,0,1,1,31,1,30,12,0,1,2
31,3,3629366562,1,3,0,0,3,1,31,4,42,0,1,2,2
31,4,241163596,1,0,0,0,2,0,30,4,2,40,1,2,3
31,5,3446471335,1,1,0,0,2,0,30,4,30,12,0,3,3
31,6,962928106,1,2,0,0,0,0,30,3,33,9,0,4,3
31,7,1921413310,1,3,0,0,3,1,31,4,35,7,1,5,3
31,8,680693992,1,0,0,0,2,0,30,4,14,28,0,6,3
31,9,344634411,1,1,0,0,3,1,31,6,30,12,0,6,4
31,10,1402458502,1,2,0,0,0,0,30,5,25,17,0,7,4
32,0,3404624932,1,0,0,0,2,0,30,3,1,41,1,0,1
32,1,2263244501,1,1,0,0,1,1,31,4,40,2,1,1,1
32,2,4074668568,1,2,0,0,0,0,30,5,28,14,0,2,1
32,3,738186476,1,3,0,0,3,1,31,1,42,0,1,3,1
32,4,2549610543,1,0,0,0,2,0,30,4,12,30,1,3,2
32,5,2702774897,1,1,0,0,2,0,30,5,2,40,1,3,3
32,6,219231668,1,2,0,0,3,1,30,0,36,6,1,4,3
32,7,1177716872,1,3,0,0,0,0,30,5,13,29,0,5,3
32,8,2989140939,1,0,0,0,3,1,31,2,31,11,1,6,3
32,9,1847760508,1,1,0,0,2,0,30,5,41,1,0,7,3
33,0,612783733,1,0,0,0,3,1,31,0,25,17,0,0,1
33,1,276724152,1,1,0,0,2,0,30,4,8,34,1,0,2
33,2,3382693004,1,2,0,0,1,1,31,3,40,2,1,1,2
33,3,2241312573,1,3,0,0,0,0,30,5,30,12,0,2,2
33,4,4052736640,1,0,0,0,3,1,31,6,42,0,1,3,2
33,5,716254548,1,1,0,0,2,0,30,6,12,30,1,3,3
33,6,2527678615,1,2,0,0,0,0,30,6,0,42,1,3,4
33,7,2680842969,1,3,0,0,1,1,31,5,42,0,1,4,4
33,8,197299740,1,0,0,0,3,1,31,0,31,11,1,5,4
33,9,4156207455,1,1,0,0,2,0,30,4,19,23,0,6,4
33,10,2967209011,1,2,0,0,0,0,30,5,22,20,0,7,4
34,0,3119168678,1,0,0,0,2,0,30,4,19,23,0,1,0
34,1,2783109097,1,1,0,0,2,0,30,4,14,28,0,2,0
34,2,1594110653,1,2,0,0,0,0,30,5,13,29,0,3,0
34,3,1258051072,1,3,0,0,0,0,30,6,1,41,1,3,1
34,4,921991491,1,0,0,0,2,0,30,0,12,30,1,3,2
34,5,3222639493,1,1,0,0,2,0,30,0,34,8,0,4,2
34,6,2886579912,1,2,0,0,0,0,30,4,6,36,1,4,3
34,7,1697581468,1,3,0,0,0,0,30,0,24,18,0,5,3
34,8,1361521887,1,0,0,0,3,1,31,4,8,34,0,5,4
34,9,3662169889,1,1,0,0,1,1,32,1,41,1,1,6,4
34,10,3326110308,1,2,0,0,0,0,30,4,23,19,0,7,4
35,0,3180793090,1,0,0,0,2,0,30,4,25,17,0,1,0
35,1,2844733509,1,1,0,0,2,0,30,6,2,40,1,1,1
35,2,850414215,1,2,0,0,3,1,30,4,18,24,0,1,2
35,3,514354634,1,3,0,0,1,1,31,1,14,28,0,1,3
35,4,178295053,1,0,0,0,2,0,30,5,41,1,0,2,3
35,5,1236119144,1,1,0,0,3,1,31,1,24,18,0,2,4
35,6,2142883474,1,2,0,0,0,0,30,0,15,27,0,3,4
35,7,953885030,1,3,0,0,1,1,31,4,42,0,1,4,4
35,8,617825449,1,0,0,0,2,0,30,5,20,22,0,5,4
35,9,1675649540,1,1,0,0,2,0,30,4,40,2,0,6,4
35,10,2582413870,1,2,0,0,0,0,30,5,6,36,1,6,5
35,11,2246354289,1,3,0,0,3,1,31,5,30,12,0,6,6
35,12,1057355845,1,0,0,0,3,1,31,6,30,12,0,6,7
36,0,1713031440,1,0,0,0,1,1,30,0,30,12,1,1,0
36,1,571651009,1,1,0,0,2,0,30,4,14,28,0,2,0
36,2,2383075076,1,2,0,0,1,1,31,4,42,0,1,3,0
36,3,1194076632,1,3,0,0,1,1,31,5,24,18,0,3,1
36,4,858017051,1,0,0,0,3,1,31,5,14,28,0,3,2
36,5,1011181405,1,1,0,0,2,0,30,4,22,20,0,4,2
36,6,2822605472,1,2,0,0,1,1,31,6,22,20,0,4,3
36,7,3781090676,1,3,0,0,1,1,31,2,34,8,1,5,3
36,8,1297547447,1,0,0,0,2,0,30,5,36,6,0,6,3
36,9,2204311777,1,1,0,0,2,0,30,5,41,1,0,7,3
37,0,969335002,1,0,0,0,3,1,31,5,41,1,1,1,0
37,1,2780759069,1,1,0,0,2,0,30,4,3,39,1,1,1
37,2,1639378638,1,2,0,0,0,0,30,4,0,42,1,1,2
37,3,2597863842,1,3,0,0,1,1,31,5,24,18,0,1,3
37,4,114320613,1,0,0,0,2,0,30,2,6,36,1,1,4
37,5,1072805817,1,1,0,0,2,0,30,5,30,12,0,2,4
37,6,2078909034,1,2,0,0,1,1,31,4,34,8,1,3,4
37,7,3037394238,1,3,0,0,0,0,30,5,34,8,0,4,4
37,8,553851009,1,0,0,0,3,1,31,5,25,17,0,4,5
37,9,217791428,1,1,0,0,3,1,31,5,41,1,1,5,5
37,10,3323760280,1,2,0,0,1,1,31,1,24,18,0,5,6
37,11,2182379849,1,3,0,0,1,1,31,0,42,0,1,6,6
37,12,993381405,1,0,0,0,1,1,30,2,31,11,1,7,6
38,0,255173328,1,0,0,0,2,0,30,5,0,42,1,0,1
38,1,2555821330,1,1,0,0,2,0,30,1,7,35,1,0,2
38,2,2219761749,1,2,0,0,0,0,30,4,0,42,1,0,3
38,3,3277585840,1,3,0,0,3,1,31,2,18,24,0,0,4
38,4,694703724,1,0,0,0,2,0,30,1,13,29,0,1,4
38,5,2995351726,1,1,0,0,3,1,31,2,25,17,0,1,5
38,6,2659292145,1,2,0,0,1,1,31,4,24,18,0,1,6
38,7,2323232564,1,3,0,0,3,1,31,6,35,7,1,2,6
38,8,3381056655,1,0,0,0,3,1,31,0,41,1,1,3,6
38,9,2945658187,1,1,0,0,2,0,30,5,24,18,0,4,6
38,10,3098822541,1,2,0,0,0,0,30,4,14,28,0,5,6
38,11,2762762960,1,3,0,0,3,1,31,0,36,6,1,6,6
38,12,3820587051,1,0,0,0,1,1,30,5,1,41,0,6,7
39,0,1489199598,1,0,0,0,2,0,30,2,18,24,0,1,0
39,1,1153140017,1,1,0,0,3,1,31,5,35,7,1,2,0
39,2,3453788019,1,2,0,0,1,1,31,4,40,2,1,3,0
39,3,3117728438,1,3,0,0,3,1,31,4,25,17,0,3,1
39,4,2781668857,1,0,0,0,1,1,30,6,25,17,0,3,2
39,5,1592670413,1,1,0,0,3,1,31,1,42,0,1,4,2
39,6,451289982,1,2,0,0,1,1,31,5,20,22,0,4,3
39,7,3557258834,1,3,0,0,3,1,31,5,30,12,0,4,4
39,8,3221199253,1,0,0,0,2,0,30,4,27,15,0,5,4
39,9,2032200809,1,1,0,0,3,1,31,6,3,39,0,5,5
39,10,890820378,1,2,0,0,1,1,31,5,25,17,0,5,6
39,11,2702244445,1,3,0,0,0,0,30,0,11,31,1,5,7
40,0,2992325695,1,0,0,0,3,1,31,4,1,41,0,0,1
40,1,409443579,1,1,0,0,1,1,31,4,42,0,1,1,1
40,2,1467267670,1,2,0,0,0,0,30,5,24,18,0,2,1
40,3,2374032000,1,3,0,0,0,0,30,4,1,41,1,2,2
40,4,2037972419,1,0,0,0,1,1,30,5,24,18,0,2,3
40,5,3095796510,1,1,0,0,1,1,31,1,23,19,0,2,4
40,6,512914394,1,2,0,0,0,0,30,6,20,22,0,3,4
40,7,2813562396,1,3,0,0,0,0,30,6,10,32,1,3,5
40,8,2477502815,1,0,0,0,3,1,31,4,25,17,0,3,6
40,9,3535326906,1,1,0,0,2,0,30,6,29,13,0,4,6
40,10,3199267325,1,2,0,0,0,0,30,4,24,18,0,5,6
40,11,4106031655,1,3,0,0,0,0,30,4,12,30,1,5,7
41,0,3572708806,1,0,0,0,2,0,30,4,11,31,1,0,1
41,1,1089165577,1,1,0,0,1,1,32,4,34,8,1,1,1
41,2,4242752442,1,2,0,0,0,0,30,5,19,23,0,2,1
41,3,906270350,1,3,0,0,3,1,32,0,30,12,0,2,2
41,4,2717694417,1,0,0,0,3,1,31,5,13,29,0,2,3
41,5,1528695973,1,1,0,0,2,0,30,2,1,41,1,2,4
41,6,387315542,1,2,0,0,1,1,31,0,42,0,1,3,4
41,7,1345800746,1,3,0,0,1,1,31,0,31,11,1,4,4
41,8,3157224813,1,0,0,0,3,1,31,6,35,7,1,5,4
41,9,2821165232,1,1,0,0,1,1,32,4,24,18,0,5,5
41,10,826845938,1,2,0,0,1,1,31,0,33,9,1,6,5
41,11,490786357,1,3,0,0,0,0,30,1,0,42,1,6,6
41,12,3596755209,1,0,0,0,3,1,31,4,42,0,1,7,6
42,0,2829012368,1,0,0,0,3,1,31,2,41,1,1,1,0
42,1,345469139,1,1,0,0,2,0,30,6,25,17,0,2,0
42,2,9409558,1,2,0,0,0,0,30,2,1,41,1,2,1
42,3,3115378410,1,3,0,0,0,0,30,6,23,19,0,3,1
42,4,1973997979,1,0,0,0,2,0,30,5,13,29,0,4,1
42,5,2932483183,1,1,0,0,1,1,32,5,21,21,0,4,2
42,6,448939954,1,2,0,0,0,0,30,4,7,35,1,4,3
42,7,3554908806,1,3,0,0,3,1,32,5,28,14,0,4,4
42,8,2413528375,1,0,0,0,2,0,30,6,14,28,0,5,4
42,9,2077468794,1,1,0,0,3,1,31,4,7,35,0,5,5
42,10,888470350,1,2,0,0,1,1,31,2,42,0,1,6,5
42,11,552410769,1,3,0,0,0,0,30,4,0,42,1,6,6
42,12,2853058771,1,0,0,0,1,1,30,4,42,0,1,7,6
43,0,4092573402,1,0,0,0,1,1,30,6,13,29,0,0,1
43,1,704370436,1,1,0,0,3,1,31,0,8,34,0,0,2
43,2,3810339288,1,2,0,0,0,0,30,5,23,19,0,1,2
43,3,3474279707,1,3,0,0,3,1,31,0,41,1,1,2,2
43,4,990736478,1,0,0,0,1,1,30,2,31,11,1,3,2
43,5,4196044217,1,1,0,0,3,1,31,4,15,27,0,3,3
43,6,807841251,1,2,0,0,1,1,31,4,28,14,0,3,4
43,7,1865665342,1,3,0,0,0,0,30,0,25,17,0,4,4
43,8,3577750522,1,0,0,0,3,1,31,5,31,11,1,5,4
43,9,1094207293,1,1,0,0,2,0,30,4,34,8,0,6,4
43,10,1247371647,1,2,0,0,1,1,31,0,42,0,1,7,4
44,0,3348876964,1,0,0,0,3,1,31,4,41,1,1,1,0
44,1,3012817383,1,1,0,0,1,1,32,0,36,6,1,2,0
44,2,1823818939,1,2,0,0,0,0,30,5,13,29,0,3,0
44,3,682438508,1,3,0,0,0,0,30,1,24,18,0,4,0
44,4,346378927,1,0,0,0,3,1,31,5,40,2,1,5,0
44,5,3452347779,1,1,0,0,2,0,30,4,21,21,0,6,0
44,6,968804550,1,2,0,0,0,0,30,5,25,17,0,7,0
45,0,557035765,1,0,0,0,3,1,31,6,42,0,1,1,0
45,1,2269120945,1,1,0,0,1,1,31,4,41,1,1,2,0
45,2,3326945036,1,2,0,0,3,1,30,4,35,7,1,3,0
45,3,2990885455,1,3,0,0,0,0,30,4,40,2,0,4,0
45,4,3897649785,1,0,0,0,3,1,31,5,30,12,0,4,1
45,5,660506580,1,1,0,0,1,1,31,3,31,11,1,5,1
45,6,2372591760,1,2,0,0,3,1,30,4,42,0,1,6,1
45,7,3430415851,1,3,0,0,3,1,32,5,19,23,0,6,2
45,8,3094356270,1,0,0,0,1,1,30,4,42,0,1,7,2
46,0,1137418876,1,0,0,0,3,1,31,5,34,8,1,1,0
46,1,2948842943,1,1,0,0,2,0,30,3,1,41,1,1,1
46,2,2612783362,1,2,0,0,0,0,30,4,34,8,0,2,1
46,3,2765947716,1,3,0,0,3,1,32,4,34,8,1,3,1
46,4,282404487,1,0,0,0,2,0,30,6,16,26,0,4,1
46,5,3388373339,1,1,0,0,1,1,31,4,35,7,1,5,1
46,6,3052313758,1,2,0,0,3,1,30,4,42,0,1,6,1
46,7,3205478112,1,3,0,0,0,0,30,5,25,17,0,7,1
47,0,977561474,1,0,0,0,2,0,30,5,19,23,0,1,0
47,1,2788985541,1,1,0,0,2,0,30,4,1,41,1,1,1
47,2,1599987097,1,2,0,0,1,1,31,5,1,41,0,1,2
47,3,1263927516,1,3,0,0,3,1,31,3,13,29,0,1,3
47,4,1417091870,1,0,0,0,2,0,30,5,31,11,0,2,3
47,5,3228515937,1,1,0,0,1,1,31,5,14,28,0,2,4
47,6,2892456356,1,2,0,0,0,0,30,6,1,41,1,2,5
47,7,1703457912,1,3,0,0,0,0,30,5,19,23,0,3,5
47,8,562077481,1,0,0,0,2,0,30,5,18,24,0,4,5
47,9,3668046333,1,1,0,0,2,0,30,4,8,34,1,4,6
47,10,3331986752,1,2,0,0,0,0,30,5,18,24,0,5,6
47,11,2142988308,1,3,0,0,1,1,31,6,26,16,0,5,7
48,0,1657283472,1,0,0,0,1,1,30,2,35,7,1,1,0
48,1,1321223891,1,1,0,0,2,0,30,4,18,24,0,2,0
48,2,132225447,1,2,0,0,3,1,30,4,36,6,1,3,0
48,3,1038989777,1,3,0,0,3,1,31,0,8,34,0,3,1
48,4,2850413844,1,0,0,0,3,1,31,3,42,0,1,4,1
48,5,1760754287,1,1,0,0,3,1,31,4,42,0,1,5,1
48,6,3572178354,1,2,0,0,0,0,30,0,8,34,1,5,2
48,7,3725342708,1,3,0,0,3,1,31,5,18,24,0,5,3
48,8,1142460592,1,0,0,0,2,0,30,6,18,24,0,6,3
48,9,2953884659,1,1,0,0,2,0,30,5,8,34,1,6,4
48,10,4011708750,1,2,0,0,0,0,30,1,8,34,1,6,5
48,11,623505784,1,3,0,0,1,1,31,0,30,12,0,6,6
48,12,3828813523,1,0,0,0,1,1,30,3,41,1,1,7,6
49,0,913587034,1,0,0,0,3,1,31,4,12,30,0,0,1
49,1,577527453,1,1,0,0,3,1,31,4,19,23,0,0,2
49,2,3683496305,1,2,0,0,0,0,30,5,8,34,1,0,3
49,3,3347436724,1,3,0,0,3,1,32,4,24,18,0,0,4
49,4,2206056293,1,0,0,0,2,0,30,5,11,31,1,0,5
49,5,1017057849,1,1,0,0,3,1,31,3,36,6,1,1,5
49,6,680998268,1,2,0,0,3,1,30,5,13,29,0,1,6
49,7,3786967120,1,3,0,0,0,0,30,0,19,23,0,2,6
49,8,2645586689,1,0,0,0,2,0,30,0,30,12,0,3,6
49,9,1456588245,1,1,0,0,1,1,32,5,8,34,0,3,7
50,0,1493970145,1,0,0,0,1,1,30,4,30,12,1,1,0
50,1,3305394212,1,1,0,0,2,0,30,5,27,15,0,2,0
50,2,2969334631,1,2,0,0,0,0,30,4,2,40,1,2,1
50,3,975015337,1,3,0,0,0,0,30,6,6,36,1,2,2
50,4,638955756,1,0,0,0,3,1,31,6,26,16,0,2,3
50,5,3744924608,1,1,0,0,2,0,30,4,0,42,1,2,4
50,6,3408865027,1,2,0,0,3,1,30,3,42,0,1,3,4
50,7,2267484596,1,3,0,0,1,1,31,4,12,30,0,3,5
50,8,1078486152,1,0,0,0,1,1,30,5,42,0,1,4,5
50,9,742426571,1,1,0,0,1,1,31,4,41,1,1,5,5
50,10,3848395423,1,2,0,0,3,1,30,0,31,11,1,6,5
50,11,2707014992,1,3,0,0,0,0,30,4,0,42,1,6,6
50,12,1518016548,1,0,0,0,1,1,30,5,30,12,1,7,6
51,0,1433451630,1,0,0,0,3,1,31,5,7,35,0,0,1
51,1,1097392049,1,1,0,0,2,0,30,5,8,34,1,0,2
51,2,4203360901,1,2,0,0,1,1,31,5,31,11,1,1,2
51,3,3061980470,1,3,0,0,3,1,32,4,22,20,0,1,3
51,4,4020465674,1,0,0,0,3,1,31,4,35,7,1,2,3
51,5,1536922445,1,1,0,0,2,0,30,5,12,30,1,2,4
51,6,1200862864,1,2,0,0,0,0,30,3,1,41,1,2,5
51,7,11864420,1,3,0,0,0,0,30,6,1,41,1,2,6
51,8,3165451285,1,0,0,0,3,1,31,5,15,27,0,2,7
52,0,3741898577,1,0,0,0,2,0,30,4,13,29,0,1,0
52,1,353695611,1,1,0,0,2,0,30,5,24,18,0,2,0
52,2,3459664463,1,2,0,0,1,1,31,4,41,1,1,3,0
52,3,3123604882,1,3,0,0,3,1,31,4,41,1,1,4,0
52,4,4181428973,1,0,0,0,3,1,31,3,17,25,0,4,1
52,5,793226007,1,1,0,0,3,1,31,5,31,11,1,5,1
52,6,457166426,1,2,0,0,0,0,30,5,34,8,0,6,1
52,7,3563135278,1,3,0,0,3,1,31,4,17,25,0,6,2
52,8,3227075697,1,0,0,0,2,0,30,5,28,14,0,7,2
53,0,3516960838,1,0,0,0,3,1,31,5,19,23,0,0,1
53,1,3180901257,1,1,0,0,2,0,30,6,2,40,1,0,2
53,2,1991902813,1,2,0,0,1,1,31,0,20,22,0,0,3
53,3,1655843232,1,3,0,0,0,0,30,4,12,30,1,0,4
53,4,415123914,1,0,0,0,1,1,30,4,34,8,1,1,4
53,5,3620431653,1,1,0,0,2,0,30,4,1,41,1,1,5
53,6,1136888424,1,2,0,0,0,0,30,0,1,41,1,1,6
53,7,2095373628,1,3,0,0,3,1,31,6,35,7,1,2,6
53,8,3002137958,1,0,0,0,2,0,30,5,23,19,0,3,6
53,9,518594729,1,1,0,0,1,1,31,4,42,0,1,4,6
53,10,1576418820,1,2,0,0,0,0,30,2,23,19,0,5,6
53,11,1240359239,1,3,0,0,0,0,30,5,0,42,1,5,7
54,0,3578585250,1,0,0,0,2,0,30,4,20,22,0,1,0
54,1,2437204819,1,1,0,0,1,1,31,4,7,35,0,1,1
54,2,1248206375,1,2,0,0,3,1,30,0,36,6,1,2,1
54,3,912146794,1,3,0,0,0,0,30,1,12,30,1,2,2
54,4,2723570861,1,0,0,0,3,1,31,4,42,0,1,3,2
54,5,2876735215,1,1,0,0,2,0,30,4,40,2,0,4,2
54,6,2540675634,1,2,0,0,3,1,30,0,42,0,1,5,2
54,7,1351677190,1,3,0,0,3,1,32,4,42,0,1,6,2
54,8,3163101257,1,0,0,0,1,1,30,2,14,28,0,6,3
54,9,3316265611,1,1,0,0,2,0,30,5,19,23,0,7,3
55,0,1790002899,1,0,0,0,3,1,31,4,35,7,1,1,0
55,1,1453943318,1,1,0,0,2,0,30,6,1,41,1,1,1
55,2,2511767409,1,2,0,0,3,1,30,5,25,17,0,1,2
55,3,3418531739,1,3,0,0,0,0,30,3,16,26,0,2,2
55,4,3082472158,1,0,0,0,2,0,30,2,19,23,0,3,2
55,5,1893473714,1,1,0,0,1,1,32,1,24,18,0,3,3
55,6,1557414133,1,2,0,0,0,0,30,4,7,35,1,3,4
55,7,3858062135,1,3,0,0,1,1,31,4,19,23,0,3,5
55,8,3522002554,1,0,0,0,3,1,31,3,41,1,1,4,5
55,9,2333004110,1,1,0,0,2,0,30,4,9,33,1,4,6
55,10,1996944529,1,2,0,0,0,0,30,4,35,7,0,5,6
55,11,3808368596,1,3,0,0,3,1,31,5,41,1,1,6,6
55,12,3961532950,1,0,0,0,3,1,31,2,18,24,0,6,7
56,0,3293128996,1,0,0,0,3,1,31,3,40,2,1,1,0
56,1,2957069415,1,1,0,0,1,1,31,4,30,12,0,1,1
56,2,1768070971,1,2,0,0,1,1,31,1,13,29,0,1,2
56,3,1432011390,1,3,0,0,3,1,31,5,1,41,0,1,3
56,4,243012946,1,0,0,0,3,1,31,0,42,0,1,2,3
56,5,3396599811,1,1,0,0,1,1,31,3,42,0,1,3,3
56,6,3060540230,1,2,0,0,3,1,30,6,29,13,0,3,4
56,7,1871541786,1,3,0,0,0,0,30,4,12,30,1,3,5
56,8,1535482205,1,0,0,0,2,0,30,6,1,41,1,3,6
56,9,3836130207,1,1,0,0,2,0,30,6,34,8,0,4,6
56,10,3500070626,1,2,0,0,0,0,30,4,30,12,0,5,6
56,11,3164011045,1,3,0,0,0,0,30,4,7,35,1,5,7
57,0,3873512107,1,0,0,0,3,1,31,5,25,17,0,0,1
57,1,3537452526,1,1,0,0,1,1,31,6,21,21,0,0,2
57,2,1053909297,1,2,0,0,1,1,31,3,18,24,0,0,3
57,3,4159878149,1,3,0,0,0,0,30,4,0,42,1,0,4
57,4,3018497718,1,0,0,0,1,1,30,5,36,6,1,1,4
57,5,3976982922,1,1,0,0,1,1,31,2,42,0,1,2,4
57,6,1493439693,1,2,0,0,0,0,30,6,1,41,1,2,5
57,7,2451924897,1,3,0,0,3,1,31,0,35,7,1,3,5
57,8,3458028114,1,0,0,0,3,1,31,1,23,19,0,3,6
57,9,3121968533,1,1,0,0,2,0,30,3,0,42,1,3,7
58,0,1886991758,1,0,0,0,3,1,31,4,24,18,0,0,1
58,1,745611327,1,1,0,0,3,1,31,5,29,13,0,0,2
58,2,3851580179,1,2,0,0,0,0,30,6,11,31,1,0,3
58,3,3515520598,1,3,0,0,1,1,31,4,40,2,1,1,3
58,4,1031977369,1,0,0,0,2,0,30,4,8,34,1,1,4
58,5,1185141723,1,1,0,0,1,1,32,4,24,18,0,1,5
58,6,2996565790,1,2,0,0,3,1,30,1,26,16,0,1,6
58,7,3955050994,1,3,0,0,3,1,32,0,42,0,1,2,6
58,8,1471507765,1,0,0,0,1,1,30,0,41,1,1,3,6
58,9,2378272095,1,1,0,0,1,1,32,4,25,17,0,3,7
59,0,1727134356,1,0,0,0,2,0,30,6,0,42,1,0,1
59,1,585753925,1,1,0,0,2,0,30,1,18,24,0,1,1
59,2,3691722777,1,2,0,0,1,1,31,6,29,13,0,1,2
59,3,1208179548,1,3,0,0,0,0,30,4,41,1,0,2,2
59,4,2166664752,1,0,0,0,1,1,30,6,42,0,1,3,2
59,5,3978088819,1,1,0,0,1,1,31,2,41,1,1,4,2
59,6,2836708388,1,2,0,0,0,0,30,6,22,20,0,5,2
59,7,1647709944,1,3,0,0,0,0,30,5,29,13,0,6,2
59,8,1311650363,1,0,0,0,2,0,30,4,7,35,1,6,3
59,9,122651919,1,1,0,0,2,0,30,6,16,26,0,7,3
60,0,3649680265,1,0,0,0,2,0,30,4,18,24,0,1,0
60,1,3313620684,1,1,0,0,3,1,31,4,42,0,1,2,0
60,2,76477479,1,2,0,0,0,0,30,4,25,17,0,3,0
60,3,1788562659,1,3,0,0,0,0,30,3,25,17,0,4,0
60,4,647182228,1,0,0,0,1,1,30,0,41,1,1,5,0
60,5,3753151080,1,1,0,0,3,1,31,1,30,12,0,5,1
60,6,3417091499,1,2,0,0,0,0,30,4,23,19,0,6,1
60,7,179948294,1,3,0,0,1,1,31,4,30,12,0,6,2
60,8,1892033474,1,0,0,0,3,1,31,4,34,8,1,7,2
61,0,1663159916,1,0,0,0,3,1,31,5,6,36,0,0,1
61,1,1327100335,1,1,0,0,1,1,31,6,30,12,0,0,2
61,2,3627748337,1,2,0,0,0,0,30,4,19,23,0,1,2
61,3,3291688756,1,3,0,0,3,1,31,0,42,0,1,2,2
61,4,2955629175,1,0,0,0,1,1,30,3,35,7,1,3,2
61,5,1766630731,1,1,0,0,3,1,31,0,35,7,1,4,2
61,6,625250300,1,2,0,0,0,0,30,0,0,42,1,4,3
61,7,3731219152,1,3,0,0,3,1,32,4,42,0,1,5,3
61,8,3395159571,1,0,0,0,1,1,30,3,42,0,1,6,3
61,9,2206161127,1,1,0,0,2,0,30,4,29,13,0,7,3
62,0,2243543027,1,0,0,0,3,1,31,2,41,1,1,1,0
62,1,1102162596,1,1,0,0,1,1,32,6,13,29,0,1,1
62,2,2913586663,1,2,0,0,3,1,30,4,31,11,1,2,1
62,3,1724588219,1,3,0,0,3,1,31,0,26,16,0,2,2
62,4,1388528638,1,0,0,0,2,0,30,1,40,2,0,3,2
62,5,1541692992,1,1,0,0,1,1,31,6,29,13,0,3,3
62,6,3353117059,1,2,0,0,0,0,30,4,19,23,0,4,3
62,7,16634967,1,3,0,0,3,1,31,6,14,28,0,4,4
62,8,1828059034,1,0,0,0,1,1,30,4,25,17,0,4,5
62,9,686678603,1,1,0,0,1,1,32,4,41,1,1,5,5
62,10,3792647455,1,2,0,0,0,0,30,5,29,13,0,6,5
62,11,3456587874,1,3,0,0,1,1,31,4,36,6,1,7,5
63,0,3746669124,1,0,0,0,3,1,31,6,24,18,0,0,1
63,1,1263125895,1,1,0,0,2,0,30,0,27,15,0,1,1
63,2,1416290249,1,2,0,0,1,1,31,5,24,18,0,1,2
63,3,1080230668,1,3,0,0,0,0,30,4,16,26,0,2,2
63,4,2891654735,1,0,0,0,3,1,31,6,25,17,0,2,3
63,5,3850139939,1,1,0,0,2,0,30,5,24,18,0,3,3
63,6,561275860,1,2,0,0,0,0,30,3,0,42,1,3,4
63,7,1519761064,1,3,0,0,1,1,31,4,26,16,0,3,5
63,8,3331185131,1,0,0,0,1,1,30,1,8,34,0,3,6
63,9,2995125550,1,1,0,0,2,0,30,6,17,25,0,4,6
63,10,1000806256,1,2,0,0,0,0,30,0,13,29,0,5,6
63,11,664746675,1,3,0,0,0,0,30,4,6,36,1,5,7
64,0,1958086773,1,0,0,0,2,0,30,5,18,24,0,1,0
64,1,1622027192,1,1,0,0,2,0,30,4,13,29,0,2,0
64,2,433028748,1,2,0,0,3,1,30,1,31,11,1,3,0
64,3,96969167,1,3,0,0,1,1,31,3,23,19,0,3,1
64,4,3250556032,1,0,0,0,1,1,30,5,36,6,1,4,1
64,5,2061557588,1,1,0,0,1,1,31,4,23,19,0,4,2
64,6,1725498007,1,2,0,0,1,1,31,4,24,18,0,4,3
64,7,536499563,1,3,0,0,3,1,32,4,30,12,0,4,4
64,8,3690086428,1,0,0,0,2,0,30,5,0,42,1,4,5
64,9,2501087984,1,1,0,0,2,0,30,5,39,3,0,5,5
64,10,2165028403,1,2,0,0,0,0,30,3,13,29,0,6,5
64,11,3976452470,1,3,0,0,1,1,31,0,30,12,0,6,6
64,12,4129616824,1,0,0,0,2,0,30,5,30,12,0,7,6
65,0,4266533720,1,0,0,0,3,1,31,0,13,29,0,0,1
65,1,878330754,1,1,0,0,3,1,31,2,7,35,0,0,2
65,2,1936154845,1,2,0,0,1,1,31,4,18,24,0,0,3
65,3,3648240025,1,3,0,0,3,1,31,5,18,24,0,0,4
65,4,3312180444,1,0,0,0,2,0,30,4,7,35,1,0,5
65,5,75037239,1,1,0,0,3,1,31,4,22,20,0,0,6
65,6,981801569,1,2,0,0,1,1,31,6,18,24,0,0,7
66,0,3522837282,1,0,0,0,3,1,31,0,18,24,0,0,1
66,1,3186777701,1,1,0,0,2,0,30,5,25,17,0,1,1
66,2,1997779257,1,2,0,0,0,0,30,5,7,35,1,1,2
66,3,856398826,1,3,0,0,0,0,30,4,23,19,0,2,2
66,4,520339245,1,0,0,0,2,0,30,5,19,23,0,3,2
66,5,3626308097,1,1,0,0,1,1,32,4,23,19,0,3,3
66,6,3290248516,1,2,0,0,1,1,31,2,25,17,0,3,4
66,7,1295929222,1,3,0,0,1,1,31,5,41,1,1,4,4
66,8,959869641,1,0,0,0,2,0,30,4,23,19,0,5,4
66,9,4065838493,1,1,0,0,2,0,30,5,7,35,1,5,5
66,10,3729778912,1,2,0,0,3,1,30,5,6,36,0,5,6
66,11,2588398481,1,3,0,0,0,0,30,5,1,41,1,5,7
67,0,4103220393,1,0,0,0,2,0,30,4,1,41,1,0,1
67,1,1619677164,1,1,0,0,3,1,31,6,35,7,1,1,1
67,2,478296733,1,2,0,0,0,0,30,4,11,31,1,1,2
67,3,1436781937,1,3,0,0,1,1,31,2,20,22,0,1,3
67,4,3248206004,1,0,0,0,3,1,31,4,33,9,1,2,3
67,5,2059207560,1,1,0,0,3,1,31,5,42,0,1,3,3
67,6,917827129,1,2,0,0,0,0,30,4,1,41,1,3,4
67,7,1876312333,1,3,0,0,3,1,31,5,42,0,1,4,4
67,8,3687736400,1,0,0,0,3,1,31,5,42,0,1,5,4
67,9,3351676819,1,1,0,0,2,0,30,5,0,42,1,5,5
67,10,1357357525,1,2,0,0,0,0,30,5,13,29,0,6,5
67,11,1021297944,1,3,0,0,0,0,30,4,36,6,0,7,5
68,0,1895218230,1,0,0,0,2,0,30,4,23,19,0,1,0
68,1,3706642297,1,1,0,0,3,1,31,5,14,28,0,1,1
68,2,3859806651,1,2,0,0,0,0,30,4,23,19,0,2,1
68,3,1376263422,1,3,0,0,1,1,31,5,20,22,0,2,2
68,4,2334748626,1,0,0,0,1,1,30,5,36,6,1,3,2
68,5,4146172693,1,1,0,0,1,1,31,5,1,41,0,3,3
68,6,3004792262,1,2,0,0,3,1,30,0,31,11,1,4,3
68,7,1815793818,1,3,0,0,3,1,32,6,36,6,1,5,3
68,8,1479734237,1,0,0,0,3,1,31,1,25,17,0,5,4
68,9,290735793,1,1,0,0,1,1,31,6,30,12,0,5,5
68,10,4249643508,1,2,0,0,1,1,31,2,19,23,0,5,6
68,11,2255324214,1,3,0,0,0,0,30,5,22,20,0,6,6
68,12,1919264633,1,0,0,0,1,1,30,0,36,6,1,7,6
69,0,328117693,1,0,0,0,2,0,30,3,1,41,1,0,1
69,1,3481704558,1,1,0,0,2,0,30,4,0,42,1,0,2
69,2,2292706114,1,2,0,0,0,0,30,4,0,42,1,0,3
69,3,1956646533,1,3,0,0,1,1,31,4,42,0,1,1,3
69,4,3768070600,1,0,0,0,2,0,30,2,6,36,1,1,4
69,5,3921234954,1,1,0,0,1,1,31,5,13,29,0,1,5
69,6,3585175373,1,2,0,0,0,0,30,2,7,35,1,1,6
69,7,2396176929,1,3,0,0,1,1,31,6,31,11,1,2,6
69,8,2060117348,1,0,0,0,3,1,31,4,3,39,0,2,7
70,0,1831243790,1,0,0,0,2,0,30,4,22,20,0,1,0
70,1,1495184209,1,1,0,0,1,1,31,0,41,1,1,2,0
70,2,306185765,1,2,0,0,0,0,30,4,41,1,0,3,0
70,3,1212950095,1,3,0,0,0,0,30,4,42,0,0,4,0
70,4,876890514,1,0,0,0,2,0,30,1,6,36,1,4,1
70,5,1934714605,1,1,0,0,3,1,31,1,30,12,0,4,2
70,6,3746138672,1,2,0,0,1,1,31,6,42,0,1,5,2
70,7,3899303026,1,3,0,0,0,0,30,1,0,42,1,5,3
70,8,1316420910,1,0,0,0,2,0,30,6,17,25,0,6,3
70,9,2374245001,1,1,0,0,1,1,31,4,42,0,1,7,3
71,0,1087547352,1,0,0,0,3,1,31,4,12,30,0,0,1
71,1,751487771,1,1,0,0,3,1,31,4,25,17,0,0,2
71,2,3857456623,1,2,0,0,0,0,30,5,34,8,0,1,2
71,3,3521397042,1,3,0,0,0,0,30,5,12,30,1,1,3
71,4,2380016611,1,0,0,0,3,1,31,5,26,16,0,1,4
71,5,1191018167,1,1,0,0,1,1,32,1,30,12,0,1,5
71,6,854958586,1,2,0,0,0,0,30,3,20,22,0,2,5
71,7,3960927438,1,3,0,0,3,1,32,5,0,42,0,2,6
71,8,2819547007,1,0,0,0,1,1,30,5,42,0,1,3,6
71,9,1630548563,1,1,0,0,3,1,31,5,13,29,0,3,7
72,0,104285851,1,0,0,0,2,0,30,3,12,30,1,0,1
72,1,4063193566,1,1,0,0,3,1,31,0,42,0,1,1,1
72,2,4216357920,1,2,0,0,3,1,30,3,20,22,0,1,2
72,3,1732814691,1,3,0,0,1,1,31,1,42,0,1,2,2
72,4,543816247,1,0,0,0,2,0,30,6,12,30,1,2,3
72,5,207756666,1,1,0,0,3,1,31,2,26,16,0,2,4
72,6,3361343531,1,2,0,0,0,0,30,4,34,8,0,3,4
72,7,2172345087,1,3,0,0,1,1,31,1,24,18,0,3,5
72,8,1836285506,1,0,0,0,3,1,31,4,31,11,1,4,5
72,9,647287062,1,1,0,0,3,1,31,4,30,12,0,4,6
72,10,3800873927,1,2,0,0,3,1,30,1,42,0,1,5,6
72,11,2611875483,1,3,0,0,0,0,30,4,11,31,1,5,7
73,0,3754895596,1,0,0,0,3,1,31,0,25,17,0,0,1
73,1,1271352367,1,1,0,0,3,1,31,5,18,24,0,0,2
73,2,82353923,1,2,0,0,0,0,30,4,14,28,0,1,2
73,3,3235940788,1,3,0,0,0,0,30,4,29,13,0,2,2
73,4,4194425992,1,0,0,0,3,1,31,2,42,0,1,3,2
73,5,1710882763,1,1,0,0,1,1,31,3,13,29,0,3,3
73,6,1374823182,1,2,0,0,1,1,31,0,36,6,1,4,3
73,7,185824738,1,3,0,0,3,1,32,6,35,7,1,5,3
73,8,3339411603,1,0,0,0,2,0,30,4,23,19,0,6,3
73,9,2150413159,1,1,0,0,1,1,32,5,31,11,0,6,4
73,10,1814353578,1,2,0,0,1,1,31,6,42,0,1,7,4
74,0,2187795059,1,0,0,0,3,1,31,4,41,1,1,1,0
74,1,1851735478,1,1,0,0,2,0,30,5,31,11,0,2,0
74,2,4152383480,1,2,0,0,3,1,30,6,12,30,0,2,1
74,3,3816323899,1,3,0,0,0,0,30,2,24,18,0,3,1
74,4,1332780670,1,0,0,0,2,0,30,4,18,24,0,4,1
74,5,2291265874,1,1,0,0,1,1,32,6,25,17,0,4,2
74,6,4102689941,1,2,0,0,1,1,31,4,29,13,0,4,3
74,7,4255854295,1,3,0,0,1,1,31,4,42,0,1,5,3
74,8,3919794714,1,0,0,0,1,1,30,5,40,2,1,6,3
74,9,2730796270,1,1,0,0,3,1,31,5,22,20,0,6,4
74,10,247253041,1,2,0,0,1,1,31,5,24,18,0,6,5
74,11,3400839906,1,3,0,0,0,0,30,4,33,9,0,7,5
75,0,3690921156,1,0,0,0,3,1,31,5,41,1,1,1,0
75,1,3354861575,1,1,0,0,1,1,31,3,13,29,0,1,1
75,2,2165863131,1,2,0,0,1,1,31,4,40,2,1,2,1
75,3,1829803550,1,3,0,0,3,1,31,5,30,12,0,2,2
75,4,2736567880,1,0,0,0,3,1,31,4,25,17,0,2,3
75,5,3794391971,1,1,0,0,2,0,30,4,24,18,0,3,3
75,6,3458332390,1,2,0,0,0,0,30,4,8,34,1,3,4
75,7,2269333946,1,3,0,0,3,1,32,5,42,0,1,4,4
75,8,1127953515,1,0,0,0,1,1,30,5,2,40,0,4,5
75,9,4233922367,1,1,0,0,2,0,30,0,19,23,0,5,5
75,10,3897862786,1,2,0,0,3,1,30,5,14,28,0,5,6
75,11,1414319557,1,3,0,0,3,1,31,1,3,39,0,5,7
76,0,2707659655,1,0,0,0,2,0,30,1,7,35,1,0,1
76,1,2371600074,1,1,0,0,3,1,31,5,25,17,0,0,2
76,2,377280780,1,2,0,0,3,1,30,0,42,0,1,1,2
76,3,41221199,1,3,0,0,3,1,31,4,31,11,1,2,2
76,4,4000128914,1,0,0,0,3,1,31,5,41,1,1,3,2
76,5,2811130470,1,1,0,0,1,1,31,5,35,7,1,4,2
76,6,1669750039,1,2,0,0,3,1,30,2,41,1,1,5,2
76,7,480751595,1,3,0,0,0,0,30,5,12,30,1,5,3
76,8,144692014,1,0,0,0,2,0,30,4,34,8,0,6,3
76,9,3250660866,1,1,0,0,1,1,31,1,42,0,1,7,3
77,0,1963963217,1,0,0,0,3,1,31,5,19,23,0,0,1
77,1,1627903636,1,1,0,0,1,1,32,2,42,0,1,1,1
77,2,2685727727,1,2,0,0,0,0,30,5,24,18,0,2,1
77,3,3592492057,1,3,0,0,1,1,31,3,14,28,0,2,2
77,4,256009965,1,0,0,0,3,1,31,2,12,30,0,2,3
77,5,2067434032,1,1,0,0,1,1,31,5,42,0,1,3,3
77,6,1731374451,1,2,0,0,1,1,31,4,41,1,1,4,3
77,7,4032022453,1,3,0,0,3,1,31,1,9,33,0,4,4
77,8,3695962872,1,0,0,0,3,1,31,4,41,1,1,5,4
77,9,2506964428,1,1,0,0,2,0,30,5,7,35,1,5,5
77,10,2170904847,1,2,0,0,0,0,30,5,1,41,1,5,6
77,11,1834845266,1,3,0,0,0,0,30,0,0,42,1,5,7
78,0,4272410164,1,0,0,0,3,1,31,0,30,12,0,0,1
78,1,3131029733,1,1,0,0,2,0,30,5,1,41,1,0,2
78,2,1942031289,1,2,0,0,1,1,31,3,35,7,1,1,2
78,3,1605971708,1,3,0,0,3,1,31,4,25,17,0,1,3
78,4,416973264,1,0,0,0,3,1,31,1,22,20,0,1,4
78,5,3570560129,1,1,0,0,1,1,31,4,34,8,1,2,4
78,6,3234500548,1,2,0,0,0,0,30,6,7,35,1,2,5
78,7,2045502104,1,3,0,0,1,1,31,4,13,29,0,2,6
78,8,1709442523,1,0,0,0,3,1,31,5,40,2,1,3,6
78,9,4010090525,1,1,0,0,2,0,30,4,30,12,0,4,6
78,10,3674030944,1,2,0,0,0,0,30,5,14,28,0,5,6
78,11,2485032500,1,3,0,0,1,1,31,4,30,12,0,5,7
79,0,4047472425,1,0,0,0,1,1,30,4,24,18,0,0,1
79,1,3711412844,1,1,0,0,1,1,32,0,19,23,0,0,2
79,2,2522414400,1,2,0,0,1,1,31,6,35,7,1,1,2
79,3,2186354819,1,3,0,0,1,1,31,3,34,8,1,2,2
79,4,3192458036,1,0,0,0,1,1,30,5,30,12,1,3,2
79,5,4150943240,1,1,0,0,1,1,32,4,27,15,0,3,3
79,6,1667400011,1,2,0,0,0,0,30,0,9,33,1,3,4
79,7,2625885215,1,3,0,0,1,1,31,5,35,7,1,4,4
79,8,1484504784,1,0,0,0,2,0,30,3,17,25,0,5,4
79,9,295506340,1,1,0,0,3,1,31,5,3,39,0,5,5
79,10,2106930407,1,2,0,0,3,1,30,4,24,18,0,5,6
79,11,1770870826,1,3,0,0,3,1,32,1,41,1,1,6,6
79,12,1924035180,1,0,0,0,3,1,31,1,31,11,1,7,6
80,0,1839470262,1,0,0,0,2,0,30,0,11,31,1,0,1
80,1,1503410681,1,1,0,0,2,0,30,0,1,41,1,0,2
80,2,314412237,1,2,0,0,1,1,31,6,42,0,1,1,2
80,3,2125836304,1,3,0,0,3,1,31,4,42,0,1,2,2
80,4,2279000658,1,0,0,0,3,1,31,5,25,17,0,2,3
80,5,1942941077,1,1,0,0,2,0,30,4,1,41,1,2,4
80,6,753942633,1,2,0,0,0,0,30,2,1,41,1,2,5
80,7,2565366700,1,3,0,0,1,1,31,1,41,1,1,3,5
80,8,3472131030,1,0,0,0,3,1,31,4,41,1,1,4,5
80,9,2382471473,1,1,0,0,1,1,31,4,39,3,1,5,5
80,10,4193895540,1,2,0,0,3,1,30,3,14,28,0,5,6
80,11,857413448,1,3,0,0,1,1,31,3,31,11,1,6,6
80,12,3911661426,1,0,0,0,3,1,31,4,23,19,0,6,7
81,0,272369725,1,0,0,0,2,0,30,4,8,34,1,0,1
81,1,4231277440,1,1,0,0,2,0,30,0,34,8,0,1,1
81,2,3042278996,1,2,0,0,0,0,30,4,14,28,0,2,1
81,3,1900898565,1,3,0,0,0,0,30,5,0,42,1,2,2
81,4,1564838984,1,0,0,0,3,1,31,6,41,1,1,3,2
81,5,375840540,1,1,0,0,1,1,32,5,36,6,1,4,2
81,6,39780959,1,2,0,0,0,0,30,2,22,20,0,5,2
81,7,2340428961,1,3,0,0,3,1,31,3,40,2,1,6,2
81,8,2004369380,1,0,0,0,1,1,30,6,42,0,1,7,2
82,0,3823640583,1,0,0,0,1,1,30,6,35,7,1,1,0
82,1,3487581002,1,1,0,0,1,1,31,2,8,34,0,1,1
82,2,250437797,1,2,0,0,0,0,30,6,6,36,1,1,2
82,3,1962522977,1,3,0,0,3,1,31,1,19,23,0,1,3
82,4,2115687331,1,0,0,0,3,1,31,0,41,1,1,2,3
82,5,3927111398,1,1,0,0,1,1,32,2,19,23,0,2,4
82,6,3591051817,1,2,0,0,0,0,30,5,20,22,0,3,4
82,7,353908612,1,3,0,0,1,1,31,0,35,7,1,4,4
82,8,17849031,1,0,0,0,3,1,31,5,42,0,1,5,4
82,9,71674498,1,1,0,0,3,1,31,1,23,19,0,5,5
82,10,4030582213,1,2,0,0,3,1,30,3,29,13,0,5,6
82,11,3694522632,1,3,0,0,0,0,30,5,19,23,0,6,6
82,12,457379427,1,0,0,0,1,1,30,1,31,11,1,7,6
83,0,2355878933,1,0,0,0,3,1,31,1,29,13,0,0,1
83,1,2019819352,1,1,0,0,2,0,30,4,23,19,0,1,1
83,2,3831243419,1,2,0,0,0,0,30,5,35,7,0,2,1
83,3,3984407773,1,3,0,0,3,1,31,0,20,22,0,2,2
83,4,1500864544,1,0,0,0,2,0,30,3,2,40,1,2,3
83,5,2459349748,1,1,0,0,3,1,31,5,42,0,1,3,3
83,6,4270773815,1,2,0,0,0,0,30,4,35,7,0,4,3
83,7,128970873,1,3,0,0,1,1,31,2,24,18,0,4,4
83,8,1940394940,1,0,0,0,2,0,30,5,8,34,1,4,5
83,9,1604335359,1,1,0,0,2,0,30,5,30,12,0,5,5
83,10,415336915,1,2,0,0,1,1,31,2,26,16,0,5,6
83,11,79277334,1,3,0,0,0,0,30,4,28,14,0,6,6
83,12,2379925336,1,0,0,0,1,1,30,5,18,24,0,6,7
84,0,2417503345,1,0,0,0,1,1,30,4,33,9,1,1,0
84,1,1276122914,1,1,0,0,3,1,31,4,41,1,1,2,0
84,2,87124470,1,2,0,0,0,0,30,5,28,14,0,3,0
84,3,4046032185,1,3,0,0,3,1,32,6,31,11,0,3,1
84,4,1562488956,1,0,0,0,2,0,30,4,22,20,0,4,1
84,5,1715653310,1,1,0,0,1,1,31,1,29,13,0,4,2
84,6,3527077377,1,2,0,0,0,0,30,5,36,6,0,5,2
84,7,190595285,1,3,0,0,0,0,30,2,28,14,0,6,2
84,8,2002019352,1,0,0,0,3,1,31,1,35,7,1,7,2
85,0,209501182,1,0,0,0,1,1,30,5,18,24,0,0,1
85,1,3363088047,1,1,0,0,2,0,30,4,17,25,0,1,1
85,2,2174089603,1,2,0,0,0,0,30,4,35,7,0,2,1
85,3,3985513670,1,3,0,0,3,1,31,5,19,23,0,2,2
85,4,649031578,1,0,0,0,2,0,30,5,25,17,0,3,2
85,5,3802618443,1,1,0,0,2,0,30,4,25,17,0,4,2
85,6,2613619999,1,2,0,0,3,1,30,1,42,0,1,5,2
85,7,2277560418,1,3,0,0,0,0,30,5,0,42,1,5,3
85,8,4088984485,1,0,0,0,3,1,31,6,42,0,1,6,3
85,9,4242148839,1,1,0,0,1,1,32,2,30,12,0,6,4
85,10,1758605610,1,2,0,0,3,1,30,3,35,7,1,7,4
86,0,2132047091,1,0,0,0,2,0,30,1,0,42,1,0,1
86,1,1795987510,1,1,0,0,2,0,30,5,6,36,1,0,2
86,2,606989066,1,2,0,0,0,0,30,5,22,20,0,1,2
86,3,270929485,1,3,0,0,0,0,30,6,12,30,1,1,3
86,4,3424516350,1,0,0,0,3,1,31,4,42,0,1,2,3
86,5,2235517906,1,1,0,0,2,0,30,5,24,18,0,3,3
86,6,1899458325,1,2,0,0,0,0,30,2,1,41,1,3,4
86,7,710459881,1,3,0,0,0,0,30,5,17,25,0,4,4
86,8,3864046746,1,0,0,0,2,0,30,6,6,36,1,4,5
86,9,2675048302,1,1,0,0,2,0,30,3,18,24,0,5,5
86,10,2338988721,1,2,0,0,3,1,30,1,29,13,0,5,6
86,11,4150412788,1,3,0,0,0,0,30,4,2,40,1,5,7
87,0,145526742,1,0,0,0,3,1,31,5,20,22,0,0,1
87,1,1052291072,1,1,0,0,3,1,31,0,41,1,1,1,1
87,2,2110115163,1,2,0,0,3,1,30,5,36,6,1,2,1
87,3,1774055582,1,3,0,0,0,0,30,4,40,2,0,3,1
87,4,585057138,1,0,0,0,2,0,30,3,7,35,1,3,2
87,5,248997557,1,1,0,0,3,1,31,6,21,21,0,3,3
87,6,1155761887,1,2,0,0,3,1,30,0,25,17,0,3,4
87,7,2213585978,1,3,0,0,3,1,32,3,41,1,1,4,4
87,8,1877526397,1,0,0,0,2,0,30,3,6,36,1,4,5
87,9,688527953,1,1,0,0,3,1,31,6,41,1,1,5,5
87,10,1595292283,1,2,0,0,0,0,30,4,24,18,0,6,5
87,11,1259232702,1,3,0,0,1,1,31,3,25,17,0,6,6
87,12,2317056793,1,0,0,0,3,1,31,4,42,0,1,7,6
88,0,4215556299,1,0,0,0,3,1,31,5,24,18,0,0,1
88,1,3879496718,1,1,0,0,1,1,31,4,35,7,1,1,1
88,2,1395953489,1,2,0,0,1,1,31,5,19,23,0,1,2
88,3,2354438693,1,3,0,0,3,1,31,0,24,18,0,1,3
88,4,4165862760,1,0,0,0,1,1,30,1,35,7,1,2,3
88,5,24059818,1,1,0,0,2,0,30,5,17,25,0,3,3
88,6,1835483885,1,2,0,0,3,1,30,4,30,12,1,4,3
88,7,2793969089,1,3,0,0,1,1,31,6,15,27,0,4,4
88,8,310425860,1,0,0,0,2,0,30,5,11,31,1,4,5
88,9,3464012725,1,1,0,0,2,0,30,5,13,29,0,5,5
88,10,2275014281,1,2,0,0,0,0,30,5,14,28,0,6,5
88,11,1938954700,1,3,0,0,3,1,31,2,42,0,1,7,5
89,0,566052451,1,0,0,0,3,1,31,4,41,1,1,1,0
89,1,1572155668,1,1,0,0,2,0,30,4,14,28,0,2,0
89,2,2530640872,1,2,0,0,3,1,30,5,30,12,1,3,0
89,3,47097643,1,3,0,0,3,1,31,2,41,1,1,4,0
89,4,1005582847,1,0,0,0,2,0,30,4,6,36,1,4,1
89,5,2011686064,1,1,0,0,2,0,30,4,41,1,0,5,1
89,6,1675626483,1,2,0,0,1,1,31,3,24,18,0,5,2
89,7,486628039,1,3,0,0,1,1,31,5,24,18,0,5,3
89,8,150568458,1,0,0,0,1,1,30,4,36,6,1,6,3
89,9,303732812,1,1,0,0,1,1,31,6,24,18,0,6,4
89,10,2115156879,1,2,0,0,0,0,30,4,12,30,1,6,5
89,11,926158435,1,3,0,0,3,1,31,6,42,0,1,7,5
90,0,2069178548,1,0,0,0,2,0,30,6,7,35,1,0,1
90,1,3880602615,1,1,0,0,3,1,31,0,36,6,1,1,1
90,2,4033766969,1,2,0,0,1,1,31,5,42,0,1,2,1
90,3,1550223740,1,3,0,0,3,1,32,5,42,0,1,3,1
90,4,2508708944,1,0,0,0,2,0,30,4,0,42,1,3,2
90,5,25165715,1,1,0,0,2,0,30,6,0,42,1,3,3
90,6,178330069,1,2,0,0,1,1,31,5,30,12,0,3,4
90,7,4137237784,1,3,0,0,3,1,31,5,25,17,0,3,5
90,8,1653694555,1,0,0,0,2,0,30,2,25,17,0,4,5
90,9,464696111,1,1,0,0,3,1,31,0,8,34,0,4,6
90,10,128636530,1,2,0,0,0,0,30,5,13,29,0,5,6
90,11,281800884,1,3,0,0,3,1,31,1,10,32,0,5,7
91,0,502078011,1,0,0,0,2,0,30,4,0,42,1,0,1
91,1,3655664876,1,1,0,0,2,0,30,5,19,23,0,1,1
91,2,2466666432,1,2,0,0,0,0,30,4,29,13,0,2,1
91,3,2130606851,1,3,0,0,3,1,32,4,13,29,0,2,2
91,4,1794547270,1,0,0,0,3,1,31,2,40,2,1,3,2
91,5,4095195272,1,1,0,0,3,1,31,5,18,24,0,3,3
91,6,3759135691,1,2,0,0,0,0,30,5,11,31,1,3,4
91,7,2570137247,1,3,0,0,0,0,30,0,0,42,1,3,5
91,8,2234077666,1,0,0,0,2,0,30,4,6,36,1,3,6
91,9,1045079222,1,1,0,0,1,1,32,5,42,0,1,4,6
91,10,4198666087,1,2,0,0,0,0,30,5,29,13,0,5,6
91,11,1715122858,1,3,0,0,0,0,30,2,23,19,0,6,6
91,12,2673608062,1,0,0,0,1,1,30,0,18,24,0,6,7
92,0,2005204108,1,0,0,0,2,0,30,5,11,31,1,0,1
92,1,1669144527,1,1,0,0,1,1,31,5,28,14,0,0,2
92,2,480146083,1,2,0,0,1,1,31,2,13,29,0,0,3
92,3,3633732948,1,3,0,0,0,0,30,4,35,7,0,1,3
92,4,2444734504,1,0,0,0,2,0,30,5,19,23,0,2,3
92,5,2108674923,1,1,0,0,1,1,31,6,30,12,0,2,4
92,6,1772615342,1,2,0,0,0,0,30,1,23,19,0,3,4
92,7,4073263344,1,3,0,0,0,0,30,4,23,19,0,4,4
92,8,3737203763,1,0,0,0,1,1,30,6,25,17,0,4,5
92,9,2548205319,1,1,0,0,3,1,31,4,31,11,1,5,5
92,10,2212145738,1,2,0,0,3,1,30,4,42,0,1,6,5
92,11,3118910068,1,3,0,0,3,1,32,4,42,0,1,7,5
93,0,1021942607,1,0,0,0,3,1,31,6,30,12,0,0,1
93,1,4175529472,1,1,0,0,3,1,31,4,30,12,0,0,2
93,2,839047380,1,2,0,0,0,0,30,4,25,17,0,1,2
93,3,2650471447,1,3,0,0,1,1,31,3,40,2,1,2,2
93,4,1461473003,1,0,0,0,2,0,30,2,7,35,1,2,3
93,5,320092572,1,1,0,0,2,0,30,4,8,34,1,2,4
93,6,4279000287,1,2,0,0,0,0,30,5,6,36,1,2,5
93,7,3090001843,1,3,0,0,3,1,32,5,24,18,0,2,6
93,8,2753942262,1,0,0,0,1,1,30,2,25,17,0,2,7
94,0,2425729817,1,0,0,0,3,1,31,5,41,1,1,1,0
94,1,4237153884,1,1,0,0,2,0,30,4,31,11,0,2,0
94,2,95350942,1,2,0,0,1,1,31,4,14,28,0,2,1
94,3,1906775009,1,3,0,0,0,0,30,6,17,25,0,3,1
94,4,2865260213,1,0,0,0,1,1,30,1,26,16,0,3,2
94,5,381716984,1,1,0,0,3,1,31,3,24,18,0,3,3
94,6,3535303849,1,2,0,0,3,1,30,4,36,6,1,4,3
94,7,2346305405,1,3,0,0,1,1,31,4,40,2,1,5,3
94,8,2010245824,1,0,0,0,1,1,30,6,36,6,1,6,3
94,9,821247380,1,1,0,0,2,0,30,3,17,25,0,7,3
95,0,3105451815,1,0,0,0,2,0,30,4,7,35,1,0,1
95,1,4012216145,1,1,0,0,2,0,30,5,2,40,1,0,2
95,2,775072940,1,2,0,0,0,0,30,0,0,42,1,0,3
95,3,439013359,1,3,0,0,0,0,30,5,13,29,0,1,3
95,4,2250437426,1,0,0,0,2,0,30,5,36,6,0,2,3
95,5,2403601780,1,1,0,0,3,1,31,0,42,0,1,3,3
95,6,4115686960,1,2,0,0,3,1,30,5,31,11,1,4,3
95,7,878543755,1,3,0,0,3,1,31,5,26,16,0,4,4
95,8,542484174,1,0,0,0,1,1,30,2,35,7,1,5,4
95,9,2843132176,1,1,0,0,1,1,31,5,31,11,1,6,4
95,10,2507072595,1,2,0,0,1,1,31,5,42,0,1,7,4
