game_idx,seed,decl_id,decl_name,bid_value,decision_idx,trick_idx,trick_position,actor,seat_role,team,offense_score_before,defense_score_before,actual_action_domino,legal_action_count,top_mean_domino,top_mean,top_threshold_domino,top_threshold_mass,safest_tail_domino,safest_lower_tail_mass,actual_mean_rank_desc,actual_threshold_rank_desc,actual_lower_tail_rank_asc,decision_scalar_ev_lying_by_omission,decision_multi_peak_action_count,decision_max_std,decision_max_shelf_gap,decision_max_hidden_impact,decision_max_hidden_downside,decision_max_hidden_upside,strategy_context_tags,matched_position_detectors,distribution_shape_tags
0,840700,6,sixes,84,0,0,0,0,bidder,offense,0,0,6-6,7,6-6,41.277244567871094,6-6,0.0,6-6,0.0,1,1,1,False,0,0.06342799216508865,0,0.042606353759765625,0.042606353759765625,0.027965545654296875,bidder_opening_lead|called_suit_pressure|first_trick,bidder_first_lead_plan,high_variance_close_mean
0,840700,6,sixes,84,1,0,1,1,left_setter,defense,0,0,5-1,7,5-1,-24.694580078125,5-1,0.7421875,5-1,0.625,1,1,1,True,7,16.858924865722656,46,20.974997341632843,14.011993169784546,18.959498316049576,first_setter_response|first_trick|setter_count_pressure,first_setter_pounce_window|setter_count_before_certainty,hidden_threat_large_impact|high_std|high_variance_close_mean|large_lower_tail|multi_peak_pdf|scalar_ev_lying_by_omission|wide_shelf_gap
0,840700,6,sixes,84,2,0,2,2,bidder_partner,offense,0,0,4-0,7,3-2,9.344361305236816,4-3,0.0,3-2,0.07421875,3,4,5,True,7,23.102750778198242,70,24.37227237224579,24.37227237224579,12.057748023420572,first_trick|partner_count_donation|partner_third_seat_support,partner_forcedness_and_safety|partner_third_seat_safe_donation,hidden_threat_large_impact|high_std|multi_peak_pdf|scalar_ev_lying_by_omission|wide_shelf_gap
0,840700,6,sixes,84,3,0,3,3,right_setter,defense,0,0,2-2,7,2-2,-41.77337646484375,3-0,0.0,3-0,1.0,1,2,2,True,0,0.019855359569191933,0,0.010623931884765625,0.010463714599609375,0.010623931884765625,defender_last_to_act_closure|first_trick|last_to_act,last_to_act_closure_policy,high_variance_close_mean|large_lower_tail|scalar_ev_lying_by_omission
0,840700,6,sixes,84,4,1,0,0,bidder,offense,1,0,6-0,6,6-0,41.54835891723633,6-5,0.0,6-5,0.0,1,6,6,True,0,0.03404496982693672,0,0.04033660888671875,0.022563934326171875,0.04033660888671875,called_suit_pressure,first_trick_public_belief_update,high_variance_close_mean|scalar_ev_lying_by_omission
0,840700,6,sixes,84,5,1,1,1,left_setter,defense,1,0,4-4,6,4-4,-41.83252716064453,5-5,0.0,5-5,1.0,1,6,6,True,0,0.04286517947912216,0,0.016948699951171875,0.016948699951171875,0.016414642333984375,setter_count_pressure,first_trick_public_belief_update|setter_count_before_certainty,high_variance_close_mean|large_lower_tail|scalar_ev_lying_by_omission
0,840700,6,sixes,84,6,1,2,2,bidder_partner,offense,1,0,3-2,6,3-2,41.58623504638672,4-3,0.0,4-3,0.0,1,5,5,True,0,0.006958181504160166,0,0.004795074462890625,0.003131866455078125,0.004795074462890625,partner_count_donation,first_trick_public_belief_update|partner_forcedness_and_safety,high_variance_close_mean|scalar_ev_lying_by_omission
0,840700,6,sixes,84,7,1,3,3,right_setter,defense,1,0,3-0,6,3-0,-41.67729949951172,3-0,0.0,3-0,1.0,1,1,1,False,0,0.019773634150624275,0,0.005077362060546875,0.00499725341796875,0.005077362060546875,last_to_act,first_trick_public_belief_update|last_to_act_closure_policy,high_variance_close_mean|large_lower_tail
0,840700,6,sixes,84,8,2,0,0,bidder,offense,7,0,6-4,5,6-4,40.69895935058594,6-5,0.0,6-5,0.0,1,2,2,True,0,0.27088069915771484,0,0.2589111328125,0.2589111328125,0.147064208984375,called_suit_pressure,first_trick_public_belief_update,high_variance_close_mean|scalar_ev_lying_by_omission
0,840700,6,sixes,84,9,2,1,1,left_setter,defense,7,0,5-3,5,5-3,-41.58864212036133,5-5,0.0,5-5,1.0,1,3,3,True,0,0.02599552646279335,0,0.02362823486328125,0.02362823486328125,0.0205230712890625,setter_count_pressure,first_trick_public_belief_update|setter_count_before_certainty,high_variance_close_mean|large_lower_tail|scalar_ev_lying_by_omission
0,840700,6,sixes,84,10,2,2,2,bidder_partner,offense,7,0,4-1,5,4-1,41.527523040771484,4-3,0.0,4-3,0.0,1,3,3,True,0,0.012818398885428905,0,0.00693511962890625,0.00693511962890625,0.004749298095703125,partner_count_donation,first_trick_public_belief_update|partner_forcedness_and_safety,high_variance_close_mean|scalar_ev_lying_by_omission
0,840700,6,sixes,84,11,2,3,3,right_setter,defense,7,0,2-1,5,2-1,-41.509517669677734,2-1,0.0,2-1,1.0,1,1,1,False,0,0.028856186196208,0,0.015911102294921875,0.015911102294921875,0.014263153076171875,last_to_act,first_trick_public_belief_update|last_to_act_closure_policy,high_variance_close_mean|large_lower_tail
0,840700,6,sixes,84,12,3,0,0,bidder,offense,23,0,6-5,4,6-5,24.93072509765625,6-5,0.0,6-5,0.0,1,1,1,False,0,0.08767852932214737,0,0.08410835266113281,0.06458854675292969,0.08410835266113281,called_suit_pressure,first_trick_public_belief_update,high_variance_close_mean
0,840700,6,sixes,84,13,3,1,1,left_setter,defense,23,0,5-4,4,5-4,-25.676868438720703,5-5,1.0,5-5,1.0,1,2,2,True,0,0.27557769417762756,0,0.1408214569091797,0.1408214569091797,0.13715362548828125,setter_count_pressure,first_trick_public_belief_update|setter_count_before_certainty,high_variance_close_mean|large_lower_tail|scalar_ev_lying_by_omission
0,840700,6,sixes,84,14,3,2,2,bidder_partner,offense,23,0,3-1,4,3-1,25.04201889038086,4-3,0.0,4-3,0.0,1,4,4,True,0,0.033081743866205215,0,0.03674125671386719,0.03674125671386719,0.023168563842773438,,first_trick_public_belief_update,high_variance_close_mean|scalar_ev_lying_by_omission
0,840700,6,sixes,84,15,3,3,3,right_setter,defense,23,0,1-1,4,1-1,-25.004730224609375,2-0,1.0,2-0,1.0,1,2,2,True,0,0.042915839701890945,0,0.035663604736328125,0.035663604736328125,0.031475067138671875,last_to_act,first_trick_public_belief_update|last_to_act_closure_policy,high_variance_close_mean|large_lower_tail|scalar_ev_lying_by_omission
0,840700,6,sixes,84,16,4,0,0,bidder,offense,24,0,6-3,3,6-3,23.9569149017334,6-3,0.0,6-3,0.0,1,1,1,False,0,0.1678902506828308,0,0.1399383544921875,0.13631629943847656,0.1399383544921875,called_suit_pressure|late_hand,first_trick_public_belief_update|late_trick_threshold_closure,high_variance_close_mean
0,840700,6,sixes,84,17,4,1,1,left_setter,defense,24,0,5-5,3,5-5,-24.269437789916992,5-5,1.0,5-5,1.0,1,1,1,False,0,0.012949926778674126,0,0.007978439331054688,0.0076999664306640625,0.007978439331054688,late_hand|setter_count_pressure,first_trick_public_belief_update|late_trick_threshold_closure|setter_count_before_certainty,high_variance_close_mean|large_lower_tail
0,840700,6,sixes,84,18,4,2,2,bidder_partner,offense,24,0,4-3,3,4-3,24.333511352539062,4-3,0.0,4-3,0.0,1,1,1,False,0,0.2336970418691635,0,0.18802833557128906,0.18802833557128906,0.1462421417236328,late_hand,first_trick_public_belief_update|late_trick_threshold_closure,high_variance_close_mean
0,840700,6,sixes,84,19,4,3,3,right_setter,defense,24,0,0-0,3,0-0,-24.88766860961914,2-0,1.0,2-0,1.0,1,3,3,True,3,1.0079355239868164,3,0.8586978912353516,0.8586978912353516,0.6469631195068359,last_to_act|late_hand,first_trick_public_belief_update|last_to_act_closure_policy|late_trick_threshold_closure,high_variance_close_mean|large_lower_tail|multi_peak_pdf|scalar_ev_lying_by_omission
0,840700,6,sixes,84,20,5,0,0,bidder,offense,35,0,6-1,2,6-1,12.267251968383789,6-2,0.0,6-2,0.0,1,2,2,True,0,0.45420387387275696,0,0.5900230407714844,0.5900230407714844,0.2943401336669922,called_suit_pressure|late_hand,first_trick_public_belief_update|late_trick_threshold_closure,high_variance_close_mean|scalar_ev_lying_by_omission
0,840700,6,sixes,84,21,5,1,1,left_setter,defense,35,0,5-2,2,5-2,-12.589974403381348,5-2,1.0,5-2,0.0,1,1,1,False,0,0.014332824386656284,0,0.009288787841796875,0.009146690368652344,0.009288787841796875,late_hand|setter_count_pressure,first_trick_public_belief_update|late_trick_threshold_closure|setter_count_before_certainty,high_variance_close_mean
0,840700,6,sixes,84,22,5,2,2,bidder_partner,offense,35,0,4-2,2,4-2,12.621755599975586,4-2,0.0,4-2,0.0,1,1,1,False,0,0.02143283747136593,0,0.027088165283203125,0.027088165283203125,0.024805068969726562,late_hand,first_trick_public_belief_update|late_trick_threshold_closure,high_variance_close_mean
0,840700,6,sixes,84,23,5,3,3,right_setter,defense,35,0,1-0,2,1-0,-12.557205200195312,2-0,1.0,2-0,0.0,1,2,2,True,0,0.02323061227798462,0,0.02492809295654297,0.02492809295654297,0.021650314331054688,last_to_act|late_hand,first_trick_public_belief_update|last_to_act_closure_policy|late_trick_threshold_closure,high_variance_close_mean|scalar_ev_lying_by_omission
0,840700,6,sixes,84,24,6,0,0,bidder,offense,36,0,6-2,1,6-2,11.226850509643555,6-2,0.0,6-2,0.0,1,1,1,False,0,0.04724535718560219,0,0.06151294708251953,0.06151294708251953,0.03754615783691406,called_suit_pressure|late_hand,first_trick_public_belief_update|late_trick_threshold_closure,
0,840700,6,sixes,84,25,6,1,1,left_setter,defense,36,0,5-0,1,5-0,-11.475300788879395,5-0,1.0,5-0,0.0,1,1,1,False,0,0.021619971841573715,0,0.02248096466064453,0.02248096466064453,0.020793914794921875,late_hand|setter_count_pressure,first_trick_public_belief_update|late_trick_threshold_closure|setter_count_before_certainty,
0,840700,6,sixes,84,26,6,2,2,bidder_partner,offense,36,0,3-3,1,3-3,10.9033203125,3-3,0.0,3-3,0.0,1,1,1,False,0,0.0,0,0.0,0.0,0.0,late_hand,first_trick_public_belief_update|late_trick_threshold_closure,
0,840700,6,sixes,84,27,6,3,3,right_setter,defense,36,0,2-0,1,2-0,-11.581039428710938,2-0,1.0,2-0,0.0,1,1,1,False,0,0.0,0,0.0,0.0,0.0,last_to_act|late_hand,first_trick_public_belief_update|last_to_act_closure_policy|late_trick_threshold_closure,
1,840701,6,sixes,84,0,0,0,0,bidder,offense,0,0,6-5,7,6-4,40.354827880859375,6-6,0.0,6-6,0.0,2,2,2,True,4,9.170903205871582,9,2.5860443115234375,2.5860443115234375,2.1191749572753906,bidder_opening_lead|called_suit_pressure|first_trick,bidder_first_lead_plan,multi_peak_pdf|scalar_ev_lying_by_omission
1,840701,6,sixes,84,1,0,1,1,left_setter,defense,0,0,6-0,3,6-0,-8.850858688354492,6-0,0.9140625,6-1,0.44140625,1,1,2,True,3,27.046363830566406,81,27.94240641593933,27.44098699092865,24.57084421440959,called_suit_pressure|first_setter_response|first_trick,first_setter_pounce_window,hidden_threat_large_impact|high_std|high_variance_close_mean|large_lower_tail|multi_peak_pdf|scalar_ev_lying_by_omission|wide_shelf_gap
1,840701,6,sixes,84,2,0,2,2,bidder_partner,offense,0,0,4-1,7,5-0,-2.7120473384857178,5-0,0.0,5-0,0.328125,2,3,3,True,7,29.01720428466797,83,33.275760650634766,27.318522930145264,31.439823150634766,first_trick|partner_count_donation|partner_third_seat_support,partner_forcedness_and_safety|partner_third_seat_safe_donation,hidden_threat_large_impact|high_std|large_lower_tail|multi_peak_pdf|scalar_ev_lying_by_omission|wide_shelf_gap
1,840701,6,sixes,84,3,0,3,3,right_setter,defense,0,0,3-0,7,3-0,-19.385366439819336,3-0,0.8046875,3-0,0.609375,1,1,1,True,7,17.473068237304688,38,13.860283851623535,12.824626922607422,10.918759196996689,defender_last_to_act_closure|first_trick|last_to_act,last_to_act_closure_policy,hidden_threat_large_impact|high_std|high_variance_close_mean|large_lower_tail|multi_peak_pdf|scalar_ev_lying_by_omission|wide_shelf_gap
1,840701,6,sixes,84,4,1,0,0,bidder,offense,6,0,4-3,6,6-4,39.93492126464844,6-6,0.0,6-6,0.0,6,6,6,True,2,13.462063789367676,26,9.639392852783203,9.639392852783203,8.596832275390625,called_suit_pressure,first_trick_public_belief_update,hidden_threat_large_impact|high_variance_close_mean|multi_peak_pdf|scalar_ev_lying_by_omission|wide_shelf_gap
1,840701,6,sixes,84,5,1,1,1,left_setter,defense,6,0,5-4,1,5-4,-33.54648971557617,5-4,0.65625,5-4,0.89453125,1,1,1,False,1,11.432403564453125,11,16.09541416168213,10.435078874230385,14.443270862102509,,first_trick_public_belief_update,hidden_threat_large_impact|large_lower_tail|multi_peak_pdf
1,840701,6,sixes,84,6,1,2,2,bidder_partner,offense,6,0,4-0,2,4-0,-10.298538208007812,4-2,0.0,4-0,0.40234375,1,2,1,True,2,22.74163055419922,79,16.595369458198547,16.595369458198547,12.4061948210001,,first_trick_public_belief_update,hidden_threat_large_impact|high_std|high_variance_close_mean|large_lower_tail|multi_peak_pdf|scalar_ev_lying_by_omission|wide_shelf_gap
1,840701,6,sixes,84,7,1,3,3,right_setter,defense,6,0,2-0,6,1-0,-7.677275657653809,1-0,0.9921875,1-1,0.2890625,3,4,5,True,6,22.50478744506836,81,15.570301070809364,14.842767477035522,14.345457322895527,last_to_act,first_trick_public_belief_update|last_to_act_closure_policy,hidden_threat_large_impact|high_std|high_variance_close_mean|large_lower_tail|multi_peak_pdf|scalar_ev_lying_by_omission|wide_shelf_gap
1,840701,6,sixes,84,8,2,0,1,left_setter,defense,6,1,5-3,5,5-3,-34.288082122802734,5-3,1.0,5-2,0.8984375,1,1,3,True,4,11.481304168701172,39,28.055179476737976,5.913089752197266,25.049478471279144,called_suit_pressure|setter_lead_pressure,defender_damage_lead_class|first_trick_public_belief_update,hidden_threat_large_impact|high_variance_close_mean|large_lower_tail|multi_peak_pdf|scalar_ev_lying_by_omission|wide_shelf_gap
1,840701,6,sixes,84,9,2,1,2,bidder_partner,offense,6,1,5-0,1,5-0,5.935482501983643,5-0,0.0,5-0,0.22265625,1,1,1,False,1,26.3134765625,82,27.87484645843506,27.87484645843506,21.456788539886475,partner_count_donation,first_trick_public_belief_update|partner_forcedness_and_safety,hidden_threat_large_impact|high_std|multi_peak_pdf|wide_shelf_gap
1,840701,6,sixes,84,10,2,2,3,right_setter,defense,6,1,0-0,5,0-0,-14.190694808959961,2-2,0.8515625,2-1,0.45703125,1,5,4,True,5,22.25629234313965,84,19.066049426794052,14.539383351802826,17.65390907227993,,first_trick_public_belief_update,hidden_threat_large_impact|high_std|high_variance_close_mean|large_lower_tail|multi_peak_pdf|scalar_ev_lying_by_omission|wide_shelf_gap
1,840701,6,sixes,84,11,2,3,0,bidder,offense,6,1,5-5,1,5-5,41.4837760925293,5-5,0.0,5-5,0.0,1,1,1,False,0,0.027058564126491547,0,0.036182403564453125,0.036182403564453125,0.017574310302734375,last_to_act,first_trick_public_belief_update|last_to_act_closure_policy,
1,840701,6,sixes,84,12,3,0,0,bidder,offense,22,1,6-4,4,6-4,24.86107635498047,6-6,0.0,6-6,0.0,1,2,2,True,1,5.36798620223999,12,5.041435241699219,3.198272705078125,5.041435241699219,called_suit_pressure,first_trick_public_belief_update,hidden_threat_large_impact|high_variance_close_mean|multi_peak_pdf|scalar_ev_lying_by_omission
1,840701,6,sixes,84,13,3,1,1,left_setter,defense,22,1,6-1,2,6-1,-27.84229278564453,6-2,1.0,6-2,0.890625,1,2,2,True,2,5.02960205078125,17,12.746943593025208,3.1754989624023438,10.399081766605377,called_suit_pressure,first_trick_public_belief_update,hidden_threat_large_impact|high_variance_close_mean|large_lower_tail|multi_peak_pdf|scalar_ev_lying_by_omission
1,840701,6,sixes,84,14,3,2,2,bidder_partner,offense,22,1,3-2,4,3-2,22.084672927856445,4-2,0.0,4-2,0.0,1,3,3,True,4,12.741443634033203,34,9.535002708435059,9.535002708435059,8.009634017944336,partner_count_donation,first_trick_public_belief_update|partner_forcedness_and_safety,hidden_threat_large_impact|multi_peak_pdf|scalar_ev_lying_by_omission|wide_shelf_gap
1,840701,6,sixes,84,15,3,3,3,right_setter,defense,22,1,1-1,4,1-1,-21.37310791015625,2-2,1.0,2-2,0.609375,1,3,3,True,4,8.670088768005371,21,10.305447578430176,10.30544662475586,8.508572578430176,last_to_act,first_trick_public_belief_update|last_to_act_closure_policy,hidden_threat_large_impact|high_variance_close_mean|large_lower_tail|multi_peak_pdf|scalar_ev_lying_by_omission|wide_shelf_gap
1,840701,6,sixes,84,16,4,0,0,bidder,offense,38,1,6-3,3,6-3,8.647618293762207,6-6,0.0,6-6,0.0,1,2,2,True,1,1.4694294929504395,3,1.625678539276123,1.2846274375915527,1.625678539276123,called_suit_pressure|late_hand,first_trick_public_belief_update|late_trick_threshold_closure,high_variance_close_mean|multi_peak_pdf|scalar_ev_lying_by_omission
1,840701,6,sixes,84,17,4,1,1,left_setter,defense,38,1,6-2,1,6-2,-7.545435905456543,6-2,1.0,6-2,0.0,1,1,1,False,1,1.5263164043426514,5,3.369809627532959,0.9505090713500977,3.369809627532959,called_suit_pressure|late_hand,first_trick_public_belief_update|late_trick_threshold_closure,multi_peak_pdf
1,840701,6,sixes,84,18,4,2,2,bidder_partner,offense,38,1,3-3,3,3-3,3.169468402862549,4-2,0.0,4-2,0.0,1,2,2,True,3,5.304021835327148,12,5.074578762054443,5.074578762054443,4.842156171798706,late_hand,first_trick_public_belief_update|late_trick_threshold_closure,hidden_threat_large_impact|high_variance_close_mean|multi_peak_pdf|scalar_ev_lying_by_omission
1,840701,6,sixes,84,19,4,3,3,right_setter,defense,38,1,2-2,3,1-0,-2.4816856384277344,2-2,1.0,2-2,0.0,2,1,1,True,3,4.652224063873291,11,4.2677812576293945,4.2677812576293945,3.6492621898651123,last_to_act|late_hand,first_trick_public_belief_update|last_to_act_closure_policy|late_trick_threshold_closure,high_variance_close_mean|multi_peak_pdf|scalar_ev_lying_by_omission
1,840701,6,sixes,84,20,5,0,0,bidder,offense,39,1,6-6,2,6-6,3.3990237712860107,6-6,0.0,6-6,0.0,1,1,1,False,0,0.49449458718299866,0,0.5697023868560791,0.48441028594970703,0.5697023868560791,called_suit_pressure|late_hand,first_trick_public_belief_update|late_trick_threshold_closure,high_variance_close_mean
1,840701,6,sixes,84,21,5,1,1,left_setter,defense,39,1,5-1,2,5-1,-5.102557182312012,5-2,1.0,5-2,0.0,1,2,2,True,2,2.9195868968963623,8,6.759851455688477,1.8601446151733398,6.759851455688477,late_hand,first_trick_public_belief_update|late_trick_threshold_closure,hidden_threat_large_impact|high_variance_close_mean|multi_peak_pdf|scalar_ev_lying_by_omission
1,840701,6,sixes,84,22,5,2,2,bidder_partner,offense,39,1,4-2,2,4-2,2.3484387397766113,4-2,0.0,4-2,0.0,1,1,1,False,0,0.33177104592323303,0,0.33964014053344727,0.3240838050842285,0.33964014053344727,late_hand,first_trick_public_belief_update|late_trick_threshold_closure,high_variance_close_mean
1,840701,6,sixes,84,23,5,3,3,right_setter,defense,39,1,2-1,2,2-1,-3.731996536254883,2-1,1.0,2-1,0.0,1,1,1,False,0,0.20280338823795319,0,0.24996638298034668,0.24996638298034668,0.15701007843017578,last_to_act|late_hand,first_trick_public_belief_update|last_to_act_closure_policy|late_trick_threshold_closure,high_variance_close_mean
1,840701,6,sixes,84,24,6,0,0,bidder,offense,40,1,4-4,1,4-4,3.278038263320923,4-4,0.0,4-4,0.0,1,1,1,False,0,0.398196280002594,0,0.6191897392272949,0.3946084976196289,0.6191897392272949,late_hand,first_trick_public_belief_update|late_trick_threshold_closure,
1,840701,6,sixes,84,25,6,1,1,left_setter,defense,40,1,5-2,1,5-2,-6.3034186363220215,5-2,1.0,5-2,0.0,1,1,1,False,0,0.06742865592241287,0,0.06902885437011719,0.06586647033691406,0.06902885437011719,late_hand,first_trick_public_belief_update|late_trick_threshold_closure,
1,840701,6,sixes,84,26,6,2,2,bidder_partner,offense,40,1,3-1,1,3-1,4.9527506828308105,3-1,0.0,3-1,0.0,1,1,1,False,0,0.0,0,0.0,0.0,0.0,late_hand,first_trick_public_belief_update|late_trick_threshold_closure,
1,840701,6,sixes,84,27,6,3,3,right_setter,defense,40,1,1-0,1,1-0,-6.169463634490967,1-0,1.0,1-0,0.0,1,1,1,False,0,0.0,0,0.0,0.0,0.0,last_to_act|late_hand,first_trick_public_belief_update|last_to_act_closure_policy|late_trick_threshold_closure,
2,840702,6,sixes,84,0,0,0,0,bidder,offense,0,0,6-4,7,6-4,38.711219787597656,6-6,0.0,6-6,0.0,1,3,3,True,7,10.724297523498535,12,4.890052795410156,3.373319625854492,4.890052795410156,bidder_opening_lead|called_suit_pressure|first_trick,bidder_first_lead_plan,multi_peak_pdf|scalar_ev_lying_by_omission
2,840702,6,sixes,84,1,0,1,1,left_setter,defense,0,0,6-0,3,6-0,-1.0903979539871216,6-2,0.9296875,6-2,0.37890625,1,3,3,True,3,29.136268615722656,83,33.85835838317871,25.61815494298935,31.96382713317871,called_suit_pressure|first_setter_response|first_trick,first_setter_pounce_window,hidden_threat_large_impact|high_std|high_variance_close_mean|large_lower_tail|multi_peak_pdf|scalar_ev_lying_by_omission|wide_shelf_gap
2,840702,6,sixes,84,2,0,2,2,bidder_partner,offense,0,0,5-0,7,5-0,-16.06707763671875,5-1,0.0,3-1,0.5703125,1,2,5,True,7,27.618356704711914,83,25.243016004562378,20.969211220741272,23.52367790043354,first_trick|partner_count_donation|partner_third_seat_support,partner_forcedness_and_safety|partner_third_seat_safe_donation,hidden_threat_large_impact|high_std|high_variance_close_mean|large_lower_tail|multi_peak_pdf|scalar_ev_lying_by_omission|wide_shelf_gap
2,840702,6,sixes,84,3,0,3,3,right_setter,defense,0,0,0-0,7,3-0,-31.86542510986328,0-0,0.7265625,3-0,0.8359375,2,1,3,True,7,12.088796615600586,25,10.228217840194702,7.194587230682373,9.213087260723114,defender_last_to_act_closure|first_trick|last_to_act,last_to_act_closure_policy,hidden_threat_large_impact|high_variance_close_mean|large_lower_tail|multi_peak_pdf|scalar_ev_lying_by_omission|wide_shelf_gap
2,840702,6,sixes,84,4,1,0,0,bidder,offense,16,0,6-5,6,6-5,29.039321899414062,6-6,0.0,6-6,0.0,1,2,2,True,6,12.829814910888672,28,14.51689338684082,14.51689338684082,9.847816467285156,called_suit_pressure,first_trick_public_belief_update,hidden_threat_large_impact|multi_peak_pdf|scalar_ev_lying_by_omission|wide_shelf_gap
2,840702,6,sixes,84,5,1,1,1,left_setter,defense,16,0,6-2,2,6-2,-22.710689544677734,6-2,1.0,6-2,0.71484375,1,1,1,False,2,12.52219009399414,29,7.009530425071716,7.009530425071716,5.642425775527954,called_suit_pressure,first_trick_public_belief_update,hidden_threat_large_impact|high_variance_close_mean|large_lower_tail|multi_peak_pdf|wide_shelf_gap
2,840702,6,sixes,84,6,1,2,2,bidder_partner,offense,16,0,3-2,6,3-2,8.020313262939453,5-1,0.0,4-1,0.09765625,1,5,2,True,6,19.4221248626709,63,14.804162204265594,14.804162204265594,11.475910663604736,partner_count_donation,first_trick_public_belief_update|partner_forcedness_and_safety,hidden_threat_large_impact|high_std|multi_peak_pdf|scalar_ev_lying_by_omission|wide_shelf_gap
2,840702,6,sixes,84,7,1,3,3,right_setter,defense,16,0,3-0,6,3-0,-21.925718307495117,3-0,1.0,3-0,0.7109375,1,1,1,False,6,14.356927871704102,38,14.739157915115356,7.789336800575256,12.920581459999084,last_to_act,first_trick_public_belief_update|last_to_act_closure_policy,hidden_threat_large_impact|high_variance_close_mean|large_lower_tail|multi_peak_pdf|wide_shelf_gap
2,840702,6,sixes,84,8,2,0,0,bidder,offense,22,0,6-6,5,6-6,21.700767517089844,6-6,0.0,6-6,0.0,1,1,1,False,5,11.78815746307373,25,8.056465148925781,6.728274447843432,8.036933898925781,called_suit_pressure,first_trick_public_belief_update,hidden_threat_large_impact|multi_peak_pdf|wide_shelf_gap
2,840702,6,sixes,84,9,2,1,1,left_setter,defense,22,0,6-1,1,6-1,-16.972190856933594,6-1,1.0,6-1,0.57421875,1,1,1,False,1,12.24302864074707,25,10.158001124858856,8.638720273971558,8.741452783346176,called_suit_pressure,first_trick_public_belief_update,hidden_threat_large_impact|large_lower_tail|multi_peak_pdf|wide_shelf_gap
2,840702,6,sixes,84,10,2,2,2,bidder_partner,offense,22,0,4-1,5,4-1,3.487639904022217,5-1,0.0,4-1,0.0,1,3,1,True,5,17.27678680419922,50,16.77405419945717,13.42492288351059,16.06617833673954,partner_count_donation,first_trick_public_belief_update|partner_forcedness_and_safety,hidden_threat_large_impact|high_std|multi_peak_pdf|scalar_ev_lying_by_omission|wide_shelf_gap
2,840702,6,sixes,84,11,2,3,3,right_setter,defense,22,0,1-1,5,1-1,-16.7448787689209,2-2,1.0,1-1,0.64453125,1,4,1,True,5,15.907607078552246,43,19.624355047941208,10.407078266143799,17.51332376897335,last_to_act,first_trick_public_belief_update|last_to_act_closure_policy,hidden_threat_large_impact|high_std|high_variance_close_mean|large_lower_tail|multi_peak_pdf|scalar_ev_lying_by_omission|wide_shelf_gap
2,840702,6,sixes,84,12,3,0,0,bidder,offense,28,0,4-3,4,4-3,18.322006225585938,6-3,0.0,6-3,0.0,1,4,4,True,4,1.0878407955169678,3,1.4815921783447266,0.8167076110839844,1.4815921783447266,called_suit_pressure,first_trick_public_belief_update,high_variance_close_mean|multi_peak_pdf|scalar_ev_lying_by_omission
2,840702,6,sixes,84,13,3,1,1,left_setter,defense,28,0,5-4,2,5-4,-7.70505428314209,4-4,1.0,5-4,0.0,1,2,1,True,2,12.753443717956543,35,10.877776861190796,8.770293235778809,10.877776861190796,,first_trick_public_belief_update,hidden_threat_large_impact|high_variance_close_mean|multi_peak_pdf|scalar_ev_lying_by_omission|wide_shelf_gap
2,840702,6,sixes,84,14,3,2,2,bidder_partner,offense,28,0,4-0,2,4-0,-8.14256477355957,4-2,0.0,4-2,0.38671875,1,2,2,True,2,14.084100723266602,38,14.270822882652283,14.270822882652283,11.644543051719666,,first_trick_public_belief_update,hidden_threat_large_impact|high_variance_close_mean|large_lower_tail|multi_peak_pdf|scalar_ev_lying_by_omission|wide_shelf_gap
2,840702,6,sixes,84,15,3,3,3,right_setter,defense,28,0,2-1,4,2-0,-2.462345600128174,2-2,1.0,2-2,0.0,2,2,2,True,4,15.090544700622559,38,14.91460108757019,8.077648878097534,14.91460108757019,last_to_act,first_trick_public_belief_update|last_to_act_closure_policy,hidden_threat_large_impact|high_std|high_variance_close_mean|multi_peak_pdf|scalar_ev_lying_by_omission|wide_shelf_gap
2,840702,6,sixes,84,16,4,0,1,left_setter,defense,28,1,4-4,3,4-4,-12.070914268493652,4-4,1.0,4-4,0.21484375,1,1,1,False,3,9.431231498718262,23,8.21695613861084,8.163333058357239,7.501036614179611,late_hand|setter_lead_pressure,defender_damage_lead_class|first_trick_public_belief_update|late_trick_threshold_closure,hidden_threat_large_impact|high_variance_close_mean|large_lower_tail|multi_peak_pdf|wide_shelf_gap
2,840702,6,sixes,84,17,4,1,2,bidder_partner,offense,28,1,4-2,1,4-2,2.6190872192382812,4-2,0.0,4-2,0.2890625,1,1,1,False,1,16.546934127807617,38,22.84616994857788,22.84616994857788,13.199667930603027,late_hand,first_trick_public_belief_update|late_trick_threshold_closure,hidden_threat_large_impact|high_std|large_lower_tail|multi_peak_pdf|wide_shelf_gap
2,840702,6,sixes,84,18,4,2,3,right_setter,defense,28,1,2-2,3,2-2,-7.244555950164795,2-2,1.0,2-0,0.27734375,1,1,3,True,3,13.772170066833496,37,12.693132638931274,10.03023886680603,11.208757638931274,late_hand,first_trick_public_belief_update|late_trick_threshold_closure,hidden_threat_large_impact|high_variance_close_mean|large_lower_tail|multi_peak_pdf|scalar_ev_lying_by_omission|wide_shelf_gap
2,840702,6,sixes,84,19,4,3,0,bidder,offense,28,1,6-3,3,6-3,18.666109085083008,6-3,0.0,6-3,0.0,1,1,1,False,0,0.13780005276203156,0,0.13982915878295898,0.10692882537841797,0.13982915878295898,called_suit_pressure|last_to_act|late_hand,first_trick_public_belief_update|last_to_act_closure_policy|late_trick_threshold_closure,
2,840702,6,sixes,84,20,5,0,0,bidder,offense,29,1,5-5,2,5-5,17.059391021728516,5-5,0.0,5-5,0.0,1,1,1,False,0,0.22165395319461823,0,0.131500244140625,0.1193084716796875,0.131500244140625,late_hand,first_trick_public_belief_update|late_trick_threshold_closure,high_variance_close_mean
2,840702,6,sixes,84,21,5,1,1,left_setter,defense,29,1,5-3,2,5-3,-11.632036209106445,5-3,1.0,5-3,0.0,1,1,1,False,2,5.107991695404053,12,6.010869979858398,6.010869979858398,5.8308491706848145,late_hand,first_trick_public_belief_update|late_trick_threshold_closure,hidden_threat_large_impact|high_variance_close_mean|multi_peak_pdf
2,840702,6,sixes,84,22,5,2,2,bidder_partner,offense,29,1,5-1,1,5-1,16.87546157836914,5-1,0.0,5-1,0.0,1,1,1,False,1,2.549267530441284,10,2.517606735229492,2.517606735229492,0.8510208129882812,late_hand,first_trick_public_belief_update|late_trick_threshold_closure,multi_peak_pdf
2,840702,6,sixes,84,23,5,3,3,right_setter,defense,29,1,1-0,2,1-0,-15.722288131713867,2-0,1.0,2-0,0.0,1,2,2,True,2,3.9604389667510986,11,3.9481945037841797,1.9369583129882812,3.9481945037841797,last_to_act|late_hand,first_trick_public_belief_update|last_to_act_closure_policy|late_trick_threshold_closure,high_variance_close_mean|multi_peak_pdf|scalar_ev_lying_by_omission
2,840702,6,sixes,84,24,6,0,0,bidder,offense,40,1,3-3,1,3-3,2.423698663711548,3-3,0.0,3-3,0.0,1,1,1,False,1,0.8002585768699646,2,1.2651629447937012,1.0405904054641724,1.2651629447937012,late_hand,first_trick_public_belief_update|late_trick_threshold_closure,multi_peak_pdf
2,840702,6,sixes,84,25,6,1,1,left_setter,defense,40,1,5-2,1,5-2,-6.057275295257568,5-2,1.0,5-2,0.0,1,1,1,False,0,0.33672934770584106,0,0.35014963150024414,0.3238239288330078,0.35014963150024414,late_hand,first_trick_public_belief_update|late_trick_threshold_closure,
2,840702,6,sixes,84,26,6,2,2,bidder_partner,offense,40,1,3-1,1,3-1,5.700163841247559,3-1,0.0,3-1,0.0,1,1,1,False,0,9.5367431640625e-07,0,0.0,0.0,0.0,late_hand,first_trick_public_belief_update|late_trick_threshold_closure,
2,840702,6,sixes,84,27,6,3,3,right_setter,defense,40,1,2-0,1,2-0,-6.427841663360596,2-0,1.0,2-0,0.0,1,1,1,False,0,9.5367431640625e-07,0,0.0,0.0,0.0,last_to_act|late_hand,first_trick_public_belief_update|last_to_act_closure_policy|late_trick_threshold_closure,
3,840703,6,sixes,84,0,0,0,0,bidder,offense,0,0,6-5,7,6-5,39.348060607910156,6-6,0.0,6-6,0.0,1,2,2,True,6,16.44600486755371,42,8.938251495361328,8.899188995361328,7.896808624267578,bidder_opening_lead|called_suit_pressure|first_trick,bidder_first_lead_plan,hidden_threat_large_impact|high_std|multi_peak_pdf|scalar_ev_lying_by_omission|wide_shelf_gap
3,840703,6,sixes,84,1,0,1,1,left_setter,defense,0,0,6-2,4,6-0,1.7308825254440308,6-3,1.0,6-1,0.33203125,2,2,4,True,4,26.487329483032227,70,30.472168445587158,24.150453329086304,28.792480945587158,called_suit_pressure|first_setter_response|first_trick,first_setter_pounce_window,hidden_threat_large_impact|high_std|high_variance_close_mean|large_lower_tail|multi_peak_pdf|scalar_ev_lying_by_omission|wide_shelf_gap
3,840703,6,sixes,84,2,0,2,2,bidder_partner,offense,0,0,5-0,7,3-2,-2.8677713871002197,5-1,0.0,3-2,0.35546875,2,2,2,True,7,30.63671112060547,83,36.13871955871582,25.266401171684265,33.99028205871582,first_trick|partner_count_donation|partner_third_seat_support,partner_forcedness_and_safety|partner_third_seat_safe_donation,hidden_threat_large_impact|high_std|large_lower_tail|multi_peak_pdf|scalar_ev_lying_by_omission|wide_shelf_gap
3,840703,6,sixes,84,3,0,3,3,right_setter,defense,0,0,3-0,7,3-0,-22.60997772216797,3-0,0.78125,3-0,0.65625,1,1,1,True,7,16.66972541809082,39,14.555889427661896,11.136662721633911,13.610307484865189,defender_last_to_act_closure|first_trick|last_to_act,last_to_act_closure_policy,hidden_threat_large_impact|high_std|high_variance_close_mean|large_lower_tail|multi_peak_pdf|scalar_ev_lying_by_omission|wide_shelf_gap
3,840703,6,sixes,84,4,1,0,0,bidder,offense,6,0,6-6,6,6-6,23.121408462524414,6-6,0.0,6-6,0.0,1,1,1,False,6,17.284332275390625,49,17.708603382110596,17.708603382110596,14.932653427124023,called_suit_pressure,first_trick_public_belief_update,hidden_threat_large_impact|high_std|high_variance_close_mean|multi_peak_pdf|wide_shelf_gap
3,840703,6,sixes,84,5,1,1,1,left_setter,defense,6,0,6-0,3,6-0,-26.811140060424805,6-3,1.0,6-0,0.8359375,1,3,1,True,3,10.108327865600586,21,10.410882949829102,6.216359496116638,8.672601699829102,called_suit_pressure,first_trick_public_belief_update,hidden_threat_large_impact|high_variance_close_mean|large_lower_tail|multi_peak_pdf|scalar_ev_lying_by_omission|wide_shelf_gap
3,840703,6,sixes,84,6,1,2,2,bidder_partner,offense,6,0,3-2,6,3-2,3.2996222972869873,5-1,0.0,3-2,0.171875,1,5,1,True,6,25.03081703186035,81,26.40901279449463,22.694411277770996,24.67073154449463,partner_count_donation,first_trick_public_belief_update|partner_forcedness_and_safety,hidden_threat_large_impact|high_std|large_lower_tail|multi_peak_pdf|scalar_ev_lying_by_omission|wide_shelf_gap
3,840703,6,sixes,84,7,1,3,3,right_setter,defense,6,0,0-0,6,0-0,-21.48645782470703,2-2,0.66796875,1-0,0.52734375,1,6,2,True,6,20.503032684326172,54,25.952998593449593,18.59658631682396,23.747199036180973,last_to_act,first_trick_public_belief_update|last_to_act_closure_policy,hidden_threat_large_impact|high_std|high_variance_close_mean|large_lower_tail|multi_peak_pdf|scalar_ev_lying_by_omission|wide_shelf_gap
3,840703,6,sixes,84,8,2,0,0,bidder,offense,12,0,5-5,5,5-5,20.848567962646484,6-4,0.0,6-4,0.0,1,2,2,True,5,14.621367454528809,44,13.914071083068848,13.914071083068848,9.270392417907715,called_suit_pressure,first_trick_public_belief_update,hidden_threat_large_impact|multi_peak_pdf|scalar_ev_lying_by_omission|wide_shelf_gap
3,840703,6,sixes,84,9,2,1,1,left_setter,defense,12,0,5-4,3,5-4,-24.55192756652832,5-4,1.0,5-2,0.8359375,1,1,2,True,3,7.933742046356201,20,25.538439750671387,8.777226448059082,21.319689750671387,,first_trick_public_belief_update,hidden_threat_large_impact|large_lower_tail|multi_peak_pdf|scalar_ev_lying_by_omission|wide_shelf_gap
3,840703,6,sixes,84,10,2,2,2,bidder_partner,offense,12,0,5-1,1,5-1,15.205113410949707,5-1,0.0,5-1,0.0,1,1,1,False,1,18.676294326782227,50,18.93820095062256,15.594755500555038,18.93820095062256,,first_trick_public_belief_update,hidden_threat_large_impact|high_std|multi_peak_pdf|wide_shelf_gap
3,840703,6,sixes,84,11,2,3,3,right_setter,defense,12,0,2-2,5,2-2,-18.385709762573242,2-2,1.0,2-2,0.5,1,1,1,True,5,17.26323127746582,51,20.949381113052368,20.30478537082672,18.449381113052368,last_to_act,first_trick_public_belief_update|last_to_act_closure_policy,hidden_threat_large_impact|high_std|high_variance_close_mean|large_lower_tail|multi_peak_pdf|scalar_ev_lying_by_omission|wide_shelf_gap
3,840703,6,sixes,84,12,3,0,0,bidder,offense,23,0,4-3,4,4-3,13.877309799194336,6-4,0.0,6-4,0.0,1,3,3,True,4,7.734889507293701,22,9.184284210205078,5.26624059677124,9.184284210205078,called_suit_pressure,first_trick_public_belief_update,hidden_threat_large_impact|high_variance_close_mean|multi_peak_pdf|scalar_ev_lying_by_omission|wide_shelf_gap
3,840703,6,sixes,84,13,3,1,1,left_setter,defense,23,0,6-3,4,6-3,-8.584070205688477,6-3,1.0,6-1,0.06640625,1,1,2,True,4,8.438307762145996,24,11.251964569091797,8.16649615764618,9.728527069091797,called_suit_pressure,first_trick_public_belief_update,hidden_threat_large_impact|large_lower_tail|multi_peak_pdf|scalar_ev_lying_by_omission|wide_shelf_gap
3,840703,6,sixes,84,14,3,2,2,bidder_partner,offense,23,0,4-0,2,4-0,-0.8614341020584106,4-1,0.0,4-0,0.328125,1,2,1,True,2,21.02643394470215,48,24.686366200447083,22.66334331035614,23.045741200447083,partner_count_donation,first_trick_public_belief_update|partner_forcedness_and_safety,hidden_threat_large_impact|high_std|high_variance_close_mean|large_lower_tail|multi_peak_pdf|scalar_ev_lying_by_omission|wide_shelf_gap
3,840703,6,sixes,84,15,3,3,3,right_setter,defense,23,0,1-0,4,1-0,1.5037484169006348,2-1,1.0,1-1,0.26953125,1,4,2,True,4,19.764305114746094,48,21.93173086643219,21.25690793991089,20.54501211643219,last_to_act,first_trick_public_belief_update|last_to_act_closure_policy,hidden_threat_large_impact|high_std|high_variance_close_mean|large_lower_tail|multi_peak_pdf|scalar_ev_lying_by_omission|wide_shelf_gap
3,840703,6,sixes,84,16,4,0,1,left_setter,defense,23,1,5-3,3,5-3,-13.70330810546875,6-1,1.0,5-3,0.58203125,1,2,1,True,3,6.741709232330322,16,14.133233547210693,8.912038564682007,11.223077297210693,called_suit_pressure|late_hand|setter_lead_pressure,defender_damage_lead_class|first_trick_public_belief_update|late_trick_threshold_closure,hidden_threat_large_impact|high_variance_close_mean|large_lower_tail|multi_peak_pdf|scalar_ev_lying_by_omission
3,840703,6,sixes,84,17,4,1,2,bidder_partner,offense,23,1,4-1,3,4-1,-7.128630638122559,4-1,0.0,4-1,0.32421875,1,1,1,True,3,16.55684471130371,40,30.96481227874756,23.98197078704834,27.54684352874756,late_hand|partner_count_donation,first_trick_public_belief_update|late_trick_threshold_closure|partner_forcedness_and_safety,hidden_threat_large_impact|high_std|high_variance_close_mean|large_lower_tail|multi_peak_pdf|scalar_ev_lying_by_omission|wide_shelf_gap
3,840703,6,sixes,84,18,4,2,3,right_setter,defense,23,1,1-1,3,1-1,0.7410097122192383,2-1,1.0,2-1,0.1328125,1,3,3,True,3,18.87646484375,51,21.19671067595482,17.28809642791748,20.53264817595482,late_hand,first_trick_public_belief_update|late_trick_threshold_closure,hidden_threat_large_impact|high_std|high_variance_close_mean|multi_peak_pdf|scalar_ev_lying_by_omission|wide_shelf_gap
3,840703,6,sixes,84,19,4,3,0,bidder,offense,23,1,6-4,3,6-4,13.221536636352539,6-4,0.0,6-4,0.0,1,1,1,False,0,0.2884635925292969,0,0.18828582763671875,0.17966270446777344,0.18828582763671875,called_suit_pressure|last_to_act|late_hand,first_trick_public_belief_update|last_to_act_closure_policy|late_trick_threshold_closure,high_variance_close_mean
3,840703,6,sixes,84,20,5,0,0,bidder,offense,39,1,4-4,2,4-4,-2.067060947418213,4-4,0.0,4-4,0.0,1,1,1,False,0,0.037287864834070206,0,0.02550506591796875,0.021132946014404297,0.02550506591796875,late_hand,first_trick_public_belief_update|late_trick_threshold_closure,high_variance_close_mean
3,840703,6,sixes,84,21,5,1,1,left_setter,defense,39,1,6-1,2,6-1,3.855593681335449,6-1,1.0,6-1,0.0,1,1,1,False,1,1.3785102367401123,2,1.7835242748260498,1.7835242748260498,1.1683645248413086,called_suit_pressure|late_hand,first_trick_public_belief_update|late_trick_threshold_closure,high_variance_close_mean|multi_peak_pdf
3,840703,6,sixes,84,22,5,2,2,bidder_partner,offense,39,1,3-3,2,3-3,-3.4412126541137695,3-3,0.0,3-3,0.0,1,1,1,False,0,7.152557373046875e-07,0,0.0,0.0,0.0,late_hand,first_trick_public_belief_update|late_trick_threshold_closure,high_variance_close_mean
3,840703,6,sixes,84,23,5,3,3,right_setter,defense,39,1,2-1,2,2-1,1.8863393068313599,2-1,1.0,2-1,0.0,1,1,1,False,0,3.5762786865234375e-07,0,0.0,0.0,0.0,last_to_act|late_hand,first_trick_public_belief_update|last_to_act_closure_policy|late_trick_threshold_closure,high_variance_close_mean
3,840703,6,sixes,84,24,6,0,1,left_setter,defense,39,2,5-2,1,5-2,2.4117684364318848,5-2,1.0,5-2,0.0,1,1,1,False,1,0.7264740467071533,1,0.7264741659164429,0.7264741659164429,0.7264740467071533,late_hand|setter_lead_pressure,defender_damage_lead_class|first_trick_public_belief_update|late_trick_threshold_closure,multi_peak_pdf
3,840703,6,sixes,84,25,6,1,2,bidder_partner,offense,39,2,3-1,1,3-1,-5.779158592224121,3-1,0.0,3-1,0.0,1,1,1,False,0,9.5367431640625e-07,0,0.0,0.0,0.0,late_hand,first_trick_public_belief_update|late_trick_threshold_closure,
3,840703,6,sixes,84,26,6,2,3,right_setter,defense,39,2,2-0,1,2-0,4.616626739501953,2-0,1.0,2-0,0.0,1,1,1,False,0,0.0,0,0.0,0.0,0.0,late_hand,first_trick_public_belief_update|late_trick_threshold_closure,
3,840703,6,sixes,84,27,6,3,0,bidder,offense,39,2,4-2,1,4-2,-6.378324031829834,4-2,0.0,4-2,0.0,1,1,1,False,0,4.76837158203125e-07,0,0.0,0.0,0.0,last_to_act|late_hand,first_trick_public_belief_update|last_to_act_closure_policy|late_trick_threshold_closure,
4,840704,6,sixes,84,0,0,0,0,bidder,offense,0,0,6-5,7,6-4,37.63036346435547,6-6,0.0,6-6,0.0,2,2,2,True,7,10.39822769165039,24,4.3458099365234375,3.1008872985839844,4.3458099365234375,bidder_opening_lead|called_suit_pressure|first_trick,bidder_first_lead_plan,multi_peak_pdf|scalar_ev_lying_by_omission|wide_shelf_gap
4,840704,6,sixes,84,1,0,1,1,left_setter,defense,0,0,3-3,7,4-0,-20.637601852416992,3-3,0.671875,4-0,0.62890625,3,1,3,True,5,25.571184158325195,43,38.230483174324036,18.605041831731796,35.60829931497574,first_setter_response|first_trick|setter_count_pressure,first_setter_pounce_window|setter_count_before_certainty,hidden_threat_large_impact|high_std|high_variance_close_mean|large_lower_tail|multi_peak_pdf|scalar_ev_lying_by_omission|wide_shelf_gap
4,840704,6,sixes,84,2,0,2,2,bidder_partner,offense,0,0,6-0,3,6-0,5.738821506500244,6-2,0.0,6-0,0.2734375,1,3,1,True,3,29.989500045776367,83,28.30909538269043,22.03720051050186,26.92237663269043,called_suit_pressure|first_trick|partner_third_seat_support,partner_third_seat_safe_donation,hidden_threat_large_impact|high_std|high_variance_close_mean|large_lower_tail|multi_peak_pdf|scalar_ev_lying_by_omission|wide_shelf_gap
4,840704,6,sixes,84,3,0,3,3,right_setter,defense,0,0,3-0,7,3-0,-38.54386520385742,3-0,0.27734375,3-0,0.953125,1,1,1,False,3,7.585996627807617,22,7.3257211446762085,5.112859937362373,7.0383570194244385,defender_last_to_act_closure|first_trick|last_to_act,last_to_act_closure_policy,hidden_threat_large_impact|high_variance_close_mean|large_lower_tail|multi_peak_pdf|wide_shelf_gap
4,840704,6,sixes,84,4,1,0,0,bidder,offense,1,0,4-4,6,6-4,41.270660400390625,6-6,0.0,6-6,0.0,5,5,5,True,2,7.935714244842529,23,7.0929412841796875,7.0929412841796875,6.700145721435547,called_suit_pressure,first_trick_public_belief_update,hidden_threat_large_impact|high_variance_close_mean|multi_peak_pdf|scalar_ev_lying_by_omission|wide_shelf_gap
4,840704,6,sixes,84,5,1,1,1,left_setter,defense,1,0,4-0,4,4-0,-41.20965576171875,4-3,0.0859375,4-3,0.99609375,1,3,3,True,0,3.1233582496643066,0,4.89752584695816,1.1014633178710938,4.85846334695816,,first_trick_public_belief_update,high_variance_close_mean|large_lower_tail|scalar_ev_lying_by_omission
4,840704,6,sixes,84,6,1,2,2,bidder_partner,offense,1,0,5-2,6,6-1,36.42217254638672,6-2,0.0,6-2,0.0,3,3,3,True,6,12.051457405090332,25,18.381187438964844,18.381187438964844,8.149860382080078,called_suit_pressure|partner_count_donation,first_trick_public_belief_update|partner_forcedness_and_safety,hidden_threat_large_impact|high_variance_close_mean|multi_peak_pdf|scalar_ev_lying_by_omission|wide_shelf_gap
4,840704,6,sixes,84,7,1,3,3,right_setter,defense,1,0,2-0,6,2-0,-40.12458038330078,2-2,0.171875,2-2,0.984375,1,3,3,True,0,5.442360877990723,0,4.635081946849823,2.8732032775878906,4.335848450660706,last_to_act,first_trick_public_belief_update|last_to_act_closure_policy,high_variance_close_mean|large_lower_tail|scalar_ev_lying_by_omission
4,840704,6,sixes,84,8,2,0,0,bidder,offense,2,0,4-1,5,4-1,41.504981994628906,6-6,0.0,6-6,0.0,1,5,5,True,0,0.03580925241112709,0,0.0320587158203125,0.028507232666015625,0.0320587158203125,called_suit_pressure,first_trick_public_belief_update,high_variance_close_mean|scalar_ev_lying_by_omission
4,840704,6,sixes,84,9,2,1,1,left_setter,defense,2,0,4-3,3,5-4,-40.53551483154297,4-3,0.046875,5-4,0.9765625,2,1,2,True,0,4.9955339431762695,0,8.816492259502411,1.3587532043457031,8.358592987060547,,first_trick_public_belief_update,hidden_threat_large_impact|high_variance_close_mean|large_lower_tail|scalar_ev_lying_by_omission
4,840704,6,sixes,84,10,2,2,2,bidder_partner,offense,2,0,6-1,5,6-1,35.72311782836914,6-2,0.0,6-2,0.0,1,2,2,True,5,11.397500991821289,40,17.85577964782715,17.85577964782715,14.178661346435547,called_suit_pressure|partner_count_donation,first_trick_public_belief_update|partner_forcedness_and_safety,hidden_threat_large_impact|multi_peak_pdf|scalar_ev_lying_by_omission|wide_shelf_gap
4,840704,6,sixes,84,11,2,3,3,right_setter,defense,2,0,1-1,5,0-0,-37.352272033691406,2-2,0.21484375,1-1,0.921875,2,3,1,True,5,9.514453887939453,33,7.555253744125366,5.885210656560957,7.023569583892822,last_to_act,first_trick_public_belief_update|last_to_act_closure_policy,hidden_threat_large_impact|high_variance_close_mean|large_lower_tail|multi_peak_pdf|scalar_ev_lying_by_omission|wide_shelf_gap
4,840704,6,sixes,84,12,3,0,2,bidder_partner,offense,8,0,3-1,4,3-1,30.365367889404297,6-2,0.0,6-2,0.0,1,4,4,True,4,15.072720527648926,41,23.277649521827698,23.277649521827698,16.43609619140625,called_suit_pressure|partner_count_donation,first_trick_public_belief_update|partner_forcedness_and_safety,hidden_threat_large_impact|high_std|multi_peak_pdf|scalar_ev_lying_by_omission|wide_shelf_gap
4,840704,6,sixes,84,13,3,1,3,right_setter,defense,8,0,0-0,4,0-0,-33.703285217285156,0-0,0.88671875,2-2,0.86328125,1,1,4,True,4,12.478187561035156,38,10.376917123794556,8.59001362323761,10.012123882770538,,first_trick_public_belief_update,hidden_threat_large_impact|high_variance_close_mean|large_lower_tail|multi_peak_pdf|scalar_ev_lying_by_omission|wide_shelf_gap
4,840704,6,sixes,84,14,3,2,0,bidder,offense,8,0,6-4,4,6-4,38.221675872802734,6-6,0.0,6-6,0.0,1,2,2,True,1,12.166924476623535,34,10.344017028808594,8.436609268188477,10.344017028808594,called_suit_pressure,first_trick_public_belief_update,hidden_threat_large_impact|high_variance_close_mean|multi_peak_pdf|scalar_ev_lying_by_omission|wide_shelf_gap
4,840704,6,sixes,84,15,3,3,1,left_setter,defense,8,0,3-2,2,5-3,-40.00048065185547,5-3,0.0703125,5-3,0.96484375,2,2,2,False,0,5.770630359649658,0,4.261061906814575,1.912200927734375,3.822808027267456,last_to_act|setter_count_pressure,first_trick_public_belief_update|last_to_act_closure_policy|setter_count_before_certainty,high_variance_close_mean|large_lower_tail
4,840704,6,sixes,84,16,4,0,0,bidder,offense,24,0,5-5,3,5-5,24.045654296875,6-6,0.0,6-6,0.0,1,3,3,True,0,0.05811889097094536,0,0.06872177124023438,0.06872177124023438,0.048419952392578125,called_suit_pressure|late_hand,first_trick_public_belief_update|late_trick_threshold_closure,high_variance_close_mean|scalar_ev_lying_by_omission
4,840704,6,sixes,84,17,4,1,1,left_setter,defense,24,0,5-4,2,5-4,-24.562618255615234,5-4,1.0,5-4,1.0,1,1,1,False,0,0.60576993227005,0,0.4129810333251953,0.41172218322753906,0.4129810333251953,late_hand,first_trick_public_belief_update|late_trick_threshold_closure,high_variance_close_mean|large_lower_tail
4,840704,6,sixes,84,18,4,2,2,bidder_partner,offense,24,0,5-0,2,5-0,27.319395065307617,5-1,0.0,5-1,0.0,1,2,2,True,0,3.814697265625e-06,0,0.0,0.0,0.0,late_hand|partner_count_donation,first_trick_public_belief_update|late_trick_threshold_closure|partner_forcedness_and_safety,high_variance_close_mean|scalar_ev_lying_by_omission
4,840704,6,sixes,84,19,4,3,3,right_setter,defense,24,0,2-2,3,2-2,-25.008403778076172,2-2,1.0,2-2,1.0,1,1,1,False,0,0.4311636984348297,0,0.2005901336669922,0.2005901336669922,0.16025924682617188,last_to_act|late_hand,first_trick_public_belief_update|last_to_act_closure_policy|late_trick_threshold_closure,high_variance_close_mean|large_lower_tail
4,840704,6,sixes,84,20,5,0,0,bidder,offense,40,0,6-3,2,6-3,4.829094886779785,6-6,0.0,6-6,0.0,1,2,2,True,2,0.9834076166152954,2,1.014634132385254,1.014634132385254,0.9531416893005371,called_suit_pressure|late_hand,first_trick_public_belief_update|late_trick_threshold_closure,high_variance_close_mean|multi_peak_pdf|scalar_ev_lying_by_omission
4,840704,6,sixes,84,21,5,1,1,left_setter,defense,40,0,4-2,2,4-2,-7.395869731903076,4-2,1.0,4-2,0.0,1,1,1,False,0,0.13005924224853516,0,0.16290283203125,0.13564300537109375,0.16290283203125,late_hand,first_trick_public_belief_update|late_trick_threshold_closure,high_variance_close_mean
4,840704,6,sixes,84,22,5,2,2,bidder_partner,offense,40,0,6-2,1,6-2,5.801879405975342,6-2,0.0,6-2,0.0,1,1,1,False,0,9.5367431640625e-07,0,0.0,0.0,0.0,called_suit_pressure|late_hand,first_trick_public_belief_update|late_trick_threshold_closure,
4,840704,6,sixes,84,23,5,3,3,right_setter,defense,40,0,2-1,2,2-1,-6.075239181518555,2-1,1.0,2-1,0.0,1,1,1,False,0,0.13234376907348633,0,0.16252470016479492,0.16252470016479492,0.11995697021484375,last_to_act|late_hand,first_trick_public_belief_update|last_to_act_closure_policy|late_trick_threshold_closure,high_variance_close_mean
4,840704,6,sixes,84,24,6,0,0,bidder,offense,41,0,6-6,1,6-6,1.8294991254806519,6-6,0.0,6-6,0.0,1,1,1,False,0,0.4172520935535431,0,0.4547921419143677,0.4547921419143677,0.38281071186065674,called_suit_pressure|late_hand,first_trick_public_belief_update|late_trick_threshold_closure,
4,840704,6,sixes,84,25,6,1,1,left_setter,defense,41,0,5-3,1,5-3,-6.5784382820129395,5-3,1.0,5-3,0.0,1,1,1,False,0,9.5367431640625e-07,0,0.0,0.0,0.0,late_hand,first_trick_public_belief_update|late_trick_threshold_closure,
4,840704,6,sixes,84,26,6,2,2,bidder_partner,offense,41,0,5-1,1,5-1,4.941710472106934,5-1,0.0,5-1,0.0,1,1,1,False,0,4.76837158203125e-07,0,0.0,0.0,0.0,late_hand,first_trick_public_belief_update|late_trick_threshold_closure,
4,840704,6,sixes,84,27,6,3,3,right_setter,defense,41,0,1-0,1,1-0,-6.015288352966309,1-0,1.0,1-0,0.0,1,1,1,False,0,9.5367431640625e-07,0,0.0,0.0,0.0,last_to_act|late_hand,first_trick_public_belief_update|last_to_act_closure_policy|late_trick_threshold_closure,
5,840705,6,sixes,84,0,0,0,0,bidder,offense,0,0,6-5,7,6-4,40.29106903076172,6-6,0.0,6-6,0.0,2,2,2,True,7,8.510167121887207,7,2.8074779510498047,2.8074779510498047,2.477642059326172,bidder_opening_lead|called_suit_pressure|first_trick,bidder_first_lead_plan,multi_peak_pdf|scalar_ev_lying_by_omission
5,840705,6,sixes,84,1,0,1,1,left_setter,defense,0,0,5-4,7,5-1,-18.259653091430664,2-2,0.78515625,5-1,0.62109375,3,7,2,True,7,26.1269588470459,57,33.68231227993965,17.368832230567932,31.41615940630436,first_setter_response|first_trick,first_setter_pounce_window,hidden_threat_large_impact|high_std|high_variance_close_mean|large_lower_tail|multi_peak_pdf|scalar_ev_lying_by_omission|wide_shelf_gap
5,840705,6,sixes,84,2,0,2,2,bidder_partner,offense,0,0,6-0,3,6-0,6.155679225921631,6-2,0.0,6-2,0.30078125,1,3,3,True,3,32.31985092163086,83,30.182162761688232,27.415056109428406,28.678256511688232,called_suit_pressure|first_trick|partner_third_seat_support,partner_third_seat_safe_donation,hidden_threat_large_impact|high_std|high_variance_close_mean|large_lower_tail|multi_peak_pdf|scalar_ev_lying_by_omission|wide_shelf_gap
5,840705,6,sixes,84,3,0,3,3,right_setter,defense,0,0,0-0,7,0-0,-40.20929718017578,0-0,0.140625,3-0,0.9765625,1,1,6,True,0,5.7642083168029785,0,3.8567899763584137,2.1634587720036507,3.482748180627823,defender_last_to_act_closure|first_trick|last_to_act|setter_count_pressure,last_to_act_closure_policy|setter_count_before_certainty,high_variance_close_mean|large_lower_tail|scalar_ev_lying_by_omission
5,840705,6,sixes,84,4,1,0,0,bidder,offense,1,0,4-4,6,4-4,41.53350830078125,6-6,0.0,6-6,0.0,1,5,5,True,0,0.029949752613902092,0,0.022014617919921875,0.022014617919921875,0.01158905029296875,called_suit_pressure,first_trick_public_belief_update,high_variance_close_mean|scalar_ev_lying_by_omission
5,840705,6,sixes,84,5,1,1,1,left_setter,defense,1,0,1-1,6,5-1,-40.25355911254883,1-1,0.203125,5-1,0.984375,2,1,2,True,2,4.756155490875244,11,3.465193599462509,2.5796217173337936,3.331667900085449,,first_trick_public_belief_update,high_variance_close_mean|large_lower_tail|multi_peak_pdf|scalar_ev_lying_by_omission
5,840705,6,sixes,84,6,1,2,2,bidder_partner,offense,1,0,4-2,3,4-2,38.74522399902344,4-2,0.0,4-2,0.0,1,1,1,False,2,7.81511926651001,15,10.603689193725586,10.603689193725586,4.004367828369141,partner_count_donation,first_trick_public_belief_update|partner_forcedness_and_safety,hidden_threat_large_impact|high_variance_close_mean|multi_peak_pdf
5,840705,6,sixes,84,7,1,3,3,right_setter,defense,1,0,3-0,6,3-1,-41.656105041503906,3-0,0.02734375,3-1,0.9921875,2,1,2,True,0,2.273329734802246,0,1.5408791899681091,0.4786872863769531,1.4284266829490662,last_to_act|setter_count_pressure,first_trick_public_belief_update|last_to_act_closure_policy|setter_count_before_certainty,high_variance_close_mean|large_lower_tail|scalar_ev_lying_by_omission
5,840705,6,sixes,84,8,2,0,0,bidder,offense,2,0,5-5,5,5-5,41.50386047363281,6-6,0.0,6-6,0.0,1,4,4,True,0,0.029031166806817055,0,0.044036865234375,0.044036865234375,0.023998260498046875,called_suit_pressure,first_trick_public_belief_update,high_variance_close_mean|scalar_ev_lying_by_omission
5,840705,6,sixes,84,9,2,1,1,left_setter,defense,2,0,5-1,3,5-1,-41.424983978271484,5-3,0.0,5-3,1.0,1,3,3,True,0,0.038217611610889435,0,0.036907196044921875,0.036907196044921875,0.031585693359375,,first_trick_public_belief_update,high_variance_close_mean|large_lower_tail|scalar_ev_lying_by_omission
5,840705,6,sixes,84,10,2,2,2,bidder_partner,offense,2,0,5-0,1,5-0,41.236183166503906,5-0,0.0,5-0,0.0,1,1,1,False,0,0.024878768250346184,0,0.008838653564453125,0.00605010986328125,0.008838653564453125,partner_count_donation,first_trick_public_belief_update|partner_forcedness_and_safety,
5,840705,6,sixes,84,11,2,3,3,right_setter,defense,2,0,3-2,5,3-2,-41.26190948486328,3-2,0.0,3-2,1.0,1,1,1,False,0,0.028683839365839958,0,0.0051422119140625,0.00506591796875,0.0051422119140625,last_to_act|setter_count_pressure,first_trick_public_belief_update|last_to_act_closure_policy|setter_count_before_certainty,high_variance_close_mean|large_lower_tail
5,840705,6,sixes,84,12,3,0,0,bidder,offense,23,0,6-4,4,6-4,25.166297912597656,6-6,0.0,6-6,0.0,1,2,2,True,0,0.015756435692310333,0,0.00820159912109375,0.00724029541015625,0.00820159912109375,called_suit_pressure,first_trick_public_belief_update,high_variance_close_mean|scalar_ev_lying_by_omission
5,840705,6,sixes,84,13,3,1,1,left_setter,defense,23,0,2-2,4,2-2,-29.469924926757812,3-3,1.0,3-3,1.0,1,2,2,True,0,0.27574920654296875,0,0.1571369171142578,0.11651992797851562,0.1571369171142578,,first_trick_public_belief_update,high_variance_close_mean|large_lower_tail|scalar_ev_lying_by_omission
5,840705,6,sixes,84,14,3,2,2,bidder_partner,offense,23,0,6-2,2,6-2,29.374643325805664,6-2,0.0,6-2,0.0,1,1,1,False,0,0.08643839508295059,0,0.12036705017089844,0.12036705017089844,0.08471870422363281,called_suit_pressure,first_trick_public_belief_update,high_variance_close_mean
5,840705,6,sixes,84,15,3,3,3,right_setter,defense,23,0,2-0,4,2-0,-28.97697639465332,3-1,1.0,3-1,1.0,1,3,3,True,0,0.43180128931999207,0,0.18156051635742188,0.16791343688964844,0.18156051635742188,last_to_act,first_trick_public_belief_update|last_to_act_closure_policy,high_variance_close_mean|large_lower_tail|scalar_ev_lying_by_omission
5,840705,6,sixes,84,16,4,0,0,bidder,offense,34,0,6-6,3,6-6,13.716455459594727,6-6,0.0,6-6,0.0,1,1,1,False,0,0.0028197893407195807,0,0.003968238830566406,0.00336456298828125,0.003968238830566406,called_suit_pressure|late_hand,first_trick_public_belief_update|late_trick_threshold_closure,high_variance_close_mean
5,840705,6,sixes,84,17,4,1,1,left_setter,defense,34,0,5-2,3,5-2,-13.686134338378906,3-3,1.0,3-3,0.0,1,3,3,True,0,0.0546572282910347,0,0.042288780212402344,0.04050254821777344,0.042288780212402344,late_hand,first_trick_public_belief_update|late_trick_threshold_closure,high_variance_close_mean|scalar_ev_lying_by_omission
5,840705,6,sixes,84,18,4,2,2,bidder_partner,offense,34,0,6-1,1,6-1,13.715107917785645,6-1,0.0,6-1,0.0,1,1,1,False,0,0.0020614631939679384,0,0.00313568115234375,0.00215911865234375,0.00313568115234375,called_suit_pressure|late_hand,first_trick_public_belief_update|late_trick_threshold_closure,
5,840705,6,sixes,84,19,4,3,3,right_setter,defense,34,0,2-1,3,2-1,-13.606428146362305,3-1,1.0,3-1,0.0,1,2,2,True,0,0.05610125884413719,0,0.02827930450439453,0.02827930450439453,0.023064613342285156,last_to_act|late_hand,first_trick_public_belief_update|last_to_act_closure_policy|late_trick_threshold_closure,high_variance_close_mean|scalar_ev_lying_by_omission
5,840705,6,sixes,84,20,5,0,0,bidder,offense,35,0,6-3,2,6-3,12.582707405090332,6-3,0.0,6-3,0.0,1,1,1,False,0,0.0365738682448864,0,0.04778289794921875,0.04778289794921875,0.035590171813964844,called_suit_pressure|late_hand,first_trick_public_belief_update|late_trick_threshold_closure,high_variance_close_mean
5,840705,6,sixes,84,21,5,1,1,left_setter,defense,35,0,5-3,2,5-3,-12.320810317993164,3-3,1.0,3-3,0.0,1,2,2,True,0,0.12614595890045166,0,0.16134262084960938,0.16134262084960938,0.10631942749023438,late_hand,first_trick_public_belief_update|late_trick_threshold_closure,high_variance_close_mean|scalar_ev_lying_by_omission
5,840705,6,sixes,84,22,5,2,2,bidder_partner,offense,35,0,4-1,2,4-1,12.583473205566406,4-1,0.0,4-1,0.0,1,1,1,False,0,0.01146894134581089,0,0.016081809997558594,0.016081809997558594,0.011410713195800781,late_hand|partner_count_donation,first_trick_public_belief_update|late_trick_threshold_closure|partner_forcedness_and_safety,high_variance_close_mean
5,840705,6,sixes,84,23,5,3,3,right_setter,defense,35,0,3-1,2,3-1,-12.390924453735352,3-1,1.0,3-1,0.0,1,1,1,False,0,0.01412730012089014,0,0.014238357543945312,0.014017105102539062,0.014238357543945312,last_to_act|late_hand,first_trick_public_belief_update|last_to_act_closure_policy|late_trick_threshold_closure,high_variance_close_mean
5,840705,6,sixes,84,24,6,0,0,bidder,offense,41,0,4-3,1,4-3,3.627819538116455,4-3,0.0,4-3,0.0,1,1,1,False,0,0.15651771426200867,0,0.1589822769165039,0.1589822769165039,0.15409064292907715,late_hand,first_trick_public_belief_update|late_trick_threshold_closure,
5,840705,6,sixes,84,25,6,1,1,left_setter,defense,41,0,3-3,1,3-3,-6.40777587890625,3-3,1.0,3-3,0.0,1,1,1,False,0,0.0,0,0.0,0.0,0.0,late_hand,first_trick_public_belief_update|late_trick_threshold_closure,
5,840705,6,sixes,84,26,6,2,2,bidder_partner,offense,41,0,4-0,1,4-0,6.105888843536377,4-0,0.0,4-0,0.0,1,1,1,False,0,0.0,0,0.0,0.0,0.0,late_hand,first_trick_public_belief_update|late_trick_threshold_closure,
5,840705,6,sixes,84,27,6,3,3,right_setter,defense,41,0,1-0,1,1-0,-6.422531604766846,1-0,1.0,1-0,0.0,1,1,1,False,0,9.5367431640625e-07,0,0.0,0.0,0.0,last_to_act|late_hand,first_trick_public_belief_update|last_to_act_closure_policy|late_trick_threshold_closure,
