game_idx,seed,decl_id,decl_name,bid_value,bid_value_source,decision_idx,trick_idx,trick_position,actor,seat_role,team,partner_player,offense_score_before,defense_score_before,played_count_points_before,unplayed_count_points_public_before,current_trick_count_before,led_suit_before,led_suit_name_before,current_winner_before,current_winner_team_before,partner_currently_winning_before,opponent_currently_winning_before,actual_action_slot,actual_action_domino_id,actual_action_domino,candidate_slot,candidate_domino_id,candidate_domino,candidate_count_points,candidate_is_double,candidate_is_called_suit,candidate_can_follow_led,candidate_beats_current,candidate_would_win_trick_now,candidate_trick_rank,actor_hand_remaining_count,actor_hand_remaining_count_points,actor_hand_remaining_called_suit_count,actor_hand_remaining_double_count,legal_action_count,threshold_q,mean,std,threshold_mass,lower_tail_mass_le_neg18,q10,q25,q50,q75,q90,iqr,cvar_low_10,branch_entropy,branch_peak_count,branch_peak_bins,shelf_gap,samples,mean_rank_desc,threshold_rank_desc,lower_tail_rank_asc,mean_gap_to_best,threshold_gap_to_best,lower_tail_gap_to_safest,is_actual_action,is_top_mean_action,is_top_threshold_action,is_safest_lower_tail_action,high_variance_close_mean,scalar_ev_lying_by_omission,distribution_shape_tags,strategy_context_tags,matched_position_detectors,direct_label_readiness,missing_direct_label_fields,hidden_threat_available,hidden_threat_rows,top_hidden_impact_holder,top_hidden_impact_domino,top_hidden_impact_score,top_hidden_downside_holder,top_hidden_downside_domino,top_hidden_downside_score,top_hidden_upside_holder,top_hidden_upside_domino,top_hidden_upside_score
0,9420,0,blanks,30,schema_v2_fixed_cli_value,0,0,0,0,bidder,offense,2,0,0,0,35,0,,,,,False,False,0,0,0-0,0,0,0-0,0,True,True,,,True,,7,20,3,1,7,18.0,13.978635787963867,22.339641571044922,0.4779999852180481,0.10700000077486038,-19,-2,16,35,41,37,-27.369999999999994,5.922122105379794,2,26|41,15,1000,1,1,1,0.0,0.0,0.0,True,True,True,True,False,True,scalar_ev_lying_by_omission|multi_peak_pdf|high_std|hidden_threat_large_impact,bidder_opening_lead|called_suit_pressure|first_trick,bidder_first_lead_plan,hidden_threat_offline_label_ready|public_context_ready,bid_margin,True,8,2,5-5,16.213252351619303,1,5-5,9.951455518603325,2,5-5,15.70707079069689
0,9420,0,blanks,30,schema_v2_fixed_cli_value,0,0,0,0,bidder,offense,2,0,0,0,35,0,,,,,False,False,0,0,0-0,1,4,2-1,0,False,False,,,True,,7,20,3,1,7,18.0,0.23903629183769226,20.84547996520996,0.2199999988079071,0.20900000631809235,-24,-16,-3,14,35,30,-29.64,6.139709009852468,10,-19|-16|-15|-13|-11|-6|-2|-1|7|41,60,1000,6,7,3,13.739599496126175,0.257999986410141,0.10200000554323196,False,False,False,False,False,False,multi_peak_pdf|wide_shelf_gap|high_std|hidden_threat_large_impact,bidder_opening_lead|first_trick,bidder_first_lead_plan,hidden_threat_offline_label_ready|public_context_ready,bid_margin,True,8,2,2-2,15.969443082809448,3,2-2,8.313761852681637,2,2-2,15.314053431153297
0,9420,0,blanks,30,schema_v2_fixed_cli_value,0,0,0,0,bidder,offense,2,0,0,0,35,0,,,,,False,False,0,0,0-0,2,6,3-0,0,False,True,,,True,,7,20,3,1,7,18.0,0.28945139050483704,23.67316436767578,0.2720000147819519,0.27399998903274536,-29,-19,-4,20,39,39,-32.510000000000005,6.129785521753692,5,-21|-19|-17|6|41,62,1000,5,3,6,13.68918439745903,0.2059999704360962,0.16699998825788498,False,False,False,False,False,False,multi_peak_pdf|wide_shelf_gap|high_std|large_lower_tail|hidden_threat_large_impact,bidder_opening_lead|called_suit_pressure|first_trick,bidder_first_lead_plan,hidden_threat_offline_label_ready|public_context_ready,bid_margin,True,8,2,6-0,27.527448125183582,1,6-0,13.286583416163921,2,6-0,26.33373023942113
0,9420,0,blanks,30,schema_v2_fixed_cli_value,0,0,0,0,bidder,offense,2,0,0,0,35,0,,,,,False,False,0,0,0-0,3,8,3-2,5,False,False,,,True,,7,20,3,1,7,18.0,0.34595537185668945,21.626251220703125,0.2370000034570694,0.2280000001192093,-25,-17,-4,16,37,33,-29.620000000000005,6.088026567444012,12,-28|-25|-19|-18|-15|-9|-7|-5|-4|-2|5|41,69,1000,4,6,4,13.632680416107178,0.2409999817609787,0.12099999934434891,False,False,False,False,False,False,multi_peak_pdf|wide_shelf_gap|high_std|hidden_threat_large_impact,bidder_opening_lead|first_trick,bidder_first_lead_plan,hidden_threat_offline_label_ready|public_context_ready,bid_margin,True,8,2,3-3,15.818046405911446,2,4-3,9.395915620028973,2,3-3,15.057793222367764
0,9420,0,blanks,30,schema_v2_fixed_cli_value,0,0,0,0,bidder,offense,2,0,0,0,35,0,,,,,False,False,0,0,0-0,4,15,5-0,5,False,True,,,True,,7,20,3,1,7,18.0,-4.107511043548584,26.31812858581543,0.257999986410141,0.41999998688697815,-34,-28,-11,19,39,47,-36.15,6.110758508963659,7,-33|-29|-27|-23|-20|-18|41,74,1000,7,5,7,18.08614683151245,0.2199999988079071,0.31299998611211777,False,False,False,False,False,False,multi_peak_pdf|wide_shelf_gap|high_std|large_lower_tail|hidden_threat_large_impact,bidder_opening_lead|called_suit_pressure|first_trick,bidder_first_lead_plan,hidden_threat_offline_label_ready|public_context_ready,bid_margin,True,8,2,6-0,33.74500743299723,1,6-0,18.64906806498766,2,6-0,31.885392118245363
0,9420,0,blanks,30,schema_v2_fixed_cli_value,0,0,0,0,bidder,offense,2,0,0,0,35,0,,,,,False,False,0,0,0-0,5,19,5-4,0,False,False,,,True,,7,20,3,1,7,18.0,0.6950575113296509,23.09366798400879,0.26600000262260437,0.2630000114440918,-26,-19,-6,20,39,39,-30.049999999999997,6.025679676514339,6,-19|-16|-14|-9|4|41,60,1000,3,4,5,13.283578276634216,0.21199998259544373,0.15600001066923141,False,False,False,False,False,False,multi_peak_pdf|wide_shelf_gap|high_std|large_lower_tail|hidden_threat_large_impact,bidder_opening_lead|first_trick,bidder_first_lead_plan,hidden_threat_offline_label_ready|public_context_ready,bid_margin,True,8,2,5-5,26.23138824198395,3,5-5,14.97097136080265,2,5-5,24.94520662771538
0,9420,0,blanks,30,schema_v2_fixed_cli_value,0,0,0,0,bidder,offense,2,0,0,0,35,0,,,,,False,False,0,0,0-0,6,25,6-4,10,False,False,,,True,,7,20,3,1,7,18.0,2.753075361251831,21.85765266418457,0.28600001335144043,0.19300000369548798,-23,-15,-2,22,37,37,-28.060000000000002,6.092162610449012,7,-19|-15|-11|-8|-5|-1|41,60,1000,2,2,2,11.225560426712036,0.19199997186660767,0.0860000029206276,False,False,False,False,False,False,multi_peak_pdf|wide_shelf_gap|high_std|hidden_threat_large_impact,bidder_opening_lead|first_trick,bidder_first_lead_plan,hidden_threat_offline_label_ready|public_context_ready,bid_margin,True,8,2,6-6,16.947757750749588,3,6-6,10.198062300682068,2,6-6,16.550242379307747
0,9420,0,blanks,30,schema_v2_fixed_cli_value,1,0,1,1,left_setter,defense,3,0,0,0,35,0,7,called,0,offense,False,True,1,10,4-0,1,10,4-0,0,False,True,True,False,False,36,7,10,1,2,1,-17.0,-18.48149871826172,21.517894744873047,0.4580000042915344,0.5299999713897705,-42,-41,-19,-3,11,38,-42.0,5.456327666855388,4,-42|-19|-16|-7,35,1000,1,1,1,0.0,0.0,0.0,True,True,True,True,False,False,multi_peak_pdf|wide_shelf_gap|high_std|large_lower_tail|hidden_threat_large_impact,called_suit_pressure|first_setter_response|first_trick,first_setter_pounce_window,hidden_threat_offline_label_ready|needs_real_bid_margin,bid_margin,True,8,3,6-0,15.835419669747353,0,6-0,11.537529654800892,3,6-0,14.4631976634264
0,9420,0,blanks,30,schema_v2_fixed_cli_value,2,0,2,2,bidder_partner,offense,0,0,0,0,35,0,7,called,0,offense,True,False,1,3,2-0,1,3,2-0,0,False,True,True,False,False,34,7,5,1,3,1,18.0,1.47882080078125,24.548768997192383,0.27300000190734863,0.22300000488758087,-30,-17,-1,20,41,37,-37.95999999999999,6.00806937174138,6,-42|-18|-12|-6|6|41,83,1000,1,1,1,0.0,0.0,0.0,True,True,True,True,False,False,multi_peak_pdf|wide_shelf_gap|high_std|hidden_threat_large_impact,called_suit_pressure|first_trick|partner_third_seat_support,partner_third_seat_safe_donation,hidden_threat_offline_label_ready|public_context_ready,bid_margin,True,8,0,6-0,19.828350365161896,1,6-0,11.452327065169811,0,6-0,18.982337683439255
0,9420,0,blanks,30,schema_v2_fixed_cli_value,3,0,3,3,right_setter,defense,1,0,0,0,35,0,7,called,0,offense,False,True,0,1,1-0,0,1,1-0,0,False,True,True,False,False,33,7,0,2,1,2,-17.0,-1.454593300819397,20.397966384887695,0.7400000095367432,0.22699999809265137,-27,-17,-4,14,28,31,-32.14,6.125178398003409,9,-18|-14|-12|-9|-5|-3|-1|1|41,59,1000,1,1,1,0.0,0.0,0.0,True,True,True,True,True,True,scalar_ev_lying_by_omission|high_variance_close_mean|multi_peak_pdf|wide_shelf_gap|high_std|hidden_threat_large_impact,called_suit_pressure|defender_last_to_act_closure|first_trick|last_to_act,last_to_act_closure_policy,hidden_threat_offline_label_ready|public_context_ready,bid_margin,True,8,1,5-0,20.23428164049983,2,5-0,12.75778940320015,1,5-0,19.23163459263742
0,9420,0,blanks,30,schema_v2_fixed_cli_value,3,0,3,3,right_setter,defense,1,0,0,0,35,0,7,called,0,offense,False,True,0,1,1-0,3,21,6-0,0,False,True,True,False,False,38,7,0,2,1,2,-17.0,-15.341828346252441,24.398191452026367,0.4410000145435333,0.5509999990463257,-41,-37,-22,2,23,39,-41.79,5.909291930219761,5,-41|-37|-28|-24|41,82,1000,2,2,2,13.887235045433044,0.29899999499320984,0.3240000009536743,False,False,False,False,False,False,multi_peak_pdf|wide_shelf_gap|high_std|large_lower_tail|hidden_threat_large_impact,called_suit_pressure|defender_last_to_act_closure|first_trick|last_to_act,last_to_act_closure_policy,hidden_threat_offline_label_ready|public_context_ready,bid_margin,True,8,1,5-0,34.27616607397795,2,5-0,17.77211706340313,1,5-0,31.727048438042402
0,9420,0,blanks,30,schema_v2_fixed_cli_value,4,1,0,0,bidder,offense,2,1,0,0,35,0,,,,,False,False,6,25,6-4,1,4,2-1,0,False,False,,,True,,6,20,2,0,6,18.0,-2.5488643646240234,22.900699615478516,0.22200000286102295,0.32199999690055847,-29,-22,-8,15,37,37,-30.97,6.031353291709462,7,-30|-29|-25|-20|-15|-10|41,71,1000,3,5,3,3.4129823446273804,0.050000011920928955,0.06299999356269836,False,False,False,False,False,False,multi_peak_pdf|wide_shelf_gap|high_std|large_lower_tail|hidden_threat_large_impact,,first_trick_public_belief_update,hidden_threat_offline_label_ready|public_context_ready,bid_margin,True,8,2,2-2,20.51671977341175,3,2-2,9.999796450138092,2,2-2,19.294918544590473
0,9420,0,blanks,30,schema_v2_fixed_cli_value,4,1,0,0,bidder,offense,2,1,0,0,35,0,,,,,False,False,6,25,6-4,2,6,3-0,0,False,True,,,True,,6,20,2,0,6,18.0,0.8641179800033569,22.505874633789062,0.24799999594688416,0.2590000033378601,-27,-19,-2,18,40,37,-29.5,5.991895292386324,8,-29|-24|-22|-19|-14|-7|6|41,70,1000,1,2,1,0.0,0.02400001883506775,0.0,False,True,False,True,False,True,scalar_ev_lying_by_omission|multi_peak_pdf|wide_shelf_gap|high_std|large_lower_tail|hidden_threat_large_impact,called_suit_pressure,first_trick_public_belief_update,hidden_threat_offline_label_ready|public_context_ready,bid_margin,True,8,2,6-0,22.952224254608154,3,6-0,13.077909916639328,2,6-0,21.976064831018448
0,9420,0,blanks,30,schema_v2_fixed_cli_value,4,1,0,0,bidder,offense,2,1,0,0,35,0,,,,,False,False,6,25,6-4,3,8,3-2,5,False,False,,,True,,6,20,2,0,6,18.0,-3.4856088161468506,23.150100708007812,0.22499999403953552,0.35199999809265137,-29,-23,-9,15,35,38,-31.19,5.990920941968181,6,-29|-20|-18|-16|-7|42,71,1000,5,4,4,4.3497267961502075,0.04700002074241638,0.09299999475479126,False,False,False,False,False,False,multi_peak_pdf|wide_shelf_gap|high_std|large_lower_tail|hidden_threat_large_impact,,first_trick_public_belief_update,hidden_threat_offline_label_ready|public_context_ready,bid_margin,True,8,2,3-3,26.3885827511549,3,3-3,11.675392396748066,2,3-3,24.971720032393932
0,9420,0,blanks,30,schema_v2_fixed_cli_value,4,1,0,0,bidder,offense,2,1,0,0,35,0,,,,,False,False,6,25,6-4,4,15,5-0,5,False,True,,,True,,6,20,2,0,6,18.0,-7.2320780754089355,25.962373733520508,0.21899999678134918,0.4580000042915344,-35,-30,-16,11,40,41,-36.6,5.945552547287104,7,-35|-33|-32|-30|-19|-17|41,76,1000,6,6,6,8.096196055412292,0.05300001800060272,0.19900000095367432,False,False,False,False,False,False,multi_peak_pdf|wide_shelf_gap|high_std|large_lower_tail|hidden_threat_large_impact,called_suit_pressure,first_trick_public_belief_update,hidden_threat_offline_label_ready|public_context_ready,bid_margin,True,8,2,6-0,33.38738156855106,3,6-0,18.553711716085672,2,6-0,31.503178648650646
0,9420,0,blanks,30,schema_v2_fixed_cli_value,4,1,0,0,bidder,offense,2,1,0,0,35,0,,,,,False,False,6,25,6-4,5,19,5-4,0,False,False,,,True,,6,20,2,0,6,18.0,-2.9590892791748047,24.44409942626953,0.24799999594688416,0.4059999883174896,-30,-25,-10,18,36,43,-31.22,5.966441255534162,7,-30|-28|-24|-21|-18|-16|42,72,1000,4,3,5,3.8232072591781616,0.02400001883506775,0.14699998497962952,False,False,False,False,False,False,multi_peak_pdf|wide_shelf_gap|high_std|large_lower_tail|hidden_threat_large_impact,,first_trick_public_belief_update,hidden_threat_offline_label_ready|public_context_ready,bid_margin,True,8,2,5-5,33.2863013073802,3,5-5,15.921597838401794,2,5-5,31.28735726699233
0,9420,0,blanks,30,schema_v2_fixed_cli_value,4,1,0,0,bidder,offense,2,1,0,0,35,0,,,,,False,False,6,25,6-4,6,25,6-4,10,False,False,,,True,,6,20,2,0,6,18.0,0.31666773557662964,23.413488388061523,0.2720000147819519,0.2930000126361847,-28,-20,-4,20,38,40,-30.01,6.051666934108012,8,-29|-25|-23|-21|-19|-14|-12|41,70,1000,2,1,2,0.5474502444267273,0.0,0.034000009298324585,True,False,True,False,True,False,high_variance_close_mean|multi_peak_pdf|wide_shelf_gap|high_std|large_lower_tail|hidden_threat_large_impact,,first_trick_public_belief_update,hidden_threat_offline_label_ready|public_context_ready,bid_margin,True,8,2,6-6,25.637945994734764,1,6-6,14.31693946942687,2,6-6,24.471048913896084
0,9420,0,blanks,30,schema_v2_fixed_cli_value,5,1,1,1,left_setter,defense,3,1,0,10,25,10,6,6,0,offense,False,True,6,26,6-5,6,26,6-5,0,False,False,True,True,True,27,6,10,0,2,1,-17.0,3.06524920463562,27.44146156311035,0.7269999980926514,0.26100000739097595,-42,-18,4,27,41,45,-42.0,5.510457199698534,8,-42|-19|-7|4|16|19|28|41,83,1000,1,1,1,0.0,0.0,0.0,True,True,True,True,False,False,multi_peak_pdf|wide_shelf_gap|high_std|large_lower_tail|hidden_threat_large_impact,,first_trick_public_belief_update,hidden_threat_offline_label_ready|public_context_ready,bid_margin,True,8,3,6-0,20.002122029662132,2,6-6,17.512832462787628,3,6-0,19.057352535426617
0,9420,0,blanks,30,schema_v2_fixed_cli_value,6,1,2,2,bidder_partner,offense,0,1,0,10,25,10,6,6,1,defense,False,True,6,22,6-1,6,22,6-1,0,False,False,True,False,False,23,6,5,0,3,1,18.0,-30.516971588134766,15.634660720825195,0.01600000075995922,0.8140000104904175,-42,-42,-39,-25,-5,17,-42.0,4.316923809899504,3,-42|-34|-29,13,1000,1,1,1,0.0,0.0,0.0,True,True,True,True,False,False,multi_peak_pdf|high_std|large_lower_tail|hidden_threat_large_impact,,first_trick_public_belief_update,hidden_threat_offline_label_ready|public_context_ready,bid_margin,True,8,0,6-0,14.194703925400972,1,6-0,7.161421379074454,0,6-0,13.07303212955594
0,9420,0,blanks,30,schema_v2_fixed_cli_value,7,1,3,3,right_setter,defense,1,1,0,10,25,10,6,6,1,defense,True,False,5,24,6-3,4,23,6-2,0,False,False,True,False,False,24,6,0,1,1,3,-17.0,29.215972900390625,14.268655776977539,1.0,0.0,6,19,37,41,41,22,0.15999999999999864,4.450835844421633,3,24|28|41,17,1000,3,1,1,0.10987663269042969,0.0,0.0,False,False,True,True,False,False,multi_peak_pdf|hidden_threat_large_impact,last_to_act,first_trick_public_belief_update|last_to_act_closure_policy,hidden_threat_offline_label_ready|public_context_ready,bid_margin,True,8,1,5-0,12.932283163070679,0,5-0,6.985507965087891,1,5-0,12.932283163070679
0,9420,0,blanks,30,schema_v2_fixed_cli_value,7,1,3,3,right_setter,defense,1,1,0,10,25,10,6,6,1,defense,True,False,5,24,6-3,5,24,6-3,0,False,False,True,False,False,25,6,0,1,1,3,-17.0,29.325849533081055,14.304394721984863,1.0,0.0,6,19,37,41,41,22,0.20999999999999963,4.396120916975048,2,28|41,13,1000,1,2,2,0.0,0.0,0.0,True,True,False,False,True,True,scalar_ev_lying_by_omission|high_variance_close_mean|multi_peak_pdf|hidden_threat_large_impact,last_to_act,first_trick_public_belief_update|last_to_act_closure_policy,hidden_threat_offline_label_ready|public_context_ready,bid_margin,True,8,1,5-0,12.935206413269043,0,5-0,6.94374293088913,1,5-0,12.935206413269043
0,9420,0,blanks,30,schema_v2_fixed_cli_value,7,1,3,3,right_setter,defense,1,1,0,10,25,10,6,6,1,defense,True,False,5,24,6-3,6,27,6-6,0,True,False,True,True,True,30,6,0,1,1,3,-17.0,29.32209014892578,15.4472017288208,1.0,0.0,4,19,38,41,41,22,-5.240000000000002,4.324596178238575,3,17|28|41,24,1000,2,3,3,0.0037593841552734375,0.0,0.0,False,False,False,False,True,False,high_variance_close_mean|multi_peak_pdf|wide_shelf_gap|high_std|hidden_threat_large_impact,last_to_act,first_trick_public_belief_update|last_to_act_closure_policy,hidden_threat_offline_label_ready|public_context_ready,bid_margin,True,8,1,5-0,12.334377527236938,0,5-0,6.742262184619904,1,5-0,12.334377527236938
0,9420,0,blanks,30,schema_v2_fixed_cli_value,8,2,0,1,left_setter,defense,3,1,11,10,25,0,,,,,False,False,2,14,4-4,0,7,3-1,0,False,False,,,True,,5,10,0,2,5,-17.0,-9.218828201293945,21.05147933959961,0.5730000138282776,0.421999990940094,-32,-31,-9,5,22,36,-32.21,5.134209377665058,7,-32|-10|-7|-4|3|18|31,63,1000,3,2,2,5.305087566375732,0.046000003814697266,0.054999977350234985,False,False,False,False,False,False,multi_peak_pdf|wide_shelf_gap|high_std|large_lower_tail|hidden_threat_large_impact,setter_lead_pressure,defender_damage_lead_class|first_trick_public_belief_update,hidden_threat_offline_label_ready|needs_real_bid_margin|public_context_ready,bid_margin,True,8,3,6-0,24.039020597934723,0,6-0,12.121957913041115,3,6-0,21.929020643234253
0,9420,0,blanks,30,schema_v2_fixed_cli_value,8,2,0,1,left_setter,defense,3,1,11,10,25,0,,,,,False,False,2,14,4-4,2,14,4-4,0,True,False,,,True,,5,10,0,2,5,-17.0,-3.913740634918213,21.454517364501953,0.6190000176429749,0.367000013589859,-32,-23,-6,14,31,37,-32.15,5.590085643398273,5,-32|-24|-22|-19|31,63,1000,1,1,1,0.0,0.0,0.0,True,True,True,True,True,True,scalar_ev_lying_by_omission|high_variance_close_mean|multi_peak_pdf|wide_shelf_gap|high_std|large_lower_tail|hidden_threat_large_impact,setter_lead_pressure,defender_damage_lead_class|first_trick_public_belief_update,hidden_threat_offline_label_ready|needs_real_bid_margin|public_context_ready,bid_margin,True,8,3,6-0,25.534593850374222,0,6-0,13.64045848697424,3,6-0,23.699593782424927
0,9420,0,blanks,30,schema_v2_fixed_cli_value,8,2,0,1,left_setter,defense,3,1,11,10,25,0,,,,,False,False,2,14,4-4,3,16,5-1,0,False,False,,,True,,5,10,0,2,5,-17.0,-10.942256927490234,21.230426788330078,0.5220000147819519,0.46799999475479126,-32,-31,-14,4,23,35,-32.2,5.002853205804288,5,-32|-9|-3|17|31,63,1000,5,5,5,7.0285162925720215,0.09700000286102295,0.10099998116493225,False,False,False,False,False,False,multi_peak_pdf|wide_shelf_gap|high_std|large_lower_tail|hidden_threat_large_impact,setter_lead_pressure,defender_damage_lead_class|first_trick_public_belief_update,hidden_threat_offline_label_ready|needs_real_bid_margin|public_context_ready,bid_margin,True,8,3,6-0,26.435625672340393,0,6-0,13.245816066861153,3,6-0,24.095625698566437
0,9420,0,blanks,30,schema_v2_fixed_cli_value,8,2,0,1,left_setter,defense,3,1,11,10,25,0,,,,,False,False,2,14,4-4,4,18,5-3,0,False,False,,,True,,5,10,0,2,5,-17.0,-10.88679313659668,21.258594512939453,0.5270000100135803,0.4659999907016754,-32,-31,-14,4,23,35,-32.18,5.000245883257198,4,-32|-7|-3|31,63,1000,4,4,4,6.973052501678467,0.09200000762939453,0.0989999771118164,False,False,False,False,False,False,multi_peak_pdf|wide_shelf_gap|high_std|large_lower_tail|hidden_threat_large_impact,setter_lead_pressure,defender_damage_lead_class|first_trick_public_belief_update,hidden_threat_offline_label_ready|needs_real_bid_margin|public_context_ready,bid_margin,True,8,3,6-0,26.543687880039215,0,6-0,13.412392035126686,3,6-0,24.213687926530838
0,9420,0,blanks,30,schema_v2_fixed_cli_value,8,2,0,1,left_setter,defense,3,1,11,10,25,0,,,,,False,False,2,14,4-4,5,20,5-5,10,True,False,,,True,,5,10,0,2,5,-17.0,-6.293001174926758,22.587589263916016,0.5659999847412109,0.4259999990463257,-32,-30,-9,13,31,43,-32.18,5.3638493689106035,4,-32|1|18|31,63,1000,2,3,3,2.379260540008545,0.053000032901763916,0.058999985456466675,False,False,False,False,False,False,multi_peak_pdf|wide_shelf_gap|high_std|large_lower_tail|hidden_threat_large_impact,setter_count_pressure|setter_lead_pressure,defender_damage_lead_class|first_trick_public_belief_update|setter_count_before_certainty,hidden_threat_offline_label_ready|needs_real_bid_margin|public_context_ready,bid_margin,True,8,3,5-0,19.453582108020782,3,5-4,15.911041922867298,3,5-0,18.010483101010323
0,9420,0,blanks,30,schema_v2_fixed_cli_value,9,2,1,2,bidder_partner,offense,0,1,11,10,25,0,4,4,1,defense,False,True,4,11,4-1,4,11,4-1,5,False,False,True,False,False,21,5,5,0,3,1,18.0,-14.793014526367188,21.168542861938477,0.13600000739097595,0.5879999995231628,-33,-32,-23,-2,21,30,-33.72,5.120760953363155,5,-32|-21|-19|-18|32,64,1000,1,1,1,0.0,0.0,0.0,True,True,True,True,False,False,multi_peak_pdf|wide_shelf_gap|high_std|large_lower_tail|hidden_threat_large_impact,partner_count_donation,first_trick_public_belief_update|partner_forcedness_and_safety,hidden_threat_offline_label_ready|needs_belief_model|public_context_ready,bid_margin,True,8,0,6-0,20.3009512424469,0,5-4,10.041684340685606,0,6-0,18.822489768266678
0,9420,0,blanks,30,schema_v2_fixed_cli_value,10,2,2,3,right_setter,defense,1,1,11,15,20,5,4,4,1,defense,True,False,2,13,4-3,1,12,4-2,0,False,False,True,False,False,22,5,0,1,1,2,-17.0,13.740774154663086,21.009550094604492,0.9150000214576721,0.07800000160932541,-15,-6,13,35,38,41,-21.389999999999997,5.677211807471774,6,-8|3|6|9|36|38,46,1000,2,2,2,1.4744205474853516,0.019999980926513672,0.02199999988079071,False,False,False,False,False,False,multi_peak_pdf|wide_shelf_gap|high_std|hidden_threat_large_impact,,first_trick_public_belief_update,hidden_threat_offline_label_ready|public_context_ready,bid_margin,True,8,1,5-0,21.741262204013765,0,5-0,15.228328883647919,1,5-0,21.368444326799363
0,9420,0,blanks,30,schema_v2_fixed_cli_value,10,2,2,3,right_setter,defense,1,1,11,15,20,5,4,4,1,defense,True,False,2,13,4-3,2,13,4-3,0,False,False,True,False,False,23,5,0,1,1,2,-17.0,15.215194702148438,20.168516159057617,0.9350000023841858,0.0560000017285347,-14,-2,16,36,38,38,-19.059999999999995,5.635599671473888,5,-14|4|8|36|38,52,1000,1,1,1,0.0,0.0,0.0,True,True,True,True,True,True,scalar_ev_lying_by_omission|high_variance_close_mean|multi_peak_pdf|wide_shelf_gap|high_std|hidden_threat_large_impact,,first_trick_public_belief_update,hidden_threat_offline_label_ready|public_context_ready,bid_margin,True,8,1,5-0,21.554509139619768,0,5-0,14.87961246073246,1,5-0,21.29169126180932
0,9420,0,blanks,30,schema_v2_fixed_cli_value,11,2,3,0,bidder,offense,2,1,11,15,20,5,4,4,1,defense,False,True,5,19,5-4,5,19,5-4,0,False,False,True,False,False,25,5,10,2,0,1,18.0,0.2713850438594818,17.68878173828125,0.22100000083446503,0.18199999630451202,-21,-16,-1,15,28,31,-23.37,5.444057467659044,6,-22|-18|-16|-13|3|28,50,1000,1,1,1,0.0,0.0,0.0,True,True,True,True,False,False,multi_peak_pdf|wide_shelf_gap|high_std|hidden_threat_large_impact,last_to_act,first_trick_public_belief_update|last_to_act_closure_policy,hidden_threat_offline_label_ready|public_context_ready,bid_margin,True,8,2,6-0,23.55168115347624,3,6-0,17.538953110575676,2,6-0,22.68659135326743
0,9420,0,blanks,30,schema_v2_fixed_cli_value,12,3,0,1,left_setter,defense,3,1,17,15,20,0,,,,,False,False,0,7,3-1,0,7,3-1,0,False,False,,,True,,4,10,0,1,4,-17.0,-8.790801048278809,21.251405715942383,0.5659999847412109,0.4269999861717224,-30,-30,-10,6,28,36,-30.019999999999996,4.345778857047828,4,-30|-4|28|30,60,1000,1,1,1,0.0,0.0,0.0,True,True,True,True,True,True,scalar_ev_lying_by_omission|high_variance_close_mean|multi_peak_pdf|wide_shelf_gap|high_std|large_lower_tail|hidden_threat_large_impact,setter_lead_pressure,defender_damage_lead_class|first_trick_public_belief_update,hidden_threat_offline_label_ready|needs_real_bid_margin|public_context_ready,bid_margin,True,8,3,6-0,25.363605171442032,3,3-2,15.867099568247795,3,6-0,23.22860524058342
0,9420,0,blanks,30,schema_v2_fixed_cli_value,12,3,0,1,left_setter,defense,3,1,17,15,20,0,,,,,False,False,0,7,3-1,3,16,5-1,0,False,False,,,True,,4,10,0,1,4,-17.0,-11.771729469299316,19.906587600708008,0.5139999985694885,0.47999998927116394,-30,-30,-15,-1,22,29,-30.01,4.295989362021641,3,-30|-5|30,60,1000,4,3,3,2.980928421020508,0.05199998617172241,0.05300000309944153,False,False,False,False,False,False,multi_peak_pdf|wide_shelf_gap|high_std|large_lower_tail|hidden_threat_large_impact,setter_lead_pressure,defender_damage_lead_class|first_trick_public_belief_update,hidden_threat_offline_label_ready|needs_real_bid_margin|public_context_ready,bid_margin,True,8,3,6-0,25.754725515842438,0,6-0,15.248378153890371,3,6-0,23.354725569486618
0,9420,0,blanks,30,schema_v2_fixed_cli_value,12,3,0,1,left_setter,defense,3,1,17,15,20,0,,,,,False,False,0,7,3-1,4,18,5-3,0,False,False,,,True,,4,10,0,1,4,-17.0,-9.930902481079102,20.447885513305664,0.5379999876022339,0.45899999141693115,-30,-30,-13,3,25,33,-30.01,4.521025687269257,3,-30|-4|30,60,1000,2,2,2,1.140101432800293,0.02799999713897705,0.03200000524520874,False,False,False,False,False,False,multi_peak_pdf|wide_shelf_gap|high_std|large_lower_tail|hidden_threat_large_impact,setter_lead_pressure,defender_damage_lead_class|first_trick_public_belief_update,hidden_threat_offline_label_ready|needs_real_bid_margin|public_context_ready,bid_margin,True,8,3,6-0,25.875909611582756,0,6-0,15.010004403069615,3,6-0,23.5809096544981
0,9420,0,blanks,30,schema_v2_fixed_cli_value,12,3,0,1,left_setter,defense,3,1,17,15,20,0,,,,,False,False,0,7,3-1,5,20,5-5,10,True,False,,,True,,4,10,0,1,4,-17.0,-11.242579460144043,20.42794418334961,0.4819999933242798,0.5139999985694885,-30,-30,-20,4,24,34,-30.01,4.489169376658926,6,-30|-27|-5|-4|5|30,60,1000,3,4,4,2.4517784118652344,0.08399999141693115,0.08700001239776611,False,False,False,False,False,False,multi_peak_pdf|wide_shelf_gap|high_std|large_lower_tail|hidden_threat_large_impact,setter_count_pressure|setter_lead_pressure,defender_damage_lead_class|first_trick_public_belief_update|setter_count_before_certainty,hidden_threat_offline_label_ready|needs_real_bid_margin|public_context_ready,bid_margin,True,8,3,6-0,19.758984357118607,3,5-2,17.699293956160545,3,6-0,18.153376042842865
0,9420,0,blanks,30,schema_v2_fixed_cli_value,13,3,1,2,bidder_partner,offense,0,1,17,15,20,0,3,3,1,defense,False,True,3,9,3-3,3,9,3-3,0,True,False,True,True,True,30,4,0,0,3,1,18.0,1.2659348249435425,21.00275230407715,0.24799999594688416,0.20000000298023224,-30,-17,4,18,30,35,-30.08,5.291763643954426,8,-30|-17|-11|6|12|17|28|30,60,1000,1,1,1,0.0,0.0,0.0,True,True,True,True,False,False,multi_peak_pdf|wide_shelf_gap|high_std|hidden_threat_large_impact,,first_trick_public_belief_update,hidden_threat_offline_label_ready|public_context_ready,bid_margin,True,8,0,6-0,17.496250450611115,0,5-3,11.087208703160286,0,6-0,16.861418962478638
0,9420,0,blanks,30,schema_v2_fixed_cli_value,14,3,2,3,right_setter,defense,1,1,17,15,20,0,3,3,2,offense,False,True,4,23,6-2,1,12,4-2,0,False,False,False,False,False,0,4,0,1,1,4,-17.0,1.5276778936386108,14.454334259033203,0.8930000066757202,0.0689999982714653,-17,-7,-1,13,25,20,-21.680000000000003,5.33263322839564,11,-28|-18|-12|-9|-6|2|5|13|15|17|28,56,1000,3,3,3,0.19417011737823486,0.0040000081062316895,0.0040000006556510925,False,False,False,False,True,False,high_variance_close_mean|multi_peak_pdf|wide_shelf_gap|hidden_threat_large_impact,,first_trick_public_belief_update,hidden_threat_offline_label_ready|public_context_ready,bid_margin,True,8,1,5-0,16.081307128071785,0,5-0,8.873496922897175,1,5-0,15.736307136714458
0,9420,0,blanks,30,schema_v2_fixed_cli_value,14,3,2,3,right_setter,defense,1,1,17,15,20,0,3,3,2,offense,False,True,4,23,6-2,3,21,6-0,0,False,True,False,True,True,38,4,0,1,1,4,-17.0,-6.317028045654297,19.934078216552734,0.5979999899864197,0.3319999873638153,-28,-28,-11,9,30,37,-28.01,4.711713561523212,6,-28|-17|-11|8|13|30,58,1000,4,4,4,8.038876056671143,0.2990000247955322,0.2669999897480011,False,False,False,False,False,False,multi_peak_pdf|wide_shelf_gap|high_std|large_lower_tail|hidden_threat_large_impact,called_suit_pressure,first_trick_public_belief_update,hidden_threat_offline_label_ready|public_context_ready,bid_margin,True,8,1,5-0,30.78031814098358,2,5-0,13.39645004272461,1,5-0,29.120318204164505
0,9420,0,blanks,30,schema_v2_fixed_cli_value,14,3,2,3,right_setter,defense,1,1,17,15,20,0,3,3,2,offense,False,True,4,23,6-2,4,23,6-2,0,False,False,False,False,False,0,4,0,1,1,4,-17.0,1.6602641344070435,14.366963386535645,0.8970000147819519,0.06800000369548798,-17,-7,0,13,25,20,-21.37,5.308902452885023,10,-28|-18|-12|-6|-4|1|5|13|17|28,56,1000,2,1,2,0.061583876609802246,0.0,0.003000006079673767,True,False,True,False,False,False,multi_peak_pdf|wide_shelf_gap|hidden_threat_large_impact,,first_trick_public_belief_update,hidden_threat_offline_label_ready|public_context_ready,bid_margin,True,8,1,5-0,16.07467983663082,0,5-0,8.839706908212975,1,5-0,15.734679818153381
0,9420,0,blanks,30,schema_v2_fixed_cli_value,14,3,2,3,right_setter,defense,1,1,17,15,20,0,3,3,2,offense,False,True,4,23,6-2,6,27,6-6,0,True,False,False,False,False,0,4,0,1,1,4,-17.0,1.7218480110168457,14.35612964630127,0.8970000147819519,0.06499999761581421,-17,-7,0,13,25,20,-21.249999999999996,5.345320368554533,12,-28|-18|-12|-9|-6|-3|2|5|6|14|17|28,56,1000,1,2,1,0.0,0.0,0.0,False,True,False,True,False,True,scalar_ev_lying_by_omission|multi_peak_pdf|wide_shelf_gap|hidden_threat_large_impact,,first_trick_public_belief_update,hidden_threat_offline_label_ready|public_context_ready,bid_margin,True,8,1,5-0,16.060548558831215,0,5-0,8.854986096965149,1,5-0,15.735548570752144
0,9420,0,blanks,30,schema_v2_fixed_cli_value,15,3,3,0,bidder,offense,2,1,17,15,20,0,3,3,2,offense,True,False,3,8,3-2,3,8,3-2,5,False,False,True,False,False,21,4,10,2,0,1,18.0,23.5637149810791,9.860562324523926,0.7730000019073486,0.0,5,26,28,30,30,4,3.9099999999999993,2.934415736025298,3,5|28|30,25,1000,1,1,1,0.0,0.0,0.0,True,True,True,True,False,False,multi_peak_pdf|wide_shelf_gap|hidden_threat_large_impact,last_to_act,first_trick_public_belief_update|last_to_act_closure_policy,hidden_threat_offline_label_ready|public_context_ready,bid_margin,True,8,2,6-0,9.057868480682373,3,6-0,5.005824685096741,2,6-0,9.057868480682373
0,9420,0,blanks,30,schema_v2_fixed_cli_value,16,4,0,2,bidder_partner,offense,0,7,17,20,15,0,,,,,False,False,2,5,2-2,0,2,1-1,0,True,False,,,True,,3,0,0,2,3,18.0,-8.335668563842773,17.084035873413086,0.1379999965429306,0.48500001430511475,-24,-24,-16,3,22,27,-24.000000000000004,4.223167034905625,5,-24|-11|0|22|24,48,1000,1,2,2,0.0,0.0040000081062316895,0.005000025033950806,False,True,False,False,True,True,scalar_ev_lying_by_omission|high_variance_close_mean|multi_peak_pdf|wide_shelf_gap|high_std|large_lower_tail|hidden_threat_large_impact,late_hand,first_trick_public_belief_update|late_trick_threshold_closure,distribution_labels_ready|hidden_threat_offline_label_ready|public_context_ready,bid_margin,True,8,0,6-0,19.865071415901184,0,2-1,12.501109309494495,0,6-0,18.101088270545006
0,9420,0,blanks,30,schema_v2_fixed_cli_value,16,4,0,2,bidder_partner,offense,0,7,17,20,15,0,,,,,False,False,2,5,2-2,2,5,2-2,0,True,False,,,True,,3,0,0,2,3,18.0,-8.370203018188477,17.165069580078125,0.1420000046491623,0.47999998927116394,-24,-24,-16,2,22,26,-24.000000000000004,4.267516715652228,6,-24|-22|-11|0|22|24,48,1000,2,1,1,0.034534454345703125,0.0,0.0,True,False,True,True,True,False,high_variance_close_mean|multi_peak_pdf|wide_shelf_gap|high_std|large_lower_tail|hidden_threat_large_impact,late_hand,first_trick_public_belief_update|late_trick_threshold_closure,distribution_labels_ready|hidden_threat_offline_label_ready|public_context_ready,bid_margin,True,8,0,6-0,19.219183087348938,0,2-1,13.496843680739403,0,6-0,17.514098420739174
0,9420,0,blanks,30,schema_v2_fixed_cli_value,16,4,0,2,bidder_partner,offense,0,7,17,20,15,0,,,,,False,False,2,5,2-2,5,17,5-2,0,False,False,,,True,,3,0,0,2,3,18.0,-13.633404731750488,14.4254732131958,0.0820000022649765,0.6150000095367432,-24,-24,-22,-4,5,20,-24.000000000000004,3.62283791380596,4,-24|-11|0|24,48,1000,3,3,3,5.297736167907715,0.06000000238418579,0.13500002026557922,False,False,False,False,False,False,multi_peak_pdf|wide_shelf_gap|large_lower_tail|hidden_threat_large_impact,late_hand,first_trick_public_belief_update|late_trick_threshold_closure,distribution_labels_ready|hidden_threat_offline_label_ready|public_context_ready,bid_margin,True,8,0,6-0,14.10075494647026,0,5-1,9.889529034495354,0,6-0,12.618975281715393
0,9420,0,blanks,30,schema_v2_fixed_cli_value,17,4,1,3,right_setter,defense,1,7,17,20,15,0,2,2,2,offense,False,True,1,12,4-2,1,12,4-2,0,False,False,True,False,False,22,3,0,1,1,1,-17.0,9.755520820617676,13.815204620361328,0.9390000104904175,0.052000001072883606,-9,-1,12,22,24,23,-16.86,3.8706112608998633,5,-21|-1|20|22|24,45,1000,1,1,1,0.0,0.0,0.0,True,True,True,True,False,False,multi_peak_pdf|wide_shelf_gap|hidden_threat_large_impact,late_hand,first_trick_public_belief_update|late_trick_threshold_closure,distribution_labels_ready|hidden_threat_offline_label_ready|public_context_ready,bid_margin,True,8,1,5-0,14.318118065595627,0,5-0,10.947883129119873,1,5-0,14.058118060231209
0,9420,0,blanks,30,schema_v2_fixed_cli_value,18,4,2,0,bidder,offense,2,7,17,20,15,0,2,2,2,offense,True,False,1,4,2-1,1,4,2-1,0,False,False,True,False,False,19,3,5,2,0,1,18.0,12.712861061096191,11.919227600097656,0.5820000171661377,0.0,-3,0,21,22,24,22,-5.86,3.3805022257864774,5,-7|-3|1|22|24,31,1000,1,1,1,0.0,0.0,0.0,True,True,True,True,False,False,multi_peak_pdf|wide_shelf_gap|hidden_threat_large_impact,late_hand,first_trick_public_belief_update|late_trick_threshold_closure,distribution_labels_ready|hidden_threat_offline_label_ready|public_context_ready,bid_margin,True,8,2,6-0,15.463541507720947,3,6-0,8.309431374073029,2,6-0,15.463541507720947
0,9420,0,blanks,30,schema_v2_fixed_cli_value,19,4,3,1,left_setter,defense,3,7,17,20,15,0,2,2,2,offense,False,True,3,16,5-1,3,16,5-1,0,False,False,False,False,False,0,3,10,0,1,3,-17.0,-9.260951042175293,18.044857025146484,0.43799999356269836,0.5619999766349792,-24,-24,-24,2,20,26,-24.000000000000004,2.4257149794396295,5,-24|-1|5|19|22,46,1000,1,1,1,0.0,0.0,0.0,True,True,True,True,True,True,scalar_ev_lying_by_omission|high_variance_close_mean|multi_peak_pdf|wide_shelf_gap|high_std|large_lower_tail|hidden_threat_large_impact,last_to_act|late_hand,first_trick_public_belief_update|last_to_act_closure_policy|late_trick_threshold_closure,distribution_labels_ready|hidden_threat_offline_label_ready|public_context_ready,bid_margin,True,8,3,6-0,28.4374577999115,0,6-0,15.227460324764252,3,6-0,25.627457916736603
0,9420,0,blanks,30,schema_v2_fixed_cli_value,19,4,3,1,left_setter,defense,3,7,17,20,15,0,2,2,2,offense,False,True,3,16,5-1,4,18,5-3,0,False,False,False,False,False,0,3,10,0,1,3,-17.0,-9.57287883758545,17.857656478881836,0.43799999356269836,0.5619999766349792,-24,-24,-24,1,20,25,-24.000000000000004,2.382726262747683,5,-24|-1|5|19|22,46,1000,2,2,2,0.31192779541015625,0.0,0.0,False,False,False,False,True,False,high_variance_close_mean|multi_peak_pdf|wide_shelf_gap|high_std|large_lower_tail|hidden_threat_large_impact,last_to_act|late_hand,first_trick_public_belief_update|last_to_act_closure_policy|late_trick_threshold_closure,distribution_labels_ready|hidden_threat_offline_label_ready|public_context_ready,bid_margin,True,8,3,6-0,28.674705266952515,0,6-0,15.559176862239838,3,6-0,25.86470538377762
0,9420,0,blanks,30,schema_v2_fixed_cli_value,19,4,3,1,left_setter,defense,3,7,17,20,15,0,2,2,2,offense,False,True,3,16,5-1,5,20,5-5,10,True,False,False,False,False,0,3,10,0,1,3,-17.0,-17.68224334716797,9.388392448425293,0.3400000035762787,0.6470000147819519,-24,-24,-24,-14,-1,10,-24.000000000000004,2.390942611422377,7,-24|-22|-20|-17|-14|-1|1,25,1000,3,3,3,8.421292304992676,0.09799998998641968,0.08500003814697266,False,False,False,False,False,False,multi_peak_pdf|wide_shelf_gap|large_lower_tail|hidden_threat_large_impact,last_to_act|late_hand|setter_count_pressure,first_trick_public_belief_update|last_to_act_closure_policy|late_trick_threshold_closure|setter_count_before_certainty,distribution_labels_ready|hidden_threat_offline_label_ready|needs_real_bid_margin|public_context_ready,bid_margin,True,8,3,6-0,12.64328944683075,0,6-0,7.275660395622253,3,6-0,10.650979459285736
0,9420,0,blanks,30,schema_v2_fixed_cli_value,20,5,0,2,bidder_partner,offense,0,8,17,20,15,0,,,,,False,False,5,17,5-2,0,2,1-1,0,True,False,,,True,,2,0,0,1,2,18.0,-10.57620906829834,15.021180152893066,0.10199999809265137,0.5210000276565552,-23,-23,-22,-3,19,20,-23.0,3.2575297190726085,7,-23|-19|-10|-7|-3|1|23,46,1000,1,2,1,0.0,0.05400000512599945,0.0,False,True,False,True,True,True,scalar_ev_lying_by_omission|high_variance_close_mean|multi_peak_pdf|wide_shelf_gap|high_std|large_lower_tail|hidden_threat_large_impact,late_hand,first_trick_public_belief_update|late_trick_threshold_closure,distribution_labels_ready|hidden_threat_offline_label_ready|public_context_ready,bid_margin,True,8,0,6-0,20.4793418943882,1,6-0,14.561236381530762,0,6-0,18.20221059024334
0,9420,0,blanks,30,schema_v2_fixed_cli_value,20,5,0,2,bidder_partner,offense,0,8,17,20,15,0,,,,,False,False,5,17,5-2,5,17,5-2,0,False,False,,,True,,2,0,0,1,2,18.0,-11.11583423614502,16.44080352783203,0.15600000321865082,0.5960000157356262,-23,-23,-22,-5,22,18,-23.0,3.284371478580478,6,-23|-20|-16|-6|3|23,46,1000,2,1,2,0.5396251678466797,0.0,0.07499998807907104,True,False,True,False,True,False,high_variance_close_mean|multi_peak_pdf|wide_shelf_gap|high_std|large_lower_tail|hidden_threat_large_impact,late_hand,first_trick_public_belief_update|late_trick_threshold_closure,distribution_labels_ready|hidden_threat_offline_label_ready|public_context_ready,bid_margin,True,8,0,6-0,16.839939262717962,0,5-5,13.323162242770195,0,6-0,14.909119512885809
0,9420,0,blanks,30,schema_v2_fixed_cli_value,21,5,1,3,right_setter,defense,1,8,17,20,15,0,5,5,2,offense,False,True,6,27,6-6,3,21,6-0,0,False,True,False,True,True,38,2,0,1,1,2,-17.0,7.767850875854492,14.634907722473145,0.8759999871253967,0.12399999797344208,-21,0,4,23,23,23,-21.0,2.4341230196177954,5,-21|0|4|8|23,44,1000,2,2,2,4.304476737976074,0.09200000762939453,0.09199999645352364,False,False,False,False,False,False,multi_peak_pdf|wide_shelf_gap|hidden_threat_large_impact,called_suit_pressure|late_hand,first_trick_public_belief_update|late_trick_threshold_closure,distribution_labels_ready|hidden_threat_offline_label_ready|public_context_ready,bid_margin,True,8,1,5-0,22.283743530511856,0,5-0,14.304648786783218,1,5-0,21.663743540644646
0,9420,0,blanks,30,schema_v2_fixed_cli_value,21,5,1,3,right_setter,defense,1,8,17,20,15,0,5,5,2,offense,False,True,6,27,6-6,6,27,6-6,0,True,False,False,False,False,0,2,0,1,1,2,-17.0,12.072327613830566,13.598496437072754,0.9679999947547913,0.03200000151991844,-6,0,23,23,23,23,-14.89,2.517398517692296,10,-19|-17|-6|-4|-2|0|2|11|21|23,42,1000,1,1,1,0.0,0.0,0.0,True,True,True,True,True,False,high_variance_close_mean|multi_peak_pdf|wide_shelf_gap|hidden_threat_large_impact,late_hand,first_trick_public_belief_update|late_trick_threshold_closure,distribution_labels_ready|hidden_threat_offline_label_ready|public_context_ready,bid_margin,True,8,0,5-3,15.306248746812344,1,5-3,9.565469846129417,0,5-3,15.146248739212751
0,9420,0,blanks,30,schema_v2_fixed_cli_value,22,5,2,0,bidder,offense,2,8,17,20,15,0,5,5,2,offense,True,False,4,15,5-0,2,6,3-0,0,False,True,False,True,True,35,2,5,2,0,2,18.0,-6.660940647125244,16.33945655822754,0.17399999499320984,0.4950000047683716,-21,-21,-1,-1,23,20,-21.0,1.4691286508225683,3,-21|-1|23,44,1000,2,2,2,11.50894832611084,0.16600000858306885,0.4950000047683716,False,False,False,False,False,False,multi_peak_pdf|wide_shelf_gap|high_std|large_lower_tail|hidden_threat_large_impact,called_suit_pressure|late_hand,first_trick_public_belief_update|late_trick_threshold_closure,distribution_labels_ready|hidden_threat_offline_label_ready|public_context_ready,bid_margin,True,8,2,6-0,42.84272915124893,2,5-5,20.31005796790123,2,6-0,40.367729127407074
0,9420,0,blanks,30,schema_v2_fixed_cli_value,22,5,2,0,bidder,offense,2,8,17,20,15,0,5,5,2,offense,True,False,4,15,5-0,4,15,5-0,5,False,True,False,True,True,37,2,5,2,0,2,18.0,4.848007678985596,14.96975040435791,0.3400000035762787,0.0,-11,-11,17,18,23,29,-11.0,2.245146703284528,4,-11|-8|18|23,34,1000,1,1,1,0.0,0.0,0.0,True,True,True,True,True,False,high_variance_close_mean|multi_peak_pdf|wide_shelf_gap|hidden_threat_large_impact,called_suit_pressure|late_hand,first_trick_public_belief_update|late_trick_threshold_closure,distribution_labels_ready|hidden_threat_offline_label_ready|public_context_ready,bid_margin,True,8,2,6-0,24.729226171970367,2,5-5,17.47331115603447,2,6-0,24.729226171970367
0,9420,0,blanks,30,schema_v2_fixed_cli_value,23,5,3,1,left_setter,defense,3,8,17,25,10,5,5,5,0,offense,False,True,4,18,5-3,4,18,5-3,0,False,False,True,False,False,24,2,10,0,1,2,-17.0,-11.973672866821289,15.321374893188477,0.3409999907016754,0.6589999794960022,-23,-23,-23,9,10,32,-23.0,1.2666687618909356,2,-23|10,33,1000,1,1,1,0.0,0.0,0.0,True,True,True,True,True,True,scalar_ev_lying_by_omission|high_variance_close_mean|multi_peak_pdf|wide_shelf_gap|high_std|large_lower_tail|hidden_threat_large_impact,last_to_act|late_hand,first_trick_public_belief_update|last_to_act_closure_policy|late_trick_threshold_closure,distribution_labels_ready|hidden_threat_offline_label_ready|public_context_ready,bid_margin,True,8,3,6-0,27.88062822818756,3,1-1,14.443073630332947,3,6-0,24.58562833070755
0,9420,0,blanks,30,schema_v2_fixed_cli_value,23,5,3,1,left_setter,defense,3,8,17,25,10,5,5,5,0,offense,False,True,4,18,5-3,5,20,5-5,10,True,False,True,False,False,30,2,10,0,1,2,-17.0,-18.71062469482422,5.953296184539795,0.3409999907016754,0.6589999794960022,-23,-23,-23,-10,-10,13,-23.0,0.9257724232145381,2,-23|-10,13,1000,2,2,2,6.73695182800293,0.0,0.0,False,False,False,False,False,False,multi_peak_pdf|large_lower_tail|hidden_threat_large_impact,last_to_act|late_hand|setter_count_pressure,first_trick_public_belief_update|last_to_act_closure_policy|late_trick_threshold_closure|setter_count_before_certainty,distribution_labels_ready|hidden_threat_offline_label_ready|needs_real_bid_margin|public_context_ready,bid_margin,True,8,3,6-0,14.865923523902893,2,6-0,7.7158282995224,3,6-0,11.570923626422882
0,9420,0,blanks,30,schema_v2_fixed_cli_value,24,6,0,0,bidder,offense,2,14,17,25,10,0,,,,,False,False,2,6,3-0,2,6,3-0,0,False,True,,,True,,1,0,1,0,1,18.0,-8.8154296875,14.255056381225586,0.0,0.0,-17,-17,-17,-17,17,0,-17.0,0.7933733558484901,2,-17|17,34,1000,1,1,1,0.0,0.0,0.0,True,True,True,True,False,False,multi_peak_pdf|wide_shelf_gap|hidden_threat_large_impact,called_suit_pressure|late_hand,first_trick_public_belief_update|late_trick_threshold_closure,distribution_labels_ready|hidden_threat_offline_label_ready|public_context_ready,bid_margin,True,8,2,6-0,25.436676025390625,2,1-1,8.061614990234375,2,6-0,25.436676025390625
0,9420,0,blanks,30,schema_v2_fixed_cli_value,25,6,1,1,left_setter,defense,3,14,17,25,10,0,7,called,0,offense,False,True,5,20,5-5,5,20,5-5,10,True,False,False,False,False,0,1,10,0,1,1,-17.0,0.08896005153656006,16.82720184326172,1.0,0.0,-17,-17,-17,17,17,34,-17.0,1.0,2,-17|17,34,1000,1,1,1,0.0,0.0,0.0,True,True,True,True,False,False,multi_peak_pdf|wide_shelf_gap|high_std|hidden_threat_large_impact,late_hand|setter_count_pressure,first_trick_public_belief_update|late_trick_threshold_closure|setter_count_before_certainty,distribution_labels_ready|hidden_threat_offline_label_ready|needs_real_bid_margin|public_context_ready,bid_margin,True,4,2,1-1,16.8272043466568,3,1-1,16.827197432518005,2,1-1,16.8272043466568
0,9420,0,blanks,30,schema_v2_fixed_cli_value,26,6,2,2,bidder_partner,offense,0,14,17,35,0,10,7,called,0,offense,True,False,0,2,1-1,0,2,1-1,0,True,False,False,False,False,0,1,0,0,1,1,18.0,-17.144563674926758,1.9073486328125e-06,0.0,0.0,-17,-17,-17,-17,-17,0,-17.0,-0.0,1,-17,,1000,1,1,1,0.0,0.0,0.0,True,True,True,True,False,False,,late_hand,first_trick_public_belief_update|late_trick_threshold_closure,distribution_labels_ready|hidden_threat_offline_label_ready|public_context_ready,bid_margin,True,1,3,6-0,0.0,3,6-0,0.0,3,6-0,0.0
0,9420,0,blanks,30,schema_v2_fixed_cli_value,27,6,3,3,right_setter,defense,1,14,17,35,0,10,7,called,0,offense,False,True,3,21,6-0,3,21,6-0,0,False,True,True,True,True,38,1,0,1,0,1,-17.0,16.974319458007812,0.0,1.0,0.0,17,17,17,17,17,0,17.0,-0.0,1,17,,1000,1,1,1,0.0,0.0,0.0,True,True,True,True,False,False,,called_suit_pressure|last_to_act|late_hand,first_trick_public_belief_update|last_to_act_closure_policy|late_trick_threshold_closure,distribution_labels_ready|public_context_ready,bid_margin,False,0,,,,,,,,,
1,9421,1,ones,30,schema_v2_fixed_cli_value,0,0,0,0,bidder,offense,2,0,0,0,35,0,,,,,False,False,6,27,6-6,0,1,1-0,0,False,True,,,True,,7,0,2,3,7,18.0,-4.599743366241455,27.153810501098633,0.2329999953508377,0.37299999594688416,-39,-31,-6,16,38,47,-40.94,6.1629330522837185,7,-41|-39|-36|3|6|39|41,82,1000,4,4,4,8.41036343574524,0.052000001072883606,0.18299999833106995,False,False,False,False,False,False,multi_peak_pdf|wide_shelf_gap|high_std|large_lower_tail|hidden_threat_large_impact,bidder_opening_lead|called_suit_pressure|first_trick,bidder_first_lead_plan,hidden_threat_offline_label_ready|public_context_ready,bid_margin,True,8,2,1-1,29.972007729113102,3,1-1,17.778148524463177,2,1-1,28.32367441430688
1,9421,1,ones,30,schema_v2_fixed_cli_value,0,0,0,0,bidder,offense,2,0,0,0,35,0,,,,,False,False,6,27,6-6,1,5,2-2,0,True,False,,,True,,7,0,2,3,7,18.0,1.9821923971176147,22.607467651367188,0.2590000033378601,0.2070000022649765,-30,-14,1,19,36,33,-36.74,6.271446578219534,6,-8|-5|1|7|13|39,47,1000,3,3,3,1.8284276723861694,0.025999993085861206,0.017000004649162292,False,False,False,False,False,False,multi_peak_pdf|wide_shelf_gap|high_std|hidden_threat_large_impact,bidder_opening_lead|first_trick,bidder_first_lead_plan,hidden_threat_offline_label_ready|public_context_ready,bid_margin,True,8,2,1-1,17.409801669418812,3,1-1,10.60940408706665,2,1-1,16.674801651388407
1,9421,1,ones,30,schema_v2_fixed_cli_value,0,0,0,0,bidder,offense,2,0,0,0,35,0,,,,,False,False,6,27,6-6,2,7,3-1,0,False,True,,,True,,7,0,2,3,7,18.0,-4.762570381164551,27.271127700805664,0.2329999953508377,0.375,-40,-32,-7,16,38,48,-41.07,6.154458376237119,6,-41|-38|-36|-35|-13|41,82,1000,5,5,5,8.573190450668335,0.052000001072883606,0.1850000023841858,False,False,False,False,False,False,multi_peak_pdf|wide_shelf_gap|high_std|large_lower_tail|hidden_threat_large_impact,bidder_opening_lead|called_suit_pressure|first_trick,bidder_first_lead_plan,hidden_threat_offline_label_ready|public_context_ready,bid_margin,True,8,2,1-1,30.38905870169401,3,1-1,17.820224098861217,2,1-1,28.697392027825117
1,9421,1,ones,30,schema_v2_fixed_cli_value,0,0,0,0,bidder,offense,2,0,0,0,35,0,,,,,False,False,6,27,6-6,3,9,3-3,0,True,False,,,True,,7,0,2,3,7,18.0,3.810620069503784,22.913938522338867,0.28200000524520874,0.1899999976158142,-29,-12,4,21,37,33,-36.72,6.248759618270613,3,0|6|41,41,1000,1,2,1,0.0,0.0029999911785125732,0.0,False,True,False,True,False,True,scalar_ev_lying_by_omission|multi_peak_pdf|wide_shelf_gap|high_std|hidden_threat_large_impact,bidder_opening_lead|first_trick,bidder_first_lead_plan,hidden_threat_offline_label_ready|public_context_ready,bid_margin,True,8,2,1-1,17.195562042295933,3,1-1,9.782772228121758,2,1-1,16.54556204751134
1,9421,1,ones,30,schema_v2_fixed_cli_value,0,0,0,0,bidder,offense,2,0,0,0,35,0,,,,,False,False,6,27,6-6,4,10,4-0,0,False,False,,,True,,7,0,2,3,7,18.0,-9.445101737976074,24.254199981689453,0.1469999998807907,0.41100001335144043,-39,-32,-12,7,28,39,-40.800000000000004,6.175587840922285,5,-41|-38|-33|-27|3,44,1000,7,7,7,13.255721807479858,0.1379999965429306,0.22100001573562622,False,False,False,False,False,False,multi_peak_pdf|wide_shelf_gap|high_std|large_lower_tail|hidden_threat_large_impact,bidder_opening_lead|first_trick,bidder_first_lead_plan,hidden_threat_offline_label_ready|public_context_ready,bid_margin,True,8,2,1-1,14.102356344461441,2,4-3,11.046559877693653,2,1-1,13.39735633134842
1,9421,1,ones,30,schema_v2_fixed_cli_value,0,0,0,0,bidder,offense,2,0,0,0,35,0,,,,,False,False,6,27,6-6,5,19,5-4,0,False,False,,,True,,7,0,2,3,7,18.0,-6.973644733428955,24.985029220581055,0.1860000044107437,0.38999998569488525,-39,-30,-9,11,31,41,-40.580000000000005,6.230593135988414,6,-41|-37|-7|-1|39|41,82,1000,6,6,6,10.78426480293274,0.0989999920129776,0.19999998807907104,False,False,False,False,False,False,multi_peak_pdf|wide_shelf_gap|high_std|large_lower_tail|hidden_threat_large_impact,bidder_opening_lead|first_trick,bidder_first_lead_plan,hidden_threat_offline_label_ready|public_context_ready,bid_margin,True,8,2,5-5,22.815459206700325,3,5-5,13.340803507715464,2,5-5,21.479231737554073
1,9421,1,ones,30,schema_v2_fixed_cli_value,0,0,0,0,bidder,offense,2,0,0,0,35,0,,,,,False,False,6,27,6-6,6,27,6-6,0,True,False,,,True,,7,0,2,3,7,18.0,3.088189125061035,23.905073165893555,0.2849999964237213,0.20200000703334808,-35,-12,4,21,37,33,-39.28,6.245366753919192,5,-41|-6|-3|4|41,82,1000,2,1,2,0.722430944442749,0.0,0.012000009417533875,True,False,True,False,False,False,multi_peak_pdf|wide_shelf_gap|high_std|hidden_threat_large_impact,bidder_opening_lead|first_trick,bidder_first_lead_plan,hidden_threat_offline_label_ready|public_context_ready,bid_margin,True,8,2,1-1,16.896114990115166,3,1-1,11.373597726225853,2,1-1,16.31944828480482
1,9421,1,ones,30,schema_v2_fixed_cli_value,1,0,1,1,left_setter,defense,3,0,0,0,35,0,6,6,0,offense,False,True,5,23,6-2,5,23,6-2,0,False,False,True,False,False,24,7,20,3,1,2,-17.0,-2.871718168258667,23.074695587158203,0.6549999713897705,0.328000009059906,-29,-21,-9,13,37,34,-33.07,6.08449070799166,10,-28|-23|-21|-19|-16|-14|-11|-7|-5|41,69,1000,1,1,1,0.0,0.0,0.0,True,True,True,True,True,True,scalar_ev_lying_by_omission|high_variance_close_mean|multi_peak_pdf|wide_shelf_gap|high_std|large_lower_tail|hidden_threat_large_impact,first_setter_response|first_trick,first_setter_pounce_window,hidden_threat_offline_label_ready|needs_real_bid_margin,bid_margin,True,8,3,6-3,12.643813014030457,3,6-3,11.925633817911148,3,5-1,11.797593265771866
1,9421,1,ones,30,schema_v2_fixed_cli_value,1,0,1,1,left_setter,defense,3,0,0,0,35,0,6,6,0,offense,False,True,5,23,6-2,6,25,6-4,10,False,False,True,False,False,26,7,20,3,1,2,-17.0,-5.503093242645264,24.08191680908203,0.5450000166893005,0.421999990940094,-29,-24,-15,10,39,34,-33.33,5.890701079542905,7,-28|-25|-24|-22|-20|-18|41,69,1000,2,2,2,2.6313750743865967,0.10999995470046997,0.09399998188018799,False,False,False,False,False,False,multi_peak_pdf|wide_shelf_gap|high_std|large_lower_tail|hidden_threat_large_impact,first_setter_response|first_trick|setter_count_pressure,first_setter_pounce_window|setter_count_before_certainty,hidden_threat_offline_label_ready|needs_real_bid_margin,bid_margin,True,8,3,6-3,15.70650029182434,3,6-3,14.784303784370422,3,5-5,10.989384889602661
1,9421,1,ones,30,schema_v2_fixed_cli_value,2,0,2,2,bidder_partner,offense,0,0,0,0,35,0,6,6,0,offense,True,False,6,26,6-5,4,21,6-0,0,False,False,True,False,False,22,7,5,1,1,3,18.0,-14.669594764709473,24.459854125976562,0.11900000274181366,0.4970000088214874,-42,-40,-18,3,23,43,-42.0,5.608817174863748,4,-42|-20|-18|41,83,1000,1,2,1,0.0,0.006999999284744263,0.0,False,True,False,True,False,True,scalar_ev_lying_by_omission|multi_peak_pdf|wide_shelf_gap|high_std|large_lower_tail|hidden_threat_large_impact,first_trick|partner_third_seat_support,partner_third_seat_safe_donation,hidden_threat_offline_label_ready|public_context_ready,bid_margin,True,8,3,6-4,25.254024296998978,0,6-4,17.43763694539666,3,6-4,23.1684732735157
1,9421,1,ones,30,schema_v2_fixed_cli_value,2,0,2,2,bidder_partner,offense,0,0,0,0,35,0,6,6,0,offense,True,False,6,26,6-5,5,24,6-3,0,False,False,True,False,False,25,7,5,1,1,3,18.0,-15.12240219116211,24.527938842773438,0.11599999666213989,0.5080000162124634,-42,-40,-18,2,23,42,-42.0,5.595430856640563,5,-42|-20|-18|-4|41,83,1000,2,3,2,0.4528074264526367,0.01000000536441803,0.011000007390975952,False,False,False,False,True,False,high_variance_close_mean|multi_peak_pdf|wide_shelf_gap|high_std|large_lower_tail|hidden_threat_large_impact,first_trick|partner_third_seat_support,partner_third_seat_safe_donation,hidden_threat_offline_label_ready|public_context_ready,bid_margin,True,8,3,6-4,25.962737038731575,0,6-4,17.70682130381465,3,6-4,23.78086367994547
1,9421,1,ones,30,schema_v2_fixed_cli_value,2,0,2,2,bidder_partner,offense,0,0,0,0,35,0,6,6,0,offense,True,False,6,26,6-5,6,26,6-5,0,False,False,True,False,False,27,7,5,1,1,3,18.0,-15.257760047912598,24.798301696777344,0.12600000202655792,0.5139999985694885,-42,-41,-19,2,23,43,-42.0,5.55093439721846,3,-42|-7|41,83,1000,3,1,3,0.588165283203125,0.0,0.0169999897480011,True,False,True,False,True,False,high_variance_close_mean|multi_peak_pdf|wide_shelf_gap|high_std|large_lower_tail|hidden_threat_large_impact,first_trick|partner_third_seat_support,partner_third_seat_safe_donation,hidden_threat_offline_label_ready|public_context_ready,bid_margin,True,8,3,6-4,27.00064927339554,0,6-4,18.163921531289816,3,6-4,24.747453704476357
1,9421,1,ones,30,schema_v2_fixed_cli_value,3,0,3,3,right_setter,defense,1,0,0,0,35,0,6,6,0,offense,False,True,5,16,5-1,0,3,2-0,0,False,False,False,False,False,0,7,10,1,2,7,-17.0,-15.681699752807617,24.812023162841797,0.46700000762939453,0.5180000066757202,-42,-41,-19,1,24,42,-42.0,5.640830679840458,2,-42|-39,3,1000,3,3,3,23.85518741607666,0.3869999647140503,0.3800000101327896,False,False,False,False,False,False,multi_peak_pdf|high_std|large_lower_tail|hidden_threat_large_impact,defender_last_to_act_closure|first_trick|last_to_act,last_to_act_closure_policy,hidden_threat_offline_label_ready|public_context_ready,bid_margin,True,8,1,1-1,19.570033878087997,2,1-1,14.774054808542132,1,1-1,18.325415432453156
1,9421,1,ones,30,schema_v2_fixed_cli_value,3,0,3,3,right_setter,defense,1,0,0,0,35,0,6,6,0,offense,False,True,5,16,5-1,1,6,3-0,0,False,False,False,False,False,0,7,10,1,2,7,-17.0,-15.598281860351562,24.651445388793945,0.47099998593330383,0.5130000114440918,-42,-40,-19,2,23,42,-42.0,5.624199007656617,3,-42|-39|-36,6,1000,2,2,2,23.771769523620605,0.382999986410141,0.3750000149011612,False,False,False,False,False,False,multi_peak_pdf|high_std|large_lower_tail|hidden_threat_large_impact,defender_last_to_act_closure|first_trick|last_to_act,last_to_act_closure_policy,hidden_threat_offline_label_ready|public_context_ready,bid_margin,True,8,1,1-1,20.007334485650063,2,1-1,14.56473239324987,1,1-1,18.727474942803383
1,9421,1,ones,30,schema_v2_fixed_cli_value,3,0,3,3,right_setter,defense,1,0,0,0,35,0,6,6,0,offense,False,True,5,16,5-1,2,12,4-2,0,False,False,False,False,False,0,7,10,1,2,7,-17.0,-16.22452163696289,24.715147018432617,0.4580000042915344,0.5329999923706055,-42,-41,-20,1,23,42,-42.0,5.603077062761379,1,-42,,1000,4,4,5,24.398009300231934,0.3959999680519104,0.39499999582767487,False,False,False,False,False,False,high_std|large_lower_tail|hidden_threat_large_impact,defender_last_to_act_closure|first_trick|last_to_act,last_to_act_closure_policy,hidden_threat_offline_label_ready|public_context_ready,bid_margin,True,8,1,1-1,19.065811827778816,2,1-1,14.378699650987983,1,1-1,17.90683601796627
1,9421,1,ones,30,schema_v2_fixed_cli_value,3,0,3,3,right_setter,defense,1,0,0,0,35,0,6,6,0,offense,False,True,5,16,5-1,3,13,4-3,0,False,False,False,False,False,0,7,10,1,2,7,-17.0,-16.298933029174805,24.598299026489258,0.4490000009536743,0.527999997138977,-42,-41,-20,1,22,42,-42.0,5.596806470807092,2,-42|-39,3,1000,5,5,4,24.472420692443848,0.4049999713897705,0.39000000059604645,False,False,False,False,False,False,multi_peak_pdf|high_std|large_lower_tail|hidden_threat_large_impact,defender_last_to_act_closure|first_trick|last_to_act,last_to_act_closure_policy,hidden_threat_offline_label_ready|public_context_ready,bid_margin,True,8,1,1-1,19.27243961393833,2,1-1,14.279831608757377,1,1-1,18.038062140345573
1,9421,1,ones,30,schema_v2_fixed_cli_value,3,0,3,3,right_setter,defense,1,0,0,0,35,0,6,6,0,offense,False,True,5,16,5-1,4,14,4-4,0,True,False,False,False,False,0,7,10,1,2,7,-17.0,-19.53761100769043,22.977876663208008,0.4020000100135803,0.5849999785423279,-42,-41,-25,-4,16,37,-42.0,5.381696864456107,2,-42|-18,24,1000,6,6,6,27.711098670959473,0.4519999623298645,0.4469999819993973,False,False,False,False,False,False,multi_peak_pdf|wide_shelf_gap|high_std|large_lower_tail|hidden_threat_large_impact,defender_last_to_act_closure|first_trick|last_to_act,last_to_act_closure_policy,hidden_threat_offline_label_ready|public_context_ready,bid_margin,True,8,1,1-1,17.841504395008087,2,1-1,12.440780334174633,1,1-1,16.623331785202026
1,9421,1,ones,30,schema_v2_fixed_cli_value,3,0,3,3,right_setter,defense,1,0,0,0,35,0,6,6,0,offense,False,True,5,16,5-1,5,16,5-1,0,False,True,False,True,True,38,7,10,1,2,7,-17.0,8.173487663269043,23.213895797729492,0.8539999723434448,0.1379999965429306,-28,-8,10,28,38,36,-36.43,6.114291233574871,6,-41|-8|0|21|29|41,82,1000,1,1,1,0.0,0.0,0.0,True,True,True,True,False,True,scalar_ev_lying_by_omission|multi_peak_pdf|wide_shelf_gap|high_std|hidden_threat_large_impact,called_suit_pressure|defender_last_to_act_closure|first_trick|last_to_act,last_to_act_closure_policy,hidden_threat_offline_label_ready|public_context_ready,bid_margin,True,8,1,1-1,18.198711223900318,2,1-1,10.261318624019623,1,1-1,17.76975542679429
1,9421,1,ones,30,schema_v2_fixed_cli_value,3,0,3,3,right_setter,defense,1,0,0,0,35,0,6,6,0,offense,False,True,5,16,5-1,6,20,5-5,10,True,False,False,False,False,0,7,10,1,2,7,-17.0,-29.79316520690918,15.2892427444458,0.19099999964237213,0.8009999990463257,-42,-42,-37,-22,-6,20,-42.0,4.574701317315131,4,-42|-38|-35|-28,14,1000,7,7,7,37.96665287017822,0.6629999727010727,0.6630000025033951,False,False,False,False,False,False,multi_peak_pdf|high_std|large_lower_tail|hidden_threat_large_impact,defender_last_to_act_closure|first_trick|last_to_act|setter_count_pressure,last_to_act_closure_policy|setter_count_before_certainty,hidden_threat_offline_label_ready|needs_real_bid_margin|public_context_ready,bid_margin,True,8,1,6-1,12.540901707485318,2,1-1,8.679611717350781,1,6-1,11.453934418037534
1,9421,1,ones,30,schema_v2_fixed_cli_value,4,1,0,3,right_setter,defense,1,0,1,0,35,0,,,,,False,False,6,20,5-5,0,3,2-0,0,False,False,,,True,,6,10,0,2,6,-17.0,-16.021013259887695,24.046573638916016,0.4359999895095825,0.5410000085830688,-42,-40,-21,1,19,41,-42.0,5.638228785019107,1,-42,,1000,4,4,3,14.051021099090576,0.25200003385543823,0.23800000548362732,False,False,False,False,False,False,high_std|large_lower_tail|hidden_threat_large_impact,setter_lead_pressure,defender_damage_lead_class|first_trick_public_belief_update,hidden_threat_offline_label_ready|needs_real_bid_margin|public_context_ready,bid_margin,True,8,1,1-1,17.96765023469925,1,3-2,11.379820115864277,1,1-1,16.866816818714142
1,9421,1,ones,30,schema_v2_fixed_cli_value,4,1,0,3,right_setter,defense,1,0,1,0,35,0,,,,,False,False,6,20,5-5,1,6,3-0,0,False,False,,,True,,6,10,0,2,6,-17.0,-15.629477500915527,25.20980453491211,0.4429999887943268,0.5440000295639038,-42,-41,-21,1,24,42,-42.0,5.596518308567948,3,-42|-18|42,84,1000,3,3,4,13.659485340118408,0.24500003457069397,0.24100002646446228,False,False,False,False,False,False,multi_peak_pdf|wide_shelf_gap|high_std|large_lower_tail|hidden_threat_large_impact,setter_lead_pressure,defender_damage_lead_class|first_trick_public_belief_update,hidden_threat_offline_label_ready|needs_real_bid_margin|public_context_ready,bid_margin,True,8,1,1-1,20.20718628168106,1,3-2,13.387808561325073,1,1-1,18.841352850198746
1,9421,1,ones,30,schema_v2_fixed_cli_value,4,1,0,3,right_setter,defense,1,0,1,0,35,0,,,,,False,False,6,20,5-5,2,12,4-2,0,False,False,,,True,,6,10,0,2,6,-17.0,-17.264509201049805,24.77903175354004,0.40400001406669617,0.5809999704360962,-42,-41,-25,0,21,41,-42.0,5.550629705141107,3,-42|-34|-32,10,1000,6,6,6,15.294517040252686,0.2840000092983246,0.27799996733665466,False,False,False,False,False,False,multi_peak_pdf|high_std|large_lower_tail|hidden_threat_large_impact,setter_lead_pressure,defender_damage_lead_class|first_trick_public_belief_update,hidden_threat_offline_label_ready|needs_real_bid_margin|public_context_ready,bid_margin,True,8,1,5-4,17.158533826470375,1,5-4,16.67184592038393,1,1-1,14.563016384840012
1,9421,1,ones,30,schema_v2_fixed_cli_value,4,1,0,3,right_setter,defense,1,0,1,0,35,0,,,,,False,False,6,20,5-5,3,13,4-3,0,False,False,,,True,,6,10,0,2,6,-17.0,-16.99128532409668,24.80056381225586,0.41100001335144043,0.5730000138282776,-42,-41,-24,1,22,42,-42.0,5.5849803508623115,2,-42|-39,3,1000,5,5,5,15.02129316329956,0.2770000100135803,0.27000001072883606,False,False,False,False,False,False,multi_peak_pdf|high_std|large_lower_tail|hidden_threat_large_impact,setter_lead_pressure,defender_damage_lead_class|first_trick_public_belief_update,hidden_threat_offline_label_ready|needs_real_bid_margin|public_context_ready,bid_margin,True,8,1,5-4,17.003403306007385,1,5-4,16.531715393066406,1,1-1,14.736130937933922
1,9421,1,ones,30,schema_v2_fixed_cli_value,4,1,0,3,right_setter,defense,1,0,1,0,35,0,,,,,False,False,6,20,5-5,4,14,4-4,0,True,False,,,True,,6,10,0,2,6,-17.0,-6.488874912261963,27.21185874938965,0.5960000157356262,0.3869999945163727,-42,-33,-8,17,32,50,-42.0,5.915356918016071,2,-42|41,83,1000,2,2,2,4.518882751464844,0.09200000762939453,0.08399999141693115,False,False,False,False,False,False,multi_peak_pdf|wide_shelf_gap|high_std|large_lower_tail|hidden_threat_large_impact,setter_lead_pressure,defender_damage_lead_class|first_trick_public_belief_update,hidden_threat_offline_label_ready|needs_real_bid_margin|public_context_ready,bid_margin,True,8,1,1-1,17.798179984092712,1,5-4,15.238574534654617,1,1-1,16.967346668243408
1,9421,1,ones,30,schema_v2_fixed_cli_value,4,1,0,3,right_setter,defense,1,0,1,0,35,0,,,,,False,False,6,20,5-5,6,20,5-5,10,True,False,,,True,,6,10,0,2,6,-17.0,-1.9699921607971191,27.008275985717773,0.6880000233650208,0.30300000309944153,-42,-30,1,20,33,50,-42.0,5.91352094794325,5,-42|-8|16|20|41,83,1000,1,1,1,0.0,0.0,0.0,True,True,True,True,True,True,scalar_ev_lying_by_omission|high_variance_close_mean|multi_peak_pdf|wide_shelf_gap|high_std|large_lower_tail|hidden_threat_large_impact,setter_count_pressure|setter_lead_pressure,defender_damage_lead_class|first_trick_public_belief_update|setter_count_before_certainty,hidden_threat_offline_label_ready|needs_real_bid_margin|public_context_ready,bid_margin,True,8,1,1-1,14.140284538269043,1,5-4,11.721494555473328,1,1-1,13.687784552574158
1,9421,1,ones,30,schema_v2_fixed_cli_value,5,1,1,0,bidder,offense,2,0,1,10,25,10,5,5,3,defense,False,True,5,19,5-4,5,19,5-4,0,False,False,True,False,False,25,6,0,2,2,1,18.0,-17.059242248535156,26.64199447631836,0.14399999380111694,0.6079999804496765,-42,-41,-28,2,28,43,-42.0,5.467607268188729,5,-42|-33|-31|-29|41,83,1000,1,1,1,0.0,0.0,0.0,True,True,True,True,False,False,multi_peak_pdf|wide_shelf_gap|high_std|large_lower_tail|hidden_threat_large_impact,,first_trick_public_belief_update,hidden_threat_offline_label_ready|public_context_ready,bid_margin,True,8,2,5-0,18.088741867803037,2,5-0,17.384079321753234,2,1-1,16.008552461862564
1,9421,1,ones,30,schema_v2_fixed_cli_value,6,1,2,1,left_setter,defense,3,0,1,10,25,10,5,5,3,defense,True,False,3,18,5-3,2,15,5-0,5,False,False,True,False,False,21,6,20,3,1,2,-17.0,12.806160926818848,28.28872299194336,0.7929999828338623,0.18799999356269836,-25,-15,9,41,41,56,-27.429999999999993,4.180021822094397,4,-25|-15|8|41,66,1000,2,2,2,4.682721138000488,0.13300001621246338,0.1289999932050705,False,False,False,False,False,False,multi_peak_pdf|wide_shelf_gap|high_std|hidden_threat_large_impact,setter_count_pressure,first_trick_public_belief_update|setter_count_before_certainty,hidden_threat_offline_label_ready|needs_real_bid_margin|public_context_ready,bid_margin,True,8,2,5-2,34.471345484256744,0,5-2,18.906313076615334,2,5-2,33.53134551644325
1,9421,1,ones,30,schema_v2_fixed_cli_value,6,1,2,1,left_setter,defense,3,0,1,10,25,10,5,5,3,defense,True,False,3,18,5-3,3,18,5-3,0,False,False,True,False,False,24,6,20,3,1,2,-17.0,17.488882064819336,24.291698455810547,0.9259999990463257,0.05900000035762787,-16,-7,19,41,41,48,-20.28,4.311235437027416,4,-14|-4|19|41,55,1000,1,1,1,0.0,0.0,0.0,True,True,True,True,True,True,scalar_ev_lying_by_omission|high_variance_close_mean|multi_peak_pdf|wide_shelf_gap|high_std|hidden_threat_large_impact,,first_trick_public_belief_update,hidden_threat_offline_label_ready|public_context_ready,bid_margin,True,8,2,5-2,27.559738248586655,0,5-2,17.0543744713068,2,5-2,27.264738246798515
1,9421,1,ones,30,schema_v2_fixed_cli_value,7,1,3,2,bidder_partner,offense,0,0,1,10,25,10,5,5,3,defense,False,True,3,17,5-2,3,17,5-2,0,False,False,True,False,False,23,6,5,1,1,1,18.0,-30.89559555053711,15.305941581726074,0.00800000037997961,0.8069999814033508,-42,-42,-40,-24,-8,18,-42.0,4.055696954478119,2,-42|-29,13,1000,1,1,1,0.0,0.0,0.0,True,True,True,True,False,False,multi_peak_pdf|high_std|large_lower_tail|hidden_threat_large_impact,last_to_act,first_trick_public_belief_update|last_to_act_closure_policy,hidden_threat_offline_label_ready|public_context_ready,bid_margin,True,8,0,1-1,16.124864580109715,3,1-1,5.696003596298397,0,1-1,14.727479280903935
1,9421,1,ones,30,schema_v2_fixed_cli_value,8,2,0,3,right_setter,defense,1,0,12,10,25,0,,,,,False,False,4,14,4-4,0,3,2-0,0,False,False,,,True,,5,0,0,1,5,-17.0,-17.772985458374023,17.221994400024414,0.3580000102519989,0.6240000128746033,-33,-32,-24,-9,8,23,-33.74,5.33337330299104,4,-32|-29|-24|-20,12,1000,4,5,5,3.6679000854492188,0.06499999761581421,0.057000041007995605,False,False,False,False,False,False,multi_peak_pdf|high_std|large_lower_tail|hidden_threat_large_impact,setter_lead_pressure,defender_damage_lead_class|first_trick_public_belief_update,hidden_threat_offline_label_ready|needs_real_bid_margin|public_context_ready,bid_margin,True,8,1,1-1,12.890577629208565,1,3-2,9.562358997995034,1,1-1,11.880669310688972
1,9421,1,ones,30,schema_v2_fixed_cli_value,8,2,0,3,right_setter,defense,1,0,12,10,25,0,,,,,False,False,4,14,4-4,1,6,3-0,0,False,False,,,True,,5,0,0,1,5,-17.0,-17.817039489746094,17.383405685424805,0.3630000054836273,0.6129999756813049,-33,-32,-24,-9,9,23,-33.73,5.284881412992882,5,-33|-29|-26|-20|-18,15,1000,5,4,4,3.711954116821289,0.06000000238418579,0.046000003814697266,False,False,False,False,False,False,multi_peak_pdf|high_std|large_lower_tail|hidden_threat_large_impact,setter_lead_pressure,defender_damage_lead_class|first_trick_public_belief_update,hidden_threat_offline_label_ready|needs_real_bid_margin|public_context_ready,bid_margin,True,8,1,1-1,15.145047344267368,1,3-2,10.669119503814727,1,1-1,13.914909847080708
1,9421,1,ones,30,schema_v2_fixed_cli_value,8,2,0,3,right_setter,defense,1,0,12,10,25,0,,,,,False,False,4,14,4-4,2,12,4-2,0,False,False,,,True,,5,0,0,1,5,-17.0,-17.551908493041992,17.323612213134766,0.37700000405311584,0.6100000143051147,-33,-32,-25,-7,8,25,-33.49,5.238336677383059,4,-32|-28|-26|-19,13,1000,3,3,3,3.4468231201171875,0.046000003814697266,0.04300004243850708,False,False,False,False,False,False,multi_peak_pdf|high_std|large_lower_tail|hidden_threat_large_impact,setter_lead_pressure,defender_damage_lead_class|first_trick_public_belief_update,hidden_threat_offline_label_ready|needs_real_bid_margin|public_context_ready,bid_margin,True,8,1,4-0,13.583565451204777,1,4-0,13.338565457612276,1,1-1,11.266327641904354
1,9421,1,ones,30,schema_v2_fixed_cli_value,8,2,0,3,right_setter,defense,1,0,12,10,25,0,,,,,False,False,4,14,4-4,3,13,4-3,0,False,False,,,True,,5,0,0,1,5,-17.0,-17.340715408325195,17.392314910888672,0.38199999928474426,0.6060000061988831,-33,-32,-25,-6,8,26,-33.48,5.270768956378284,5,-32|-28|-26|-20|-6,26,1000,2,2,2,3.2356300354003906,0.04100000858306885,0.03900003433227539,False,False,False,False,False,False,multi_peak_pdf|wide_shelf_gap|high_std|large_lower_tail|hidden_threat_large_impact,setter_lead_pressure,defender_damage_lead_class|first_trick_public_belief_update,hidden_threat_offline_label_ready|needs_real_bid_margin|public_context_ready,bid_margin,True,8,1,4-0,13.693397887051105,1,4-0,13.443397883325815,1,1-1,11.188421480357647
1,9421,1,ones,30,schema_v2_fixed_cli_value,8,2,0,3,right_setter,defense,1,0,12,10,25,0,,,,,False,False,4,14,4-4,4,14,4-4,0,True,False,,,True,,5,0,0,1,5,-17.0,-14.105085372924805,19.709897994995117,0.4230000078678131,0.5669999718666077,-33,-31,-22,2,16,33,-33.36,5.427057229039865,4,-33|-28|-25|-19,14,1000,1,1,1,0.0,0.0,0.0,True,True,True,True,True,True,scalar_ev_lying_by_omission|high_variance_close_mean|multi_peak_pdf|high_std|large_lower_tail|hidden_threat_large_impact,setter_lead_pressure,defender_damage_lead_class|first_trick_public_belief_update,hidden_threat_offline_label_ready|needs_real_bid_margin|public_context_ready,bid_margin,True,8,1,4-0,14.754586473107338,1,4-0,14.403318233788013,1,1-1,11.762091353535652
1,9421,1,ones,30,schema_v2_fixed_cli_value,9,2,1,0,bidder,offense,2,0,12,10,25,0,4,4,3,defense,False,True,4,10,4-0,4,10,4-0,0,False,False,True,False,False,20,5,0,2,2,1,18.0,-10.090725898742676,20.423006057739258,0.13300000131130219,0.44600000977516174,-32,-29,-16,6,23,35,-32.93999999999999,5.602063129801131,8,-32|-27|-20|-17|-15|-4|11|32,64,1000,1,1,1,0.0,0.0,0.0,True,True,True,True,False,False,multi_peak_pdf|wide_shelf_gap|high_std|large_lower_tail|hidden_threat_large_impact,,first_trick_public_belief_update,hidden_threat_offline_label_ready|public_context_ready,bid_margin,True,8,2,1-1,18.093409925699234,1,1-1,8.837320573627949,2,1-1,16.567002698779106
1,9421,1,ones,30,schema_v2_fixed_cli_value,10,2,2,1,left_setter,defense,3,0,12,10,25,0,4,4,3,defense,True,False,6,25,6-4,6,25,6-4,10,False,False,True,False,False,26,5,20,3,1,1,-17.0,23.40513038635254,12.546581268310547,0.9990000128746033,0.0,5,13,32,32,33,19,-3.84,3.61500532249078,3,11|13|32,21,1000,1,1,1,0.0,0.0,0.0,True,True,True,True,False,False,multi_peak_pdf|wide_shelf_gap|hidden_threat_large_impact,setter_count_pressure,first_trick_public_belief_update|setter_count_before_certainty,hidden_threat_offline_label_ready|needs_real_bid_margin|public_context_ready,bid_margin,True,8,2,4-2,10.985809803009033,2,1-1,9.200026005506516,2,4-2,10.985809803009033
1,9421,1,ones,30,schema_v2_fixed_cli_value,11,2,3,2,bidder_partner,offense,0,0,12,20,15,10,4,4,3,defense,False,True,1,4,2-1,0,0,0-0,0,True,False,False,False,False,0,5,5,1,1,5,18.0,-24.65432357788086,14.553003311157227,0.0,0.6980000138282776,-37,-36,-33,-15,-3,21,-38.370000000000005,4.906672406488542,4,-36|-26|-21|-15,21,1000,3,2,3,32.13921117782593,0.27300000190734863,0.6650000140070915,False,False,False,False,False,False,multi_peak_pdf|wide_shelf_gap|large_lower_tail|hidden_threat_large_impact,last_to_act,first_trick_public_belief_update|last_to_act_closure_policy,hidden_threat_offline_label_ready|public_context_ready,bid_margin,True,8,0,1-1,14.47237765789032,1,1-1,7.539315938949585,0,1-1,13.001608312129974
1,9421,1,ones,30,schema_v2_fixed_cli_value,11,2,3,2,bidder_partner,offense,0,0,12,20,15,10,4,4,3,defense,False,True,1,4,2-1,1,4,2-1,0,False,True,False,True,True,35,5,5,1,1,5,18.0,7.484887599945068,17.378971099853516,0.27300000190734863,0.032999999821186066,-17,-5,6,19,33,24,-17.879999999999995,5.522390995628704,9,-17|1|4|10|11|12|15|17|39,56,1000,1,1,1,0.0,0.0,0.0,True,True,True,True,True,True,scalar_ev_lying_by_omission|high_variance_close_mean|multi_peak_pdf|wide_shelf_gap|high_std|hidden_threat_large_impact,called_suit_pressure|last_to_act,first_trick_public_belief_update|last_to_act_closure_policy,hidden_threat_offline_label_ready|public_context_ready,bid_margin,True,8,0,1-1,17.082270458340645,0,3-0,10.266026318073273,0,1-1,16.917270459234715
1,9421,1,ones,30,schema_v2_fixed_cli_value,11,2,3,2,bidder_partner,offense,0,0,12,20,15,10,4,4,3,defense,False,True,1,4,2-1,2,8,3-2,5,False,False,False,False,False,0,5,5,1,1,5,18.0,-27.724382400512695,11.530019760131836,0.0,0.7910000085830688,-38,-36,-34,-20,-10,16,-38.66,4.708817915816381,6,-36|-30|-23|-22|-19|-17,19,1000,5,3,5,35.209270000457764,0.27300000190734863,0.7580000087618828,False,False,False,False,False,False,multi_peak_pdf|large_lower_tail|hidden_threat_large_impact,last_to_act|partner_count_donation,first_trick_public_belief_update|last_to_act_closure_policy|partner_forcedness_and_safety,hidden_threat_offline_label_ready|needs_belief_model|public_context_ready,bid_margin,True,8,0,1-1,11.985503673553467,1,1-1,6.292385935783386,0,1-1,10.722811460494995
1,9421,1,ones,30,schema_v2_fixed_cli_value,11,2,3,2,bidder_partner,offense,0,0,12,20,15,10,4,4,3,defense,False,True,1,4,2-1,4,21,6-0,0,False,False,False,False,False,0,5,5,1,1,5,18.0,-24.498865127563477,14.699411392211914,0.0,0.6909999847412109,-37,-36,-33,-15,-3,21,-38.36000000000001,4.910087519273845,3,-36|-21|-18,18,1000,2,4,2,31.983752727508545,0.27300000190734863,0.6579999849200249,False,False,False,False,False,False,multi_peak_pdf|large_lower_tail|hidden_threat_large_impact,last_to_act,first_trick_public_belief_update|last_to_act_closure_policy,hidden_threat_offline_label_ready|public_context_ready,bid_margin,True,8,0,1-1,14.662896752357483,1,1-1,7.533077836036682,0,1-1,13.179050743579865
1,9421,1,ones,30,schema_v2_fixed_cli_value,11,2,3,2,bidder_partner,offense,0,0,12,20,15,10,4,4,3,defense,False,True,1,4,2-1,5,24,6-3,0,False,False,False,False,False,0,5,5,1,1,5,18.0,-25.22899627685547,14.183752059936523,0.0,0.7149999737739563,-37,-36,-33,-17,-3,19,-38.28999999999999,4.866548914008299,2,-36|-17,19,1000,4,5,4,32.71388387680054,0.27300000190734863,0.6819999739527702,False,False,False,False,False,False,multi_peak_pdf|large_lower_tail|hidden_threat_large_impact,last_to_act,first_trick_public_belief_update|last_to_act_closure_policy,hidden_threat_offline_label_ready|public_context_ready,bid_margin,True,8,0,1-1,13.914129137992859,1,1-1,7.433943390846252,0,1-1,12.470539510250092
1,9421,1,ones,30,schema_v2_fixed_cli_value,12,3,0,2,bidder_partner,offense,0,11,12,20,15,0,,,,,False,False,0,0,0-0,0,0,0-0,0,True,False,,,True,,4,5,0,1,4,18.0,-6.056478023529053,14.964035987854004,0.10400000214576721,0.3070000112056732,-24,-23,-8,5,19,28,-24.4,5.001635530441223,8,-24|-9|2|5|7|9|21|23,47,1000,1,1,1,0.0,0.0,0.0,True,True,True,True,True,False,high_variance_close_mean|multi_peak_pdf|wide_shelf_gap|large_lower_tail|hidden_threat_large_impact,,first_trick_public_belief_update,hidden_threat_offline_label_ready|public_context_ready,bid_margin,True,8,0,1-1,16.360368981026113,1,1-1,9.147040804848075,0,1-1,14.83990380866453
1,9421,1,ones,30,schema_v2_fixed_cli_value,12,3,0,2,bidder_partner,offense,0,11,12,20,15,0,,,,,False,False,0,0,0-0,2,8,3-2,5,False,False,,,True,,4,5,0,1,4,18.0,-11.507658004760742,13.874857902526855,0.06199999898672104,0.4740000069141388,-24,-24,-15,-5,9,19,-24.81,4.734167486143998,4,-24|-20|-9|24,48,1000,4,2,4,5.4511799812316895,0.04200000315904617,0.16699999570846558,False,False,False,False,False,False,multi_peak_pdf|wide_shelf_gap|large_lower_tail|hidden_threat_large_impact,partner_count_donation,first_trick_public_belief_update|partner_forcedness_and_safety,hidden_threat_offline_label_ready|needs_belief_model|public_context_ready,bid_margin,True,8,0,1-1,13.745210275053978,0,3-0,10.259161822497845,0,1-1,12.116489291191101
1,9421,1,ones,30,schema_v2_fixed_cli_value,12,3,0,2,bidder_partner,offense,0,11,12,20,15,0,,,,,False,False,0,0,0-0,4,21,6-0,0,False,False,,,True,,4,5,0,1,4,18.0,-11.125348091125488,13.744209289550781,0.050999999046325684,0.4580000042915344,-24,-24,-12,-3,8,21,-24.640000000000004,4.694661150974965,4,-24|-21|-10|-7,17,1000,2,3,2,5.0688700675964355,0.05300000309944153,0.1509999930858612,False,False,False,False,False,False,multi_peak_pdf|large_lower_tail|hidden_threat_large_impact,,first_trick_public_belief_update,hidden_threat_offline_label_ready|public_context_ready,bid_margin,True,8,0,1-1,17.990259647369385,1,1-1,10.617063281591982,0,1-1,15.700259625911713
1,9421,1,ones,30,schema_v2_fixed_cli_value,12,3,0,2,bidder_partner,offense,0,11,12,20,15,0,,,,,False,False,0,0,0-0,5,24,6-3,0,False,False,,,True,,4,5,0,1,4,18.0,-11.12791919708252,13.743185997009277,0.05000000074505806,0.45899999141693115,-24,-24,-12,-3,9,21,-24.63,4.692748440570707,4,-24|-21|-10|-7,17,1000,3,4,3,5.071441173553467,0.05400000140070915,0.15199998021125793,False,False,False,False,False,False,multi_peak_pdf|large_lower_tail|hidden_threat_large_impact,,first_trick_public_belief_update,hidden_threat_offline_label_ready|public_context_ready,bid_margin,True,8,0,1-1,17.980576626956463,1,1-1,10.681230069603771,0,1-1,15.685576669871807
1,9421,1,ones,30,schema_v2_fixed_cli_value,13,3,1,3,right_setter,defense,1,11,12,20,15,0,0,0,2,offense,False,True,1,6,3-0,0,3,2-0,0,False,False,True,False,False,18,4,0,0,0,2,-17.0,-10.028977394104004,14.579987525939941,0.5609999895095825,0.4259999990463257,-25,-24,-10,-3,10,21,-25.0,4.806432668425869,5,-25|-21|-9|10|24,49,1000,2,2,1,0.05836772918701172,0.0020000338554382324,0.0,False,False,False,True,True,False,high_variance_close_mean|multi_peak_pdf|wide_shelf_gap|large_lower_tail|hidden_threat_large_impact,,first_trick_public_belief_update,hidden_threat_offline_label_ready|public_context_ready,bid_margin,True,8,1,1-1,12.417497307062149,1,5-0,10.320570975542068,1,1-1,11.107603132724762
1,9421,1,ones,30,schema_v2_fixed_cli_value,13,3,1,3,right_setter,defense,1,11,12,20,15,0,0,0,2,offense,False,True,1,6,3-0,1,6,3-0,0,False,False,True,False,False,19,4,0,0,0,2,-17.0,-9.970609664916992,14.600395202636719,0.5630000233650208,0.4269999861717224,-25,-24,-10,-3,10,21,-25.0,4.817672895658251,5,-25|-21|-9|10|24,49,1000,1,1,2,0.0,0.0,0.0009999871253967285,True,True,True,False,True,True,scalar_ev_lying_by_omission|high_variance_close_mean|multi_peak_pdf|wide_shelf_gap|large_lower_tail|hidden_threat_large_impact,,first_trick_public_belief_update,hidden_threat_offline_label_ready|public_context_ready,bid_margin,True,8,1,1-1,12.426542282104492,1,5-0,10.340540319681168,1,1-1,11.124875709414482
1,9421,1,ones,30,schema_v2_fixed_cli_value,14,3,2,0,bidder,offense,2,11,12,20,15,0,0,0,2,offense,True,False,3,9,3-3,0,1,1-0,0,False,True,False,True,True,33,4,0,2,2,4,18.0,3.8072314262390137,15.531575202941895,0.2770000100135803,0.14000000059604645,-23,-7,5,22,24,29,-23.66,4.70282223793464,7,-23|-7|-3|1|5|9|24,47,1000,3,1,3,0.12719440460205078,0.0,0.00599999725818634,False,False,True,False,False,False,multi_peak_pdf|wide_shelf_gap|high_std|hidden_threat_large_impact,called_suit_pressure,first_trick_public_belief_update,hidden_threat_offline_label_ready|public_context_ready,bid_margin,True,8,2,1-1,19.896139055490494,1,1-1,10.779880757443607,2,1-1,19.19613905251026
1,9421,1,ones,30,schema_v2_fixed_cli_value,14,3,2,0,bidder,offense,2,11,12,20,15,0,0,0,2,offense,True,False,3,9,3-3,1,5,2-2,0,True,False,False,False,False,0,4,0,2,2,4,18.0,3.9076666831970215,15.70511531829834,0.2770000100135803,0.1379999965429306,-20,-8,8,22,24,30,-22.169999999999998,4.621639283531886,6,-22|-17|-8|4|9|24,46,1000,2,2,2,0.02675914764404297,0.0,0.003999993205070496,False,False,False,False,True,False,high_variance_close_mean|multi_peak_pdf|wide_shelf_gap|high_std|hidden_threat_large_impact,,first_trick_public_belief_update,hidden_threat_offline_label_ready|public_context_ready,bid_margin,True,8,2,1-1,18.931944221258163,1,1-1,9.966777826659381,2,1-1,18.24194423854351
1,9421,1,ones,30,schema_v2_fixed_cli_value,14,3,2,0,bidder,offense,2,11,12,20,15,0,0,0,2,offense,True,False,3,9,3-3,2,7,3-1,0,False,True,False,True,True,36,4,0,2,2,4,18.0,3.7939863204956055,15.533493995666504,0.2770000100135803,0.14000000059604645,-23,-7,5,22,24,29,-23.639999999999997,4.7048866537156195,7,-23|-7|-3|1|5|9|24,47,1000,4,3,4,0.14043951034545898,0.0,0.00599999725818634,False,False,False,False,False,False,multi_peak_pdf|wide_shelf_gap|high_std|hidden_threat_large_impact,called_suit_pressure,first_trick_public_belief_update,hidden_threat_offline_label_ready|public_context_ready,bid_margin,True,8,2,1-1,19.889135748147964,1,1-1,10.778756852261722,2,1-1,19.189135745167732
1,9421,1,ones,30,schema_v2_fixed_cli_value,14,3,2,0,bidder,offense,2,11,12,20,15,0,0,0,2,offense,True,False,3,9,3-3,3,9,3-3,0,True,False,False,False,False,0,4,0,2,2,4,18.0,3.9344258308410645,15.615862846374512,0.2770000100135803,0.1340000033378601,-20,-8,8,22,24,30,-21.91,4.626082262134637,5,-22|-18|-8|9|24,46,1000,1,4,1,0.0,0.0,0.0,True,True,False,True,True,True,scalar_ev_lying_by_omission|high_variance_close_mean|multi_peak_pdf|wide_shelf_gap|high_std|hidden_threat_large_impact,,first_trick_public_belief_update,hidden_threat_offline_label_ready|public_context_ready,bid_margin,True,8,2,1-1,18.879967093467712,1,1-1,9.994897986762226,2,1-1,18.209967076778412
1,9421,1,ones,30,schema_v2_fixed_cli_value,15,3,3,1,left_setter,defense,3,11,12,20,15,0,0,0,2,offense,False,True,2,15,5-0,2,15,5-0,5,False,False,True,False,False,21,4,10,3,1,1,-17.0,8.895476341247559,0.20065779983997345,1.0,0.0,9,9,9,9,9,0,8.93,0.1601219036493305,1,9,,1000,1,1,1,0.0,0.0,0.0,True,True,True,True,False,False,,last_to_act|setter_count_pressure,first_trick_public_belief_update|last_to_act_closure_policy|setter_count_before_certainty,hidden_threat_offline_label_ready|needs_real_bid_margin|public_context_ready,bid_margin,True,8,2,3-2,0.19820308685302734,0,0-0,0.16202545166015625,2,3-2,0.19820308685302734
1,9421,1,ones,30,schema_v2_fixed_cli_value,16,4,0,2,bidder_partner,offense,0,17,12,25,10,0,,,,,False,False,2,8,3-2,2,8,3-2,5,False,False,,,True,,3,5,0,0,3,18.0,-6.401923179626465,12.691027641296387,0.07000000029802322,0.3149999976158142,-19,-19,-7,2,17,21,-19.0,4.186089476028892,7,-19|-17|-6|2|5|17|19,38,1000,3,1,3,1.0433030128479004,0.0,0.013000011444091797,True,False,True,False,False,False,multi_peak_pdf|wide_shelf_gap|large_lower_tail|hidden_threat_large_impact,late_hand|partner_count_donation,first_trick_public_belief_update|late_trick_threshold_closure|partner_forcedness_and_safety,distribution_labels_ready|hidden_threat_offline_label_ready|needs_belief_model|public_context_ready,bid_margin,True,8,0,1-1,13.208614125847816,0,4-3,12.086687542498112,0,1-1,11.633614137768745
1,9421,1,ones,30,schema_v2_fixed_cli_value,16,4,0,2,bidder_partner,offense,0,17,12,25,10,0,,,,,False,False,2,8,3-2,4,21,6-0,0,False,False,,,True,,3,5,0,0,3,18.0,-5.3652567863464355,12.753808975219727,0.057999998331069946,0.3019999861717224,-19,-19,-6,4,16,23,-19.0,4.245755259264549,8,-19|-17|-9|-5|0|4|17|19,38,1000,2,2,1,0.006636619567871094,0.012000001966953278,0.0,False,False,False,True,True,False,high_variance_close_mean|multi_peak_pdf|wide_shelf_gap|large_lower_tail|hidden_threat_large_impact,late_hand,first_trick_public_belief_update|late_trick_threshold_closure,distribution_labels_ready|hidden_threat_offline_label_ready|public_context_ready,bid_margin,True,8,0,1-1,15.34167394042015,1,1-1,10.207423955202103,0,1-1,13.831674009561539
1,9421,1,ones,30,schema_v2_fixed_cli_value,16,4,0,2,bidder_partner,offense,0,17,12,25,10,0,,,,,False,False,2,8,3-2,5,24,6-3,0,False,False,,,True,,3,5,0,0,3,18.0,-5.3586201667785645,12.776971817016602,0.057999998331069946,0.3019999861717224,-19,-19,-6,4,16,23,-19.0,4.254081772654925,8,-19|-9|-6|-5|0|4|17|19,38,1000,1,3,2,0.0,0.012000001966953278,0.0,False,True,False,False,True,True,scalar_ev_lying_by_omission|high_variance_close_mean|multi_peak_pdf|wide_shelf_gap|large_lower_tail|hidden_threat_large_impact,late_hand,first_trick_public_belief_update|late_trick_threshold_closure,distribution_labels_ready|hidden_threat_offline_label_ready|public_context_ready,bid_margin,True,8,0,1-1,15.39656886458397,1,1-1,10.24804475903511,0,1-1,13.886568933725357
1,9421,1,ones,30,schema_v2_fixed_cli_value,17,4,1,3,right_setter,defense,1,17,12,30,5,5,3,3,2,offense,False,True,3,13,4-3,3,13,4-3,0,False,False,True,True,True,23,3,0,0,0,1,-17.0,-3.287036895751953,13.163475036621094,0.734000027179718,0.2590000033378601,-19,-19,-6,7,17,26,-19.0,4.001257689704037,9,-19|-17|-6|-3|4|6|10|17|19,38,1000,1,1,1,0.0,0.0,0.0,True,True,True,True,False,False,multi_peak_pdf|wide_shelf_gap|large_lower_tail|hidden_threat_large_impact,late_hand,first_trick_public_belief_update|late_trick_threshold_closure,distribution_labels_ready|hidden_threat_offline_label_ready|public_context_ready,bid_margin,True,8,1,6-3,16.985164612531662,1,6-3,16.645164594054222,1,1-1,11.263989239931107
1,9421,1,ones,30,schema_v2_fixed_cli_value,18,4,2,0,bidder,offense,2,17,12,30,5,5,3,3,3,defense,False,True,2,7,3-1,0,1,1-0,0,False,True,False,True,True,33,3,0,2,1,3,18.0,-3.673142671585083,13.92807674407959,0.16300000250339508,0.23199999332427979,-19,-17,-7,7,19,24,-19.0,3.6207338711018164,9,-19|-17|-12|-7|-1|5|7|17|19,38,1000,1,1,1,0.0,0.0,0.0,False,True,True,True,True,False,high_variance_close_mean|multi_peak_pdf|wide_shelf_gap|hidden_threat_large_impact,called_suit_pressure|late_hand,first_trick_public_belief_update|late_trick_threshold_closure,distribution_labels_ready|hidden_threat_offline_label_ready|public_context_ready,bid_margin,True,8,2,1-1,17.973230451345444,2,6-3,15.023698642849922,2,1-1,16.813230484724045
1,9421,1,ones,30,schema_v2_fixed_cli_value,18,4,2,0,bidder,offense,2,17,12,30,5,5,3,3,3,defense,False,True,2,7,3-1,1,5,2-2,0,True,False,False,False,False,0,3,0,2,1,3,18.0,-14.046249389648438,7.980307579040527,0.0,0.527999997138977,-19,-19,-19,-12,1,7,-19.0,2.5661574845272237,8,-19|-17|-15|-11|-10|-7|1|6,25,1000,3,3,3,10.373106718063354,0.16300000250339508,0.29600000381469727,False,False,False,False,False,False,multi_peak_pdf|wide_shelf_gap|large_lower_tail|hidden_threat_large_impact,late_hand,first_trick_public_belief_update|late_trick_threshold_closure,distribution_labels_ready|hidden_threat_offline_label_ready|public_context_ready,bid_margin,True,8,2,1-1,13.137171030044556,1,1-1,5.889087796211243,2,1-1,10.49717104434967
1,9421,1,ones,30,schema_v2_fixed_cli_value,18,4,2,0,bidder,offense,2,17,12,30,5,5,3,3,3,defense,False,True,2,7,3-1,2,7,3-1,0,False,True,False,True,True,36,3,0,2,1,3,18.0,-3.67453670501709,13.902840614318848,0.16300000250339508,0.23199999332427979,-19,-17,-7,7,19,24,-19.0,3.5995133041907685,9,-19|-17|-11|-7|-1|5|7|17|19,38,1000,2,2,2,0.001394033432006836,0.0,0.0,True,False,False,False,True,False,high_variance_close_mean|multi_peak_pdf|wide_shelf_gap|hidden_threat_large_impact,called_suit_pressure|late_hand,first_trick_public_belief_update|late_trick_threshold_closure,distribution_labels_ready|hidden_threat_offline_label_ready|public_context_ready,bid_margin,True,8,2,1-1,17.913829654455185,2,6-3,14.986286237835884,2,1-1,16.753829687833786
1,9421,1,ones,30,schema_v2_fixed_cli_value,19,4,3,1,left_setter,defense,3,17,12,30,5,5,3,3,0,offense,False,True,1,11,4-1,0,2,1-1,0,True,True,False,True,True,46,3,5,3,1,3,-17.0,19.814674377441406,0.2688644230365753,1.0,0.0,20,20,20,20,20,0,20.0,-0.0,1,20,,1000,3,1,1,0.05880928039550781,0.0,0.0,False,False,True,True,True,False,high_variance_close_mean,called_suit_pressure|last_to_act|late_hand,first_trick_public_belief_update|last_to_act_closure_policy|late_trick_threshold_closure,distribution_labels_ready|hidden_threat_offline_label_ready|public_context_ready,bid_margin,True,8,3,1-0,0.3990440368652344,2,2-2,0.2397785186767578,3,1-0,0.3990440368652344
1,9421,1,ones,30,schema_v2_fixed_cli_value,19,4,3,1,left_setter,defense,3,17,12,30,5,5,3,3,0,offense,False,True,1,11,4-1,1,11,4-1,5,False,True,False,True,True,37,3,5,3,1,3,-17.0,19.873483657836914,0.26010608673095703,1.0,0.0,20,20,20,20,20,0,20.0,-0.0,1,20,,1000,1,2,2,0.0,0.0,0.0,True,True,False,False,True,True,scalar_ev_lying_by_omission|high_variance_close_mean,called_suit_pressure|last_to_act|late_hand|setter_count_pressure,first_trick_public_belief_update|last_to_act_closure_policy|late_trick_threshold_closure|setter_count_before_certainty,distribution_labels_ready|hidden_threat_offline_label_ready|needs_real_bid_margin|public_context_ready,bid_margin,True,8,3,1-0,0.3848152160644531,3,4-2,0.21044349670410156,3,1-0,0.3848152160644531
1,9421,1,ones,30,schema_v2_fixed_cli_value,19,4,3,1,left_setter,defense,3,17,12,30,5,5,3,3,0,offense,False,True,1,11,4-1,4,22,6-1,0,False,True,False,True,True,39,3,5,3,1,3,-17.0,19.825700759887695,0.25964057445526123,1.0,0.0,20,20,20,20,20,0,20.0,-0.0,1,20,,1000,2,3,3,0.04778289794921875,0.0,0.0,False,False,False,False,False,False,,called_suit_pressure|last_to_act|late_hand,first_trick_public_belief_update|last_to_act_closure_policy|late_trick_threshold_closure,distribution_labels_ready|hidden_threat_offline_label_ready|public_context_ready,bid_margin,True,8,3,1-0,0.384796142578125,3,4-2,0.2212085723876953,3,1-0,0.384796142578125
1,9421,1,ones,30,schema_v2_fixed_cli_value,20,5,0,1,left_setter,defense,3,17,23,35,0,0,,,,,False,False,4,22,6-1,0,2,1-1,0,True,True,,,True,,2,0,2,1,2,-17.0,6.950464725494385,0.24506141245365143,1.0,0.0,7,7,7,7,7,0,7.0,-0.0,1,7,,1000,2,1,1,0.013250350952148438,0.0,0.0,False,False,True,True,True,False,high_variance_close_mean,called_suit_pressure|late_hand|setter_lead_pressure,defender_damage_lead_class|first_trick_public_belief_update|late_trick_threshold_closure,distribution_labels_ready|hidden_threat_offline_label_ready|needs_real_bid_margin|public_context_ready,bid_margin,True,8,3,1-0,0.307436466217041,3,2-2,0.3002357482910156,3,1-0,0.307436466217041
1,9421,1,ones,30,schema_v2_fixed_cli_value,20,5,0,1,left_setter,defense,3,17,23,35,0,0,,,,,False,False,4,22,6-1,4,22,6-1,0,False,True,,,True,,2,0,2,1,2,-17.0,6.963715076446533,0.2388514280319214,1.0,0.0,7,7,7,7,7,0,7.0,-0.0,1,7,,1000,1,2,2,0.0,0.0,0.0,True,True,False,False,True,True,scalar_ev_lying_by_omission|high_variance_close_mean,called_suit_pressure|late_hand|setter_lead_pressure,defender_damage_lead_class|first_trick_public_belief_update|late_trick_threshold_closure,distribution_labels_ready|hidden_threat_offline_label_ready|needs_real_bid_margin|public_context_ready,bid_margin,True,8,3,1-0,0.29964399337768555,3,2-2,0.29251909255981445,3,1-0,0.29964399337768555
1,9421,1,ones,30,schema_v2_fixed_cli_value,21,5,1,2,bidder_partner,offense,0,17,23,35,0,0,7,called,1,defense,False,True,4,21,6-0,4,21,6-0,0,False,False,False,False,False,0,2,0,0,0,2,18.0,-0.4878019690513611,7.121250152587891,0.0,0.0,-7,-7,-5,8,8,15,-7.0,1.5778190821356353,4,-7|-5|4|8,15,1000,1,1,1,0.0,0.0,0.0,True,True,True,True,True,False,high_variance_close_mean|multi_peak_pdf|hidden_threat_large_impact,late_hand,first_trick_public_belief_update|late_trick_threshold_closure,distribution_labels_ready|hidden_threat_offline_label_ready|public_context_ready,bid_margin,True,8,1,4-2,6.906608045101166,1,1-1,6.875692427158356,1,4-2,6.906608045101166
1,9421,1,ones,30,schema_v2_fixed_cli_value,21,5,1,2,bidder_partner,offense,0,17,23,35,0,0,7,called,1,defense,False,True,4,21,6-0,5,24,6-3,0,False,False,False,False,False,0,2,0,0,0,2,18.0,-0.4910632073879242,7.11336612701416,0.0,0.0,-7,-7,-5,8,8,15,-7.0,1.5778190821356353,4,-7|-5|3|8,15,1000,2,2,2,0.0032612383365631104,0.0,0.0,False,False,False,False,True,False,high_variance_close_mean|multi_peak_pdf|hidden_threat_large_impact,late_hand,first_trick_public_belief_update|late_trick_threshold_closure,distribution_labels_ready|hidden_threat_offline_label_ready|public_context_ready,bid_margin,True,8,1,1-1,6.867493063211441,1,1-1,6.867493063211441,1,4-2,6.865043252706528
1,9421,1,ones,30,schema_v2_fixed_cli_value,22,5,2,3,right_setter,defense,1,17,23,35,0,0,7,called,1,defense,True,False,0,3,2-0,0,3,2-0,0,False,False,False,False,False,0,2,0,0,0,2,-17.0,1.6247493028640747,6.2923760414123535,1.0,0.0,-7,-7,5,7,7,14,-7.0,1.581312240925664,3,-7|5|7,14,1000,1,1,1,0.0,0.0,0.0,True,True,True,True,True,False,high_variance_close_mean|multi_peak_pdf|hidden_threat_large_impact,late_hand,first_trick_public_belief_update|late_trick_threshold_closure,distribution_labels_ready|hidden_threat_offline_label_ready|public_context_ready,bid_margin,True,7,1,2-2,9.026894211769104,1,2-2,9.026894211769104,1,1-1,5.791877627372742
1,9421,1,ones,30,schema_v2_fixed_cli_value,22,5,2,3,right_setter,defense,1,17,23,35,0,0,7,called,1,defense,True,False,0,3,2-0,2,12,4-2,0,False,False,False,False,False,0,2,0,0,0,2,-17.0,1.4904195070266724,6.229048728942871,1.0,0.0,-7,-7,4,7,7,14,-7.0,1.581312240925664,3,-7|4|7,14,1000,2,2,2,0.13432979583740234,0.0,0.0,False,False,False,False,True,False,high_variance_close_mean|multi_peak_pdf|hidden_threat_large_impact,late_hand,first_trick_public_belief_update|late_trick_threshold_closure,distribution_labels_ready|hidden_threat_offline_label_ready|public_context_ready,bid_margin,True,7,1,2-2,8.887125611305237,1,2-2,8.887125611305237,1,1-1,5.922614932060242
1,9421,1,ones,30,schema_v2_fixed_cli_value,23,5,3,0,bidder,offense,2,17,23,35,0,0,7,called,1,defense,False,True,0,1,1-0,0,1,1-0,0,False,True,True,False,False,33,2,0,1,1,1,18.0,-7.3120341300964355,9.5367431640625e-07,0.0,0.0,-7,-7,-7,-7,-7,0,-7.0,-0.0,1,-7,,1000,1,1,1,0.0,0.0,0.0,True,True,True,True,False,False,,called_suit_pressure|last_to_act|late_hand,first_trick_public_belief_update|last_to_act_closure_policy|late_trick_threshold_closure,distribution_labels_ready|hidden_threat_offline_label_ready|public_context_ready,bid_margin,True,3,1,1-1,4.76837158203125e-07,1,1-1,0.0,1,1-1,4.76837158203125e-07
1,9421,1,ones,30,schema_v2_fixed_cli_value,24,6,0,1,left_setter,defense,3,17,24,35,0,0,,,,,False,False,0,2,1-1,0,2,1-1,0,True,True,,,True,,1,0,1,1,1,-17.0,5.673956871032715,0.38818883895874023,1.0,0.0,5,5,6,6,6,1,5.0,0.9990649315776107,1,6,,1000,1,1,1,0.0,0.0,0.0,True,True,True,True,False,False,,called_suit_pressure|late_hand|setter_lead_pressure,defender_damage_lead_class|first_trick_public_belief_update|late_trick_threshold_closure,distribution_labels_ready|hidden_threat_offline_label_ready|needs_real_bid_margin|public_context_ready,bid_margin,True,7,0,0-0,0.4020986557006836,0,0-0,0.4020986557006836,3,2-2,0.3975844383239746
1,9421,1,ones,30,schema_v2_fixed_cli_value,25,6,1,2,bidder_partner,offense,0,17,24,35,0,0,7,called,1,defense,False,True,5,24,6-3,5,24,6-3,0,False,False,False,False,False,0,1,0,0,0,1,18.0,-6.476729393005371,0.0003014042158611119,0.0,0.0,-6,-6,-6,-6,-6,0,-6.000000000000001,-0.0,1,-6,,1000,1,1,1,0.0,0.0,0.0,True,True,True,True,False,False,,late_hand,first_trick_public_belief_update|late_trick_threshold_closure,distribution_labels_ready|hidden_threat_offline_label_ready|public_context_ready,bid_margin,True,4,3,2-2,0.00031280517578125,0,2-2,0.00029087066650390625,3,2-2,0.00031280517578125
1,9421,1,ones,30,schema_v2_fixed_cli_value,26,6,2,3,right_setter,defense,1,17,24,35,0,0,7,called,1,defense,True,False,2,12,4-2,2,12,4-2,0,False,False,False,False,False,0,1,0,0,0,1,-17.0,5.985755443572998,4.76837158203125e-07,1.0,0.0,6,6,6,6,6,0,6.000000000000001,-0.0,1,6,,1000,1,1,1,0.0,0.0,0.0,True,True,True,True,False,False,,late_hand,first_trick_public_belief_update|late_trick_threshold_closure,distribution_labels_ready|hidden_threat_offline_label_ready|public_context_ready,bid_margin,True,1,0,2-2,0.0,0,2-2,0.0,0,2-2,0.0
1,9421,1,ones,30,schema_v2_fixed_cli_value,27,6,3,0,bidder,offense,2,17,24,35,0,0,7,called,1,defense,False,True,1,5,2-2,1,5,2-2,0,True,False,False,False,False,0,1,0,0,1,1,18.0,-6.493134498596191,0.0,0.0,0.0,-6,-6,-6,-6,-6,0,-6.000000000000001,-0.0,1,-6,,1000,1,1,1,0.0,0.0,0.0,True,True,True,True,False,False,,last_to_act|late_hand,first_trick_public_belief_update|last_to_act_closure_policy|late_trick_threshold_closure,distribution_labels_ready|public_context_ready,bid_margin,False,0,,,,,,,,,
