concept_bucket,coverage_status,primary_proxy_groups,n,raw_final_mean_regret,tagged_final_mean_regret,delta_final_mean_regret,raw_final_match_rate,tagged_final_match_rate,delta_final_match_rate_pp,tagged_best_mean_regret,delta_raw_final_vs_tagged_best,notes
count,available_proxy,action:count_pressure,113,5.297,2.865,-2.431,37.17%,49.56%,12.39,2.908,-2.388,"Strongest numeric proxy for count handling; action group fires on ten-count and point-dump pressure."
trump,available_broad_proxy,action:suit_pressure,366,3.681,2.591,-1.090,45.08%,53.55%,8.47,2.517,-1.164,"Broad suit-pressure proxy includes live suit and higher-live pressure, not a clean trump-only detector."
off-risk,available_proxy,action:double_protection,147,4.611,2.976,-1.635,36.05%,46.94%,10.88,3.022,-1.589,"Best current off-risk/protection proxy; v0 does not isolate all off-suit loss modes."
partner_donation,available_proxy,action:donation_window,93,5.476,3.043,-2.433,37.63%,50.54%,12.90,3.182,-2.294,"Donation-window group includes count donation to partner and opponent-currently-winning cases; underpowered but useful."
setter_pounce,missing_detector,not available,not available,not available,not available,not available,not available,not available,not available,not available,not available,"v1 detector map designs pounce detectors, but merged v0 run has no setter-pounce slice."
walkers_endgame,missing_detector,not available,not available,not available,not available,not available,not available,not available,not available,not available,not available,"v0 phase tags are too broad for walker/endgame claims; no effective-walker or final-asset slice exists in these artifacts."
84,missing_detector,not available,not available,not available,not available,not available,not available,not available,not available,not available,not available,"No 84 contract/preservation bucket is available in the raw or v0 baseline artifacts."
no_trump_doubles,broad_only,global:declaration,560,2.834,2.099,-0.734,56.61%,63.75%,7.14,2.000,-0.834,"Declaration group is active on all rows because every hand has a declaration one-hot; current artifacts cannot isolate no-trump or doubles regimes."
scoring,missing_detector,not available,not available,not available,not available,not available,not available,not available,not available,not available,not available,"The v0 run has no score-mode, marks, tournament, or point-vs-mark objective tags."
