group_type,group,action_n,actual_action_rate,top_mean_rate,top_threshold_rate,safest_tail_rate,scalar_omission_rate,hidden_large_impact_rate,mean,std,threshold_mass,lower_tail_mass,mean_gap_to_best,threshold_gap_to_best,lower_tail_gap_to_safest,top_hidden_impact_score,max_hidden_impact_score,top_hidden_downside_score,max_hidden_downside_score,top_hidden_upside_score,max_hidden_upside_score
all,all,748305,0.3741789778232138,0.3741789778232138,0.3741789778232138,0.3741789778232138,0.18311918268620417,0.8515765630324533,-2.216542092699878,15.787300080348906,0.44525404318212375,0.2931159594281618,3.7369095486219903,0.054684777950350844,0.05549406214319534,17.461359079813718,85.0433349609375,10.854307849242394,72.5683364868164,16.02661869847133,80.3714599609375
claim_detector,bidder_first_lead_plan,70000,0.14285714285714285,0.14285714285714285,0.14285714285714285,0.14285714285714285,0.13974285714285714,0.9976142857142857,-3.5896396503359163,22.870240305038863,0.2505089885242782,0.3443679546892046,6.309369922810196,0.07544265902316796,0.10277870162976906,22.88450901722908,58.450965881347656,12.84427709266969,34.26103210449219,21.56133132064002,55.78042984008789
claim_detector,defender_damage_lead_class,93909,0.30210097008806397,0.30210097008806397,0.30210097008806397,0.30210097008806397,0.1881395819357037,0.8510046960355238,0.28986507726170124,15.942368879395294,0.737300390188983,0.24699211872750376,4.299486867065426,0.0706387149869257,0.06788465407548953,17.938161262446698,73.23207092285156,10.879666224389855,60.074668884277344,16.629968260637035,68.9779052734375
claim_detector,doubles_regime_plan,75330,0.3716978627372893,0.3716978627372893,0.3716978627372893,0.3716978627372893,0.17708748174697994,0.8653258993760786,-2.3855393223103003,15.052716712947765,0.4444649561066007,0.27303713437002836,2.78911237147962,0.04357712436282656,0.0402929788997439,17.696268721450192,71.28873443603516,10.970626358001768,64.36417388916016,16.351877398071835,66.83404541015625
claim_detector,first_setter_pounce_window,24798,0.40325832728445843,0.40325832728445843,0.40325832728445843,0.40325832728445843,0.23667231228324864,0.9895959351560609,-6.75993996373452,21.690421026960497,0.5863153433112455,0.40123921136900736,4.7713086594322345,0.06600452257445798,0.06471492745257855,21.015704565989854,55.694095611572266,13.94774286627183,44.87071990966797,19.346351327434817,52.84201431274414
claim_detector,first_trick_public_belief_update,604192,0.3972247232667761,0.3972247232667761,0.3972247232667761,0.3972247232667761,0.18398952650812986,0.8200737513902865,-2.002789051126773,14.48052921012141,0.45882856679704764,0.2802226117930382,3.3539116827419786,0.05142015326521935,0.04983805600094644,16.605820432716044,85.0433349609375,10.486399500346394,72.5683364868164,15.143071376435444,80.3714599609375
claim_detector,last_to_act_closure_policy,155132,0.4512286311012557,0.4512286311012557,0.4512286311012557,0.4512286311012557,0.1735360853982415,0.7716718665394632,-6.732987892797636,12.398620475826402,0.4347502890680413,0.3524204959287214,3.4323262145552293,0.04955390996939141,0.048466006769193486,14.335519452639653,71.820068359375,8.868289453708845,59.85443878173828,13.072234098782172,67.3653793334961
claim_detector,late_trick_threshold_closure,208636,0.5751644011579976,0.5751644011579976,0.5751644011579976,0.5751644011579976,0.18267221380778007,0.5907082190992925,-1.2312957208813835,8.23107452668575,0.4687911827215737,0.18844127249727713,1.7539203993846442,0.028383934065470125,0.02603009856844965,11.352807654125314,81.80814361572266,7.58244807441201,72.5683364868164,9.937703568058744,77.07115173339844
claim_detector,no_trump_lead_control_and_support,74085,0.3779442532226497,0.3779442532226497,0.3779442532226497,0.3779442532226497,0.17686441249915638,0.8541945063103192,-3.2085973219990143,15.966467447628167,0.43096098165276303,0.3221628775673894,4.874437297684637,0.06669209301305655,0.0815135100981548,19.305197640995818,81.21697998046875,11.309055634140726,66.6924057006836,17.727545398078508,77.07115173339844
claim_detector,partner_forcedness_and_safety,30446,0.41463574853839585,0.4227156276686593,0.4123694409774683,0.4026801550285752,0.19831833409971752,0.833442816790383,-0.156818327993149,14.397759446349676,0.28147885337136463,0.28939251476262673,4.324881224656792,0.06779578470913081,0.06252024556491059,16.266962863672518,82.86575317382812,10.356484722345822,59.45310592651367,14.86556923460402,78.87616729736328
claim_detector,partner_third_seat_safe_donation,24641,0.4058276855647092,0.4058276855647092,0.4058276855647092,0.4058276855647092,0.21500750781218295,0.9714297309362445,4.529065200235575,19.85720230201791,0.373439697675242,0.2558903159390918,3.149270835597168,0.04870797539290771,0.03720553608841288,19.092875788549115,51.3162956237793,11.685348078072117,46.28881072998047,17.916523718750714,48.6287956237793
claim_detector,setter_count_before_certainty,64203,0.38956123545628707,0.3836736601093407,0.3709951248384032,0.3687055122034796,0.16038191361774373,0.8333099699390994,-3.256509492719795,14.56311589319919,0.6485936968782445,0.3316404319507361,4.951853821202511,0.0766687834772601,0.07445010587053329,16.624525281657895,73.23207092285156,10.859345201386336,63.15927505493164,15.040483352631695,68.9779052734375
decl,0,74188,0.3774195287647598,0.3774195287647598,0.3774195287647598,0.3774195287647598,0.18918153879333585,0.8487626031164069,-1.8595212918629727,16.195431656575746,0.44918228421429,0.29587439994615833,4.012629561577675,0.0585406750395353,0.05739261286291929,15.539435614771037,75.27528381347656,10.192832239775715,59.45310592651367,14.139108591029848,71.13777923583984
decl,1,73946,0.378654693965867,0.378654693965867,0.378654693965867,0.378654693965867,0.1886376545046385,0.8523787628810213,-2.0268426665701282,16.258102087697747,0.44903250939836636,0.29919052504796423,3.9241938282390803,0.05658593456771238,0.05607181112142591,16.726988477825603,72.08427429199219,10.881713599193503,64.13819122314453,15.234177183320364,68.16928100585938
decl,2,74351,0.3765921103952872,0.3765921103952872,0.3765921103952872,0.3765921103952872,0.18804051055130394,0.8575271348065258,-2.2605299258030196,16.35894593757193,0.4429583671822757,0.3020428312599851,3.979093450684238,0.05863334971283263,0.058283413836018906,16.79320548622394,85.0433349609375,10.84287523309316,62.97010803222656,15.309267994900784,80.3714599609375
decl,3,74291,0.3768962593046264,0.3768962593046264,0.3768962593046264,0.3768962593046264,0.1876001130688778,0.8496587742795224,-2.1453155353021462,16.13967325096496,0.4461530767225642,0.2972623442749904,4.0071075602987865,0.057524541098989426,0.05769969702575019,16.647529770060967,81.80814361572266,10.567142752610975,58.339996337890625,15.271626903557594,76.98783111572266
decl,4,74648,0.37509377344336087,0.37509377344336087,0.37509377344336087,0.37509377344336087,0.1882568856499839,0.8249785660700889,-1.5444123972142594,15.847256121925108,0.4542887800882718,0.2898353429237613,3.3071783261953427,0.048170255073036,0.0462129626249827,18.69897108760547,76.98865509033203,11.3684852113772,72.5683364868164,17.221685011227137,71.06230163574219
decl,5,74693,0.37486779216258553,0.37486779216258553,0.37486779216258553,0.37486779216258553,0.17428674708473352,0.8249769054663757,-1.547395550208761,14.387684055013375,0.4561698841044621,0.26646627369853376,3.2608787391454506,0.04911975635413939,0.04483597331853496,17.09716447724557,68.2125244140625,10.263896524099136,57.9102897644043,15.739371529674457,64.18377685546875
decl,6,73870,0.3790442669554623,0.3790442669554623,0.3790442669554623,0.3790442669554623,0.1859753621226479,0.8426018681467443,-1.863464977912313,16.195124853351437,0.4516026298552297,0.2917345640959521,3.691142440399423,0.05253103157869973,0.05216365503440391,17.839458883484376,74.26709747314453,11.049892731218863,66.37973022460938,16.408440180966604,70.24626159667969
decl,7,75330,0.3716978627372893,0.3716978627372893,0.3716978627372893,0.3716978627372893,0.17708748174697994,0.8653258993760786,-2.3855393223103003,15.052716712947765,0.4444649561066007,0.27303713437002836,2.78911237147962,0.04357712436282656,0.0402929788997439,17.696268721450192,71.28873443603516,10.970626358001768,64.36417388916016,16.351877398071835,66.83404541015625
decl,8,78903,0.35486610141566227,0.35486610141566227,0.35486610141566227,0.35486610141566227,0.17584882704079693,0.89283043737247,-3.26268304349693,15.511384955542702,0.42868529732539956,0.29403459538375043,3.5563770523130085,0.05566124007429434,0.06053242953120622,18.2169232324089,82.86575317382812,11.083044130575606,58.266056060791016,16.807061965501138,78.87616729736328
decl,9,74085,0.3779442532226497,0.3779442532226497,0.3779442532226497,0.3779442532226497,0.17686441249915638,0.8541945063103192,-3.2085973219990143,15.966467447628167,0.43096098165276303,0.3221628775673894,4.874437297684637,0.06669209301305655,0.0815135100981548,19.305197640995818,81.21697998046875,11.309055634140726,66.6924057006836,17.727545398078508,77.07115173339844
decl_name,blanks,74188,0.3774195287647598,0.3774195287647598,0.3774195287647598,0.3774195287647598,0.18918153879333585,0.8487626031164069,-1.8595212918629727,16.195431656575746,0.44918228421429,0.29587439994615833,4.012629561577675,0.0585406750395353,0.05739261286291929,15.539435614771037,75.27528381347656,10.192832239775715,59.45310592651367,14.139108591029848,71.13777923583984
decl_name,doubles,75330,0.3716978627372893,0.3716978627372893,0.3716978627372893,0.3716978627372893,0.17708748174697994,0.8653258993760786,-2.3855393223103003,15.052716712947765,0.4444649561066007,0.27303713437002836,2.78911237147962,0.04357712436282656,0.0402929788997439,17.696268721450192,71.28873443603516,10.970626358001768,64.36417388916016,16.351877398071835,66.83404541015625
decl_name,doubles-suit,78903,0.35486610141566227,0.35486610141566227,0.35486610141566227,0.35486610141566227,0.17584882704079693,0.89283043737247,-3.26268304349693,15.511384955542702,0.42868529732539956,0.29403459538375043,3.5563770523130085,0.05566124007429434,0.06053242953120622,18.2169232324089,82.86575317382812,11.083044130575606,58.266056060791016,16.807061965501138,78.87616729736328
decl_name,fives,74693,0.37486779216258553,0.37486779216258553,0.37486779216258553,0.37486779216258553,0.17428674708473352,0.8249769054663757,-1.547395550208761,14.387684055013375,0.4561698841044621,0.26646627369853376,3.2608787391454506,0.04911975635413939,0.04483597331853496,17.09716447724557,68.2125244140625,10.263896524099136,57.9102897644043,15.739371529674457,64.18377685546875
decl_name,fours,74648,0.37509377344336087,0.37509377344336087,0.37509377344336087,0.37509377344336087,0.1882568856499839,0.8249785660700889,-1.5444123972142594,15.847256121925108,0.4542887800882718,0.2898353429237613,3.3071783261953427,0.048170255073036,0.0462129626249827,18.69897108760547,76.98865509033203,11.3684852113772,72.5683364868164,17.221685011227137,71.06230163574219
decl_name,no-trump,74085,0.3779442532226497,0.3779442532226497,0.3779442532226497,0.3779442532226497,0.17686441249915638,0.8541945063103192,-3.2085973219990143,15.966467447628167,0.43096098165276303,0.3221628775673894,4.874437297684637,0.06669209301305655,0.0815135100981548,19.305197640995818,81.21697998046875,11.309055634140726,66.6924057006836,17.727545398078508,77.07115173339844
decl_name,ones,73946,0.378654693965867,0.378654693965867,0.378654693965867,0.378654693965867,0.1886376545046385,0.8523787628810213,-2.0268426665701282,16.258102087697747,0.44903250939836636,0.29919052504796423,3.9241938282390803,0.05658593456771238,0.05607181112142591,16.726988477825603,72.08427429199219,10.881713599193503,64.13819122314453,15.234177183320364,68.16928100585938
decl_name,sixes,73870,0.3790442669554623,0.3790442669554623,0.3790442669554623,0.3790442669554623,0.1859753621226479,0.8426018681467443,-1.863464977912313,16.195124853351437,0.4516026298552297,0.2917345640959521,3.691142440399423,0.05253103157869973,0.05216365503440391,17.839458883484376,74.26709747314453,11.049892731218863,66.37973022460938,16.408440180966604,70.24626159667969
decl_name,threes,74291,0.3768962593046264,0.3768962593046264,0.3768962593046264,0.3768962593046264,0.1876001130688778,0.8496587742795224,-2.1453155353021462,16.13967325096496,0.4461530767225642,0.2972623442749904,4.0071075602987865,0.057524541098989426,0.05769969702575019,16.647529770060967,81.80814361572266,10.567142752610975,58.339996337890625,15.271626903557594,76.98783111572266
decl_name,twos,74351,0.3765921103952872,0.3765921103952872,0.3765921103952872,0.3765921103952872,0.18804051055130394,0.8575271348065258,-2.2605299258030196,16.35894593757193,0.4429583671822757,0.3020428312599851,3.979093450684238,0.05863334971283263,0.058283413836018906,16.79320548622394,85.0433349609375,10.84287523309316,62.97010803222656,15.309267994900784,80.3714599609375
distribution_shape,hidden_threat_large_impact,637239,0.32591068657128647,0.3257160971001461,0.3279915384965453,0.32972558176759426,0.19157804214745175,1.0,-3.3553121301716953,18.22198343315689,0.4250696554050949,0.32306367972184125,4.223322134494208,0.06220588361496351,0.06358249913601408,20.301011983818125,85.0433349609375,12.58378487118282,72.5683364868164,18.638865966308245,80.3714599609375
distribution_shape,high_std,445674,0.2993196820994718,0.29918505454659683,0.30001974537442166,0.29850294161203034,0.22009136723255115,0.999786839707948,-4.246203323830707,21.38705503224536,0.40641686310674874,0.35481852337895387,4.671288184776744,0.06741680256304884,0.0741035383552552,23.651866503767316,82.86575317382812,14.564342505993658,72.5683364868164,21.84817453316016,78.87616729736328
distribution_shape,high_variance_close_mean,119969,0.6160091356933874,0.6446081904491994,0.568096758329235,0.5196925872517066,0.5052721953171236,0.8499612399869967,-6.264236849051924,15.559345582653265,0.3971104590763449,0.3501017212638774,0.10054861060557181,0.003899983917488589,0.006635799527539346,18.095401250830133,81.21697998046875,11.402709593775128,72.5683364868164,16.42132295508856,77.07115173339844
distribution_shape,large_lower_tail,381302,0.2820625121294932,0.27977036574683584,0.283040739361451,0.2782649972987291,0.16786431752259365,0.9632784512014099,-13.56181610837114,19.45143688191231,0.27211328703143556,0.5276398708103828,4.832832981303008,0.07056629077110392,0.09425587554006645,22.648901421305194,85.0433349609375,13.564097559051225,64.47181701660156,20.70419668053382,80.3714599609375
distribution_shape,scalar_ev_lying_by_omission,137029,0.804172839325982,1.0,0.6091411307095578,0.5969393340095892,1.0,0.8909136022301849,0.9373897624915681,17.129272285677306,0.4896186748322794,0.2608741051634527,0.0,0.0035949912928873286,0.0032966512037294403,18.84887071530458,81.07505798339844,12.00452435316328,72.5683364868164,17.286185097210375,76.92922973632812
seat_role,bidder,229625,0.30484485574305936,0.30484485574305936,0.30484485574305936,0.30484485574305936,0.17163636363636364,0.8907087642896027,-3.572800410424316,17.726144307777393,0.21917396372873676,0.31912086562934394,4.430964967932926,0.05955108685497913,0.07096972691972685,19.2806414694599,81.21697998046875,11.559151542972142,66.6924057006836,17.81970249680418,77.07115173339844
seat_role,bidder_partner,171211,0.40885223496153866,0.40885223496153866,0.40885223496153866,0.40885223496153866,0.193404629375449,0.8355362681136141,0.12612681046250077,14.788319377778391,0.2580112868626849,0.2566323940887572,3.2639530647562336,0.05330005922574644,0.04530558643279928,16.552948071122128,85.0433349609375,10.245548229135506,66.37973022460938,15.225370035987229,80.3714599609375
seat_role,left_setter,174658,0.40078324497017026,0.40078324497017026,0.40078324497017026,0.40078324497017026,0.19044647253489677,0.8404481901773753,-2.681798691601147,15.629573355596275,0.68391269394522,0.2967351687007903,3.4181644870992316,0.051975020219934526,0.05017187099828826,17.31156795913338,75.27528381347656,11.261901785676846,60.074668884277344,15.754384904115746,71.13777923583984
seat_role,right_setter,172811,0.40506680708982645,0.40506680708982645,0.40506680708982645,0.40506680708982645,0.18078131600418954,0.826718206595645,-2.265144799246119,14.360178043189276,0.6899607758074144,0.29104946635619083,3.6054031737691647,0.05232922049748052,0.0504037776794098,16.095354925230847,76.98865509033203,10.108910093287385,72.5683364868164,14.713007456217907,69.35895538330078
strategy_context,bidder_opening_lead,70000,0.14285714285714285,0.14285714285714285,0.14285714285714285,0.14285714285714285,0.13974285714285714,0.9976142857142857,-3.5896396503359163,22.870240305038863,0.2505089885242782,0.3443679546892046,6.309369922810196,0.07544265902316796,0.10277870162976906,22.88450901722908,58.450965881347656,12.84427709266969,34.26103210449219,21.56133132064002,55.78042984008789
strategy_context,called_suit_pressure,145235,0.4337797362894619,0.42023616896753535,0.4218129238819844,0.3813405859469136,0.22758976830653768,0.8340276104244845,5.57619946926661,15.926543676083181,0.5631725428706542,0.20439256029480396,3.300799590394474,0.04514687370662181,0.04586909436822616,17.27111916196338,73.46269989013672,10.597014957254835,62.97010803222656,16.09084788799572,69.35895538330078
strategy_context,defender_last_to_act_closure,24674,0.4052849152954527,0.4052849152954527,0.4052849152954527,0.4052849152954527,0.199197535867715,0.950271540893248,-5.725595248204478,17.694677725562787,0.5952935350007762,0.3919428422064995,5.36457416588607,0.07032779518675826,0.06884323340084712,17.82393701861654,46.099674224853516,10.2788344872165,36.9881706237793,16.73629125687116,43.788421630859375
strategy_context,doubles_trump_regime,75330,0.3716978627372893,0.3716978627372893,0.3716978627372893,0.3716978627372893,0.17708748174697994,0.8653258993760786,-2.3855393223103003,15.052716712947765,0.4444649561066007,0.27303713437002836,2.78911237147962,0.04357712436282656,0.0402929788997439,17.696268721450192,71.28873443603516,10.970626358001768,64.36417388916016,16.351877398071835,66.83404541015625
strategy_context,first_setter_response,24798,0.40325832728445843,0.40325832728445843,0.40325832728445843,0.40325832728445843,0.23667231228324864,0.9895959351560609,-6.75993996373452,21.690421026960497,0.5863153433112455,0.40123921136900736,4.7713086594322345,0.06600452257445798,0.06471492745257855,21.015704565989854,55.694095611572266,13.94774286627183,44.87071990966797,19.346351327434817,52.84201431274414
strategy_context,first_trick,144113,0.2775599703010832,0.2775599703010832,0.2775599703010832,0.2775599703010832,0.17947027679668037,0.9836517177492662,-3.112699120130698,21.265921062665036,0.38834301800085025,0.3471711625976234,5.342623443841547,0.0683716772429821,0.07920679911416709,21.048194453910718,58.450965881347656,12.396759128004012,46.28881072998047,19.73088010164458,55.78042984008789
strategy_context,last_to_act,155132,0.4512286311012557,0.4512286311012557,0.4512286311012557,0.4512286311012557,0.1735360853982415,0.7716718665394632,-6.732987892797636,12.398620475826402,0.4347502890680413,0.3524204959287214,3.4323262145552293,0.04955390996939141,0.048466006769193486,14.335519452639653,71.820068359375,8.868289453708845,59.85443878173828,13.072234098782172,67.3653793334961
strategy_context,late_hand,208636,0.5751644011579976,0.5751644011579976,0.5751644011579976,0.5751644011579976,0.18267221380778007,0.5907082190992925,-1.2312957208813835,8.23107452668575,0.4687911827215737,0.18844127249727713,1.7539203993846442,0.028383934065470125,0.02603009856844965,11.352807654125314,81.80814361572266,7.58244807441201,72.5683364868164,9.937703568058744,77.07115173339844
strategy_context,no_trump_regime,74085,0.3779442532226497,0.3779442532226497,0.3779442532226497,0.3779442532226497,0.17686441249915638,0.8541945063103192,-3.2085973219990143,15.966467447628167,0.43096098165276303,0.3221628775673894,4.874437297684637,0.06669209301305655,0.0815135100981548,19.305197640995818,81.21697998046875,11.309055634140726,66.6924057006836,17.727545398078508,77.07115173339844
strategy_context,partner_count_donation,30446,0.41463574853839585,0.4227156276686593,0.4123694409774683,0.4026801550285752,0.19831833409971752,0.833442816790383,-0.156818327993149,14.397759446349676,0.28147885337136463,0.28939251476262673,4.324881224656792,0.06779578470913081,0.06252024556491059,16.266962863672518,82.86575317382812,10.356484722345822,59.45310592651367,14.86556923460402,78.87616729736328
strategy_context,partner_third_seat_support,24641,0.4058276855647092,0.4058276855647092,0.4058276855647092,0.4058276855647092,0.21500750781218295,0.9714297309362445,4.529065200235575,19.85720230201791,0.373439697675242,0.2558903159390918,3.149270835597168,0.04870797539290771,0.03720553608841288,19.092875788549115,51.3162956237793,11.685348078072117,46.28881072998047,17.916523718750714,48.6287956237793
strategy_context,setter_count_pressure,64203,0.38956123545628707,0.3836736601093407,0.3709951248384032,0.3687055122034796,0.16038191361774373,0.8333099699390994,-3.256509492719795,14.56311589319919,0.6485936968782445,0.3316404319507361,4.951853821202511,0.0766687834772601,0.07445010587053329,16.624525281657895,73.23207092285156,10.859345201386336,63.15927505493164,15.040483352631695,68.9779052734375
strategy_context,setter_lead_pressure,93909,0.30210097008806397,0.30210097008806397,0.30210097008806397,0.30210097008806397,0.1881395819357037,0.8510046960355238,0.28986507726170124,15.942368879395294,0.737300390188983,0.24699211872750376,4.299486867065426,0.0706387149869257,0.06788465407548953,17.938161262446698,73.23207092285156,10.879666224389855,60.074668884277344,16.629968260637035,68.9779052734375
team,defense,347469,0.4029136412169143,0.4029136412169143,0.4029136412169143,0.4029136412169143,0.18563958223611315,0.8336196898140553,-2.4745791244116573,14.998249486899027,0.6869206603384456,0.29390742893732197,3.511286189127665,0.05215117896837827,0.05028720797934641,16.70669388230428,76.98865509033203,10.68847035048834,72.5683364868164,15.23646394383246,71.13777923583984
team,offense,400836,0.34927002564639903,0.34927002564639903,0.34927002564639903,0.34927002564639903,0.18093434721432206,0.8671426718159048,-1.9928599150215756,16.471297078261912,0.23576273552340188,0.2924298655671355,3.932493585734758,0.05688105549195645,0.06000767970613487,18.11554872723413,85.0433349609375,10.998065869616246,66.6924057006836,16.71157285039285,80.3714599609375
trick_position,0,280000,0.25,0.25,0.25,0.25,0.17799285714285715,0.9086214285714286,-1.406956613033853,18.468616715112574,0.41051611460033827,0.2890980860432343,4.976606521148944,0.07119433799643952,0.08021703559782446,20.215173652433243,85.0433349609375,11.845535321576294,66.37973022460938,18.861984990613347,80.3714599609375
trick_position,1,155444,0.45032294588404825,0.45032294588404825,0.45032294588404825,0.45032294588404825,0.20003345256169425,0.8680682432258563,-6.341044961821256,15.982960912947878,0.44132509869584635,0.3437370496392197,2.756226173651493,0.04137103838040908,0.040761325371350396,17.31647963847773,81.80814361572266,11.83862750233116,72.5683364868164,15.602500322540449,77.07115173339844
trick_position,2,157729,0.44379917453353535,0.44379917453353535,0.44379917453353535,0.44379917453353535,0.18497549594557755,0.8126470084765642,4.853118905226829,14.16749449109434,0.5211235360011311,0.19203263578195381,2.802248300606796,0.04354431508320147,0.03303756558102966,15.78994997044469,75.27528381347656,10.07794287721879,66.6924057006836,14.317000852339131,71.13777923583984
trick_position,3,155132,0.4512286311012557,0.4512286311012557,0.4512286311012557,0.4512286311012557,0.1735360853982415,0.7716718665394632,-6.732987892797636,12.398620475826402,0.4347502890680413,0.3524204959287214,3.4323262145552293,0.04955390996939141,0.048466006769193486,14.335519452639653,71.820068359375,8.868289453708845,59.85443878173828,13.072234098782172,67.3653793334961
